timestamp,power_mW
2021-06-25 14:42:55.100,26386.0
2021-06-25 14:42:55.137,23996.0
2021-06-25 14:42:55.139,24714.0
2021-06-25 14:42:55.140,24036.0
2021-06-25 14:42:55.141,24462.0
2021-06-25 14:42:55.144,23668.0
2021-06-25 14:42:55.145,23986.0
2021-06-25 14:42:55.147,24740.0
2021-06-25 14:42:55.148,23262.0
2021-06-25 14:42:55.149,24656.0
2021-06-25 14:42:55.151,24818.0
2021-06-25 14:42:55.153,25304.0
2021-06-25 14:42:55.158,24308.0
2021-06-25 14:42:55.163,24220.0
2021-06-25 14:42:55.168,23508.0
2021-06-25 14:42:55.173,24108.0
2021-06-25 14:42:55.178,24494.0
2021-06-25 14:42:55.183,23554.0
2021-06-25 14:42:55.188,25926.0
2021-06-25 14:42:55.193,24822.0
2021-06-25 14:42:55.198,23672.0
2021-06-25 14:42:55.203,23826.0
2021-06-25 14:42:55.208,26248.0
2021-06-25 14:42:55.213,24714.0
2021-06-25 14:42:55.218,24012.0
2021-06-25 14:42:55.223,22918.0
2021-06-25 14:42:55.228,25170.0
2021-06-25 14:42:55.233,24248.0
2021-06-25 14:42:55.238,23282.0
2021-06-25 14:42:55.243,23400.0
2021-06-25 14:42:55.248,25608.0
2021-06-25 14:42:55.253,23410.0
2021-06-25 14:42:55.258,25310.0
2021-06-25 14:42:55.263,25176.0
2021-06-25 14:42:55.268,24484.0
2021-06-25 14:42:55.273,25632.0
2021-06-25 14:42:55.278,25638.0
2021-06-25 14:42:55.283,24148.0
2021-06-25 14:42:55.288,23678.0
2021-06-25 14:42:55.293,23026.0
2021-06-25 14:42:55.298,25822.0
2021-06-25 14:42:55.303,23472.0
2021-06-25 14:42:55.308,26440.0
2021-06-25 14:42:55.313,23884.0
2021-06-25 14:42:55.318,26454.0
2021-06-25 14:42:55.323,23786.0
2021-06-25 14:42:55.328,24566.0
2021-06-25 14:42:55.333,24102.0
2021-06-25 14:42:55.338,23400.0
2021-06-25 14:42:55.343,22702.0
2021-06-25 14:42:55.348,24740.0
2021-06-25 14:42:55.353,24266.0
2021-06-25 14:42:55.358,24094.0
2021-06-25 14:42:55.363,25252.0
2021-06-25 14:42:55.368,26094.0
2021-06-25 14:42:55.373,24114.0
2021-06-25 14:42:55.378,24828.0
2021-06-25 14:42:55.383,22918.0
2021-06-25 14:42:55.388,23822.0
2021-06-25 14:42:55.393,23620.0
2021-06-25 14:42:55.399,25094.0
2021-06-25 14:42:55.403,23804.0
2021-06-25 14:42:55.408,25008.0
2021-06-25 14:42:55.413,23342.0
2021-06-25 14:42:55.418,24216.0
2021-06-25 14:42:55.423,23332.0
2021-06-25 14:42:55.428,25680.0
2021-06-25 14:42:55.433,22752.0
2021-06-25 14:42:55.438,23262.0
2021-06-25 14:42:55.443,23948.0
2021-06-25 14:42:55.448,24724.0
2021-06-25 14:42:55.453,23370.0
2021-06-25 14:42:55.458,24284.0
2021-06-25 14:42:55.463,24710.0
2021-06-25 14:42:55.468,25706.0
2021-06-25 14:42:55.473,23148.0
2021-06-25 14:42:55.478,23974.0
2021-06-25 14:42:55.484,23350.0
2021-06-25 14:42:55.488,24222.0
2021-06-25 14:42:55.493,25140.0
2021-06-25 14:42:55.498,23770.0
2021-06-25 14:42:55.503,24730.0
2021-06-25 14:42:55.508,24088.0
2021-06-25 14:42:55.513,25236.0
2021-06-25 14:42:55.518,24344.0
2021-06-25 14:42:55.523,23606.0
2021-06-25 14:42:55.528,25516.0
2021-06-25 14:42:55.533,24356.0
2021-06-25 14:42:55.538,24590.0
2021-06-25 14:42:55.543,25448.0
2021-06-25 14:42:55.548,24648.0
2021-06-25 14:42:55.553,24396.0
2021-06-25 14:42:55.558,25192.0
2021-06-25 14:42:55.563,24718.0
2021-06-25 14:42:55.569,26034.0
2021-06-25 14:42:55.573,27202.0
2021-06-25 14:42:55.578,23532.0
2021-06-25 14:42:55.583,25294.0
2021-06-25 14:42:55.588,23902.0
2021-06-25 14:42:55.593,23544.0
2021-06-25 14:42:55.598,23188.0
2021-06-25 14:42:55.603,24328.0
2021-06-25 14:42:55.608,24842.0
2021-06-25 14:42:55.613,26176.0
2021-06-25 14:42:55.618,25216.0
2021-06-25 14:42:55.623,23374.0
2021-06-25 14:42:55.628,24920.0
2021-06-25 14:42:55.633,23614.0
2021-06-25 14:42:55.638,24120.0
2021-06-25 14:42:55.643,23394.0
2021-06-25 14:42:55.648,24606.0
2021-06-25 14:42:55.653,25262.0
2021-06-25 14:42:55.658,24586.0
2021-06-25 14:42:55.663,23072.0
2021-06-25 14:42:55.668,25000.0
2021-06-25 14:42:55.673,23580.0
2021-06-25 14:42:55.678,25434.0
2021-06-25 14:42:55.683,24206.0
2021-06-25 14:42:55.688,22990.0
2021-06-25 14:42:55.693,24048.0
2021-06-25 14:42:55.698,23848.0
2021-06-25 14:42:55.703,25766.0
2021-06-25 14:42:55.708,24284.0
2021-06-25 14:42:55.713,25346.0
2021-06-25 14:42:55.718,26962.0
2021-06-25 14:42:55.723,25792.0
2021-06-25 14:42:55.728,25618.0
2021-06-25 14:42:55.733,25252.0
2021-06-25 14:42:55.738,26222.0
2021-06-25 14:42:55.743,23846.0
2021-06-25 14:42:55.748,27182.0
2021-06-25 14:42:55.753,26260.0
2021-06-25 14:42:55.758,24936.0
2021-06-25 14:42:55.763,25670.0
2021-06-25 14:42:55.768,25924.0
2021-06-25 14:42:55.773,24010.0
2021-06-25 14:42:55.778,27014.0
2021-06-25 14:42:55.783,24360.0
2021-06-25 14:42:55.788,24360.0
2021-06-25 14:42:55.793,24930.0
2021-06-25 14:42:55.798,27172.0
2021-06-25 14:42:55.803,24638.0
2021-06-25 14:42:55.808,24386.0
2021-06-25 14:42:55.813,24586.0
2021-06-25 14:42:55.818,24646.0
2021-06-25 14:42:55.823,24826.0
2021-06-25 14:42:55.828,24186.0
2021-06-25 14:42:55.833,24356.0
2021-06-25 14:42:55.838,24272.0
2021-06-25 14:42:55.843,23560.0
2021-06-25 14:42:55.848,24854.0
2021-06-25 14:42:55.853,24546.0
2021-06-25 14:42:55.858,24242.0
2021-06-25 14:42:55.863,23178.0
2021-06-25 14:42:55.868,24986.0
2021-06-25 14:42:55.873,25458.0
2021-06-25 14:42:55.878,24156.0
2021-06-25 14:42:55.883,23768.0
2021-06-25 14:42:55.888,23292.0
2021-06-25 14:42:55.893,25304.0
2021-06-25 14:42:55.898,23898.0
2021-06-25 14:42:55.903,25662.0
2021-06-25 14:42:55.908,25962.0
2021-06-25 14:42:55.913,24898.0
2021-06-25 14:42:55.918,24574.0
2021-06-25 14:42:55.923,25202.0
2021-06-25 14:42:55.928,24684.0
2021-06-25 14:42:55.933,23368.0
2021-06-25 14:42:55.938,25160.0
2021-06-25 14:42:55.943,23822.0
2021-06-25 14:42:55.948,24754.0
2021-06-25 14:42:55.953,23840.0
2021-06-25 14:42:55.958,26894.0
2021-06-25 14:42:55.963,25828.0
2021-06-25 14:42:55.968,26274.0
2021-06-25 14:42:55.973,27516.0
2021-06-25 14:42:55.978,25134.0
2021-06-25 14:42:55.983,24930.0
2021-06-25 14:42:55.988,25516.0
2021-06-25 14:42:55.993,27466.0
2021-06-25 14:42:55.998,26658.0
2021-06-25 14:42:56.003,25192.0
2021-06-25 14:42:56.008,25550.0
2021-06-25 14:42:56.013,25788.0
2021-06-25 14:42:56.018,29250.0
2021-06-25 14:42:56.023,27686.0
2021-06-25 14:42:56.028,26486.0
2021-06-25 14:42:56.033,29322.0
2021-06-25 14:42:56.039,25356.0
2021-06-25 14:42:56.043,25294.0
2021-06-25 14:42:56.048,25232.0
2021-06-25 14:42:56.053,26316.0
2021-06-25 14:42:56.058,26778.0
2021-06-25 14:42:56.063,25524.0
2021-06-25 14:42:56.068,26192.0
2021-06-25 14:42:56.073,27460.0
2021-06-25 14:42:56.078,26968.0
2021-06-25 14:42:56.083,25490.0
2021-06-25 14:42:56.088,27194.0
2021-06-25 14:42:56.093,26434.0
2021-06-25 14:42:56.098,25058.0
2021-06-25 14:42:56.103,27526.0
2021-06-25 14:42:56.108,25772.0
2021-06-25 14:42:56.113,27292.0
2021-06-25 14:42:56.118,26740.0
2021-06-25 14:42:56.124,27198.0
2021-06-25 14:42:56.128,26480.0
2021-06-25 14:42:56.133,26958.0
2021-06-25 14:42:56.138,25858.0
2021-06-25 14:42:56.143,25978.0
2021-06-25 14:42:56.148,26006.0
2021-06-25 14:42:56.153,25062.0
2021-06-25 14:42:56.158,28616.0
2021-06-25 14:42:56.163,26202.0
2021-06-25 14:42:56.168,26386.0
2021-06-25 14:42:56.173,26186.0
2021-06-25 14:42:56.178,24928.0
2021-06-25 14:42:56.183,24852.0
2021-06-25 14:42:56.188,25064.0
2021-06-25 14:42:56.193,26404.0
2021-06-25 14:42:56.198,25888.0
2021-06-25 14:42:56.203,26202.0
2021-06-25 14:42:56.209,27722.0
2021-06-25 14:42:56.213,27804.0
2021-06-25 14:42:56.218,25536.0
2021-06-25 14:42:56.223,27120.0
2021-06-25 14:42:56.228,25798.0
2021-06-25 14:42:56.233,25562.0
2021-06-25 14:42:56.238,24908.0
2021-06-25 14:42:56.243,26264.0
2021-06-25 14:42:56.248,25444.0
2021-06-25 14:42:56.253,27234.0
2021-06-25 14:42:56.258,25520.0
2021-06-25 14:42:56.263,28420.0
2021-06-25 14:42:56.268,25766.0
2021-06-25 14:42:56.273,27558.0
2021-06-25 14:42:56.278,25592.0
2021-06-25 14:42:56.283,25896.0
2021-06-25 14:42:56.288,26310.0
2021-06-25 14:42:56.293,26900.0
2021-06-25 14:42:56.298,26968.0
2021-06-25 14:42:56.303,26404.0
2021-06-25 14:42:56.308,27378.0
2021-06-25 14:42:56.313,26886.0
2021-06-25 14:42:56.318,25572.0
2021-06-25 14:42:56.323,26876.0
2021-06-25 14:42:56.328,27162.0
2021-06-25 14:42:56.333,25026.0
2021-06-25 14:42:56.338,24828.0
2021-06-25 14:42:56.343,25838.0
2021-06-25 14:42:56.348,24964.0
2021-06-25 14:42:56.353,26962.0
2021-06-25 14:42:56.358,25032.0
2021-06-25 14:42:56.363,27178.0
2021-06-25 14:42:56.368,26834.0
2021-06-25 14:42:56.373,25354.0
2021-06-25 14:42:56.378,25670.0
2021-06-25 14:42:56.383,24638.0
2021-06-25 14:42:56.388,24878.0
2021-06-25 14:42:56.393,26916.0
2021-06-25 14:42:56.398,24934.0
2021-06-25 14:42:56.403,25952.0
2021-06-25 14:42:56.408,26640.0
2021-06-25 14:42:56.413,26450.0
2021-06-25 14:42:56.418,25408.0
2021-06-25 14:42:56.423,25644.0
2021-06-25 14:42:56.428,25324.0
2021-06-25 14:42:56.433,26392.0
2021-06-25 14:42:56.438,26976.0
2021-06-25 14:42:56.443,25166.0
2021-06-25 14:42:56.448,26722.0
2021-06-25 14:42:56.453,27542.0
2021-06-25 14:42:56.458,26198.0
2021-06-25 14:42:56.463,27850.0
2021-06-25 14:42:56.468,27090.0
2021-06-25 14:42:56.473,26546.0
2021-06-25 14:42:56.478,25376.0
2021-06-25 14:42:56.483,25920.0
2021-06-25 14:42:56.488,27126.0
2021-06-25 14:42:56.493,25952.0
2021-06-25 14:42:56.498,26470.0
2021-06-25 14:42:56.503,26506.0
2021-06-25 14:42:56.508,27054.0
2021-06-25 14:42:56.513,26608.0
2021-06-25 14:42:56.518,27366.0
2021-06-25 14:42:56.523,28296.0
2021-06-25 14:42:56.528,25798.0
2021-06-25 14:42:56.533,26428.0
2021-06-25 14:42:56.538,24990.0
2021-06-25 14:42:56.543,26566.0
2021-06-25 14:42:56.548,24780.0
2021-06-25 14:42:56.553,25192.0
2021-06-25 14:42:56.558,26476.0
2021-06-25 14:42:56.563,26588.0
2021-06-25 14:42:56.568,26694.0
2021-06-25 14:42:56.573,25638.0
2021-06-25 14:42:56.578,24746.0
2021-06-25 14:42:56.583,25434.0
2021-06-25 14:42:56.588,27074.0
2021-06-25 14:42:56.593,28698.0
2021-06-25 14:42:56.598,24068.0
2021-06-25 14:42:56.603,26686.0
2021-06-25 14:42:56.608,26362.0
2021-06-25 14:42:56.613,26608.0
2021-06-25 14:42:56.618,25376.0
2021-06-25 14:42:56.623,28136.0
2021-06-25 14:42:56.628,26748.0
2021-06-25 14:42:56.633,27224.0
2021-06-25 14:42:56.638,27142.0
2021-06-25 14:42:56.643,25208.0
2021-06-25 14:42:56.648,26894.0
2021-06-25 14:42:56.653,25284.0
2021-06-25 14:42:56.658,25970.0
2021-06-25 14:42:56.663,28302.0
2021-06-25 14:42:56.668,27074.0
2021-06-25 14:42:56.673,27758.0
2021-06-25 14:42:56.679,25136.0
2021-06-25 14:42:56.683,27300.0
2021-06-25 14:42:56.688,25272.0
2021-06-25 14:42:56.693,26778.0
2021-06-25 14:42:56.698,25516.0
2021-06-25 14:42:56.703,26542.0
2021-06-25 14:42:56.708,26132.0
2021-06-25 14:42:56.713,27264.0
2021-06-25 14:42:56.718,28040.0
2021-06-25 14:42:56.723,27130.0
2021-06-25 14:42:56.728,27988.0
2021-06-25 14:42:56.733,27310.0
2021-06-25 14:42:56.738,26988.0
2021-06-25 14:42:56.743,25458.0
2021-06-25 14:42:56.748,26572.0
2021-06-25 14:42:56.753,25880.0
2021-06-25 14:42:56.758,25978.0
2021-06-25 14:42:56.764,27450.0
2021-06-25 14:42:56.768,26244.0
2021-06-25 14:42:56.773,27546.0
2021-06-25 14:42:56.778,26890.0
2021-06-25 14:42:56.783,27594.0
2021-06-25 14:42:56.788,24744.0
2021-06-25 14:42:56.793,25684.0
2021-06-25 14:42:56.798,27080.0
2021-06-25 14:42:56.803,26300.0
2021-06-25 14:42:56.808,26900.0
2021-06-25 14:42:56.813,26496.0
2021-06-25 14:42:56.818,27358.0
2021-06-25 14:42:56.823,26720.0
2021-06-25 14:42:56.828,26730.0
2021-06-25 14:42:56.833,25098.0
2021-06-25 14:42:56.838,26504.0
2021-06-25 14:42:56.843,25028.0
2021-06-25 14:42:56.849,25936.0
2021-06-25 14:42:56.853,26106.0
2021-06-25 14:42:56.858,26510.0
2021-06-25 14:42:56.863,26866.0
2021-06-25 14:42:56.868,25516.0
2021-06-25 14:42:56.873,26976.0
2021-06-25 14:42:56.878,27302.0
2021-06-25 14:42:56.883,26232.0
2021-06-25 14:42:56.888,27048.0
2021-06-25 14:42:56.893,27148.0
2021-06-25 14:42:56.898,25680.0
2021-06-25 14:42:56.903,27374.0
2021-06-25 14:42:56.908,26352.0
2021-06-25 14:42:56.913,28272.0
2021-06-25 14:42:56.918,25914.0
2021-06-25 14:42:56.923,28826.0
2021-06-25 14:42:56.928,26038.0
2021-06-25 14:42:56.933,27414.0
2021-06-25 14:42:56.938,25580.0
2021-06-25 14:42:56.943,26726.0
2021-06-25 14:42:56.948,26160.0
2021-06-25 14:42:56.953,27274.0
2021-06-25 14:42:56.958,25452.0
2021-06-25 14:42:56.963,27084.0
2021-06-25 14:42:56.968,25642.0
2021-06-25 14:42:56.973,27670.0
2021-06-25 14:42:56.978,26152.0
2021-06-25 14:42:56.983,26422.0
2021-06-25 14:42:56.988,26496.0
2021-06-25 14:42:56.993,25822.0
2021-06-25 14:42:56.998,24576.0
2021-06-25 14:42:57.003,26366.0
2021-06-25 14:42:57.008,27074.0
2021-06-25 14:42:57.013,26542.0
2021-06-25 14:42:57.018,28516.0
2021-06-25 14:42:57.023,27212.0
2021-06-25 14:42:57.028,27994.0
2021-06-25 14:42:57.033,26952.0
2021-06-25 14:42:57.038,27146.0
2021-06-25 14:42:57.043,26680.0
2021-06-25 14:42:57.048,25006.0
2021-06-25 14:42:57.053,27346.0
2021-06-25 14:42:57.058,25878.0
2021-06-25 14:42:57.063,25242.0
2021-06-25 14:42:57.068,29092.0
2021-06-25 14:42:57.073,27654.0
2021-06-25 14:42:57.078,28108.0
2021-06-25 14:42:57.083,27382.0
2021-06-25 14:42:57.088,25602.0
2021-06-25 14:42:57.093,26874.0
2021-06-25 14:42:57.098,25418.0
2021-06-25 14:42:57.103,27444.0
2021-06-25 14:42:57.108,27012.0
2021-06-25 14:42:57.113,26568.0
2021-06-25 14:42:57.118,26808.0
2021-06-25 14:42:57.123,25510.0
2021-06-25 14:42:57.128,28030.0
2021-06-25 14:42:57.133,27064.0
2021-06-25 14:42:57.138,27434.0
2021-06-25 14:42:57.143,25526.0
2021-06-25 14:42:57.148,24954.0
2021-06-25 14:42:57.153,25300.0
2021-06-25 14:42:57.158,26398.0
2021-06-25 14:42:57.163,25360.0
2021-06-25 14:42:57.168,27086.0
2021-06-25 14:42:57.173,27240.0
2021-06-25 14:42:57.178,25608.0
2021-06-25 14:42:57.183,26776.0
2021-06-25 14:42:57.188,25510.0
2021-06-25 14:42:57.193,25448.0
2021-06-25 14:42:57.198,25746.0
2021-06-25 14:42:57.203,25244.0
2021-06-25 14:42:57.208,24954.0
2021-06-25 14:42:57.213,26730.0
2021-06-25 14:42:57.218,25170.0
2021-06-25 14:42:57.223,27168.0
2021-06-25 14:42:57.228,26566.0
2021-06-25 14:42:57.233,26142.0
2021-06-25 14:42:57.238,25146.0
2021-06-25 14:42:57.243,26658.0
2021-06-25 14:42:57.248,24718.0
2021-06-25 14:42:57.253,27316.0
2021-06-25 14:42:57.258,28144.0
2021-06-25 14:42:57.263,28742.0
2021-06-25 14:42:57.268,27728.0
2021-06-25 14:42:57.273,26772.0
2021-06-25 14:42:57.278,26238.0
2021-06-25 14:42:57.283,26044.0
2021-06-25 14:42:57.288,26710.0
2021-06-25 14:42:57.293,26362.0
2021-06-25 14:42:57.298,25360.0
2021-06-25 14:42:57.303,26594.0
2021-06-25 14:42:57.308,25816.0
2021-06-25 14:42:57.313,27060.0
2021-06-25 14:42:57.319,26808.0
2021-06-25 14:42:57.323,27428.0
2021-06-25 14:42:57.328,26712.0
2021-06-25 14:42:57.333,25658.0
2021-06-25 14:42:57.338,26332.0
2021-06-25 14:42:57.343,26172.0
2021-06-25 14:42:57.348,26186.0
2021-06-25 14:42:57.353,26402.0
2021-06-25 14:42:57.358,26736.0
2021-06-25 14:42:57.363,24936.0
2021-06-25 14:42:57.368,27926.0
2021-06-25 14:42:57.373,26664.0
2021-06-25 14:42:57.378,26516.0
2021-06-25 14:42:57.383,24864.0
2021-06-25 14:42:57.388,24746.0
2021-06-25 14:42:57.393,26160.0
2021-06-25 14:42:57.398,25760.0
2021-06-25 14:42:57.404,25366.0
2021-06-25 14:42:57.408,26444.0
2021-06-25 14:42:57.413,25416.0
2021-06-25 14:42:57.418,25992.0
2021-06-25 14:42:57.423,28662.0
2021-06-25 14:42:57.428,25268.0
2021-06-25 14:42:57.433,26542.0
2021-06-25 14:42:57.438,26054.0
2021-06-25 14:42:57.443,26376.0
2021-06-25 14:42:57.448,26902.0
2021-06-25 14:42:57.453,24626.0
2021-06-25 14:42:57.458,27952.0
2021-06-25 14:42:57.463,25762.0
2021-06-25 14:42:57.468,27120.0
2021-06-25 14:42:57.473,25926.0
2021-06-25 14:42:57.478,27038.0
2021-06-25 14:42:57.483,27014.0
2021-06-25 14:42:57.489,26024.0
2021-06-25 14:42:57.493,26542.0
2021-06-25 14:42:57.498,25664.0
2021-06-25 14:42:57.503,26572.0
2021-06-25 14:42:57.508,27250.0
2021-06-25 14:42:57.513,26516.0
2021-06-25 14:42:57.518,27864.0
2021-06-25 14:42:57.523,27214.0
2021-06-25 14:42:57.528,27342.0
2021-06-25 14:42:57.533,25756.0
2021-06-25 14:42:57.538,25854.0
2021-06-25 14:42:57.543,26660.0
2021-06-25 14:42:57.548,25742.0
2021-06-25 14:42:57.553,25470.0
2021-06-25 14:42:57.558,27546.0
2021-06-25 14:42:57.563,25952.0
2021-06-25 14:42:57.568,27182.0
2021-06-25 14:42:57.573,26818.0
2021-06-25 14:42:57.578,26808.0
2021-06-25 14:42:57.583,25468.0
2021-06-25 14:42:57.588,26264.0
2021-06-25 14:42:57.593,24890.0
2021-06-25 14:42:57.598,26206.0
2021-06-25 14:42:57.603,26710.0
2021-06-25 14:42:57.608,25786.0
2021-06-25 14:42:57.613,27024.0
2021-06-25 14:42:57.618,27664.0
2021-06-25 14:42:57.623,26644.0
2021-06-25 14:42:57.628,25828.0
2021-06-25 14:42:57.633,26476.0
2021-06-25 14:42:57.638,25700.0
2021-06-25 14:42:57.643,27438.0
2021-06-25 14:42:57.648,25052.0
2021-06-25 14:42:57.653,26156.0
2021-06-25 14:42:57.658,27162.0
2021-06-25 14:42:57.663,27146.0
2021-06-25 14:42:57.668,27908.0
2021-06-25 14:42:57.673,26078.0
2021-06-25 14:42:57.678,27264.0
2021-06-25 14:42:57.683,26940.0
2021-06-25 14:42:57.688,27564.0
2021-06-25 14:42:57.693,25618.0
2021-06-25 14:42:57.698,25838.0
2021-06-25 14:42:57.703,25144.0
2021-06-25 14:42:57.708,26946.0
2021-06-25 14:42:57.721,27686.0
2021-06-25 14:42:57.722,26450.0
2021-06-25 14:42:57.724,26664.0
2021-06-25 14:42:57.728,27336.0
2021-06-25 14:42:57.733,25334.0
2021-06-25 14:42:57.738,25680.0
2021-06-25 14:42:57.743,26300.0
2021-06-25 14:42:57.748,26234.0
2021-06-25 14:42:57.753,25606.0
2021-06-25 14:42:57.758,25118.0
2021-06-25 14:42:57.763,27548.0
2021-06-25 14:42:57.768,26958.0
2021-06-25 14:42:57.773,25022.0
2021-06-25 14:42:57.778,27618.0
2021-06-25 14:42:57.783,25370.0
2021-06-25 14:42:57.788,25560.0
2021-06-25 14:42:57.793,24882.0
2021-06-25 14:42:57.798,24884.0
2021-06-25 14:42:57.803,24576.0
2021-06-25 14:42:57.808,23642.0
2021-06-25 14:42:57.813,24570.0
2021-06-25 14:42:57.818,24494.0
2021-06-25 14:42:57.823,25242.0
2021-06-25 14:42:57.828,24422.0
2021-06-25 14:42:57.833,23034.0
2021-06-25 14:42:57.838,23370.0
2021-06-25 14:42:57.843,23114.0
2021-06-25 14:42:57.848,23584.0
2021-06-25 14:42:57.853,24140.0
2021-06-25 14:42:57.858,24546.0
2021-06-25 14:42:57.863,23288.0
2021-06-25 14:42:57.868,25500.0
2021-06-25 14:42:57.873,24982.0
2021-06-25 14:42:57.878,24396.0
2021-06-25 14:42:57.883,24692.0
2021-06-25 14:42:57.888,24134.0
2021-06-25 14:42:57.893,25058.0
2021-06-25 14:42:57.898,25952.0
2021-06-25 14:42:57.903,23452.0
2021-06-25 14:42:57.908,27012.0
2021-06-25 14:42:57.913,28008.0
2021-06-25 14:42:57.918,27130.0
2021-06-25 14:42:57.923,25982.0
2021-06-25 14:42:57.928,27060.0
2021-06-25 14:42:57.933,26984.0
2021-06-25 14:42:57.938,26984.0
2021-06-25 14:42:57.943,26850.0
2021-06-25 14:42:57.948,26480.0
2021-06-25 14:42:57.953,27148.0
2021-06-25 14:42:57.959,26152.0
2021-06-25 14:42:57.963,25474.0
2021-06-25 14:42:57.968,26686.0
2021-06-25 14:42:57.973,28642.0
2021-06-25 14:42:57.978,26858.0
2021-06-25 14:42:57.983,25310.0
2021-06-25 14:42:57.988,25474.0
2021-06-25 14:42:57.993,27050.0
2021-06-25 14:42:57.998,26740.0
2021-06-25 14:42:58.003,24944.0
2021-06-25 14:42:58.008,27178.0
2021-06-25 14:42:58.013,26350.0
2021-06-25 14:42:58.018,26006.0
2021-06-25 14:42:58.023,26926.0
2021-06-25 14:42:58.028,27402.0
2021-06-25 14:42:58.033,25608.0
2021-06-25 14:42:58.038,26340.0
2021-06-25 14:42:58.044,26186.0
2021-06-25 14:42:58.048,25654.0
2021-06-25 14:42:58.053,26758.0
2021-06-25 14:42:58.058,27574.0
2021-06-25 14:42:58.063,27438.0
2021-06-25 14:42:58.068,26258.0
2021-06-25 14:42:58.073,27094.0
2021-06-25 14:42:58.078,27146.0
2021-06-25 14:42:58.083,26834.0
2021-06-25 14:42:58.088,25658.0
2021-06-25 14:42:58.093,26206.0
2021-06-25 14:42:58.098,26150.0
2021-06-25 14:42:58.103,25000.0
2021-06-25 14:42:58.108,26422.0
2021-06-25 14:42:58.113,25730.0
2021-06-25 14:42:58.118,27378.0
2021-06-25 14:42:58.123,26278.0
2021-06-25 14:42:58.129,27742.0
2021-06-25 14:42:58.133,27440.0
2021-06-25 14:42:58.138,27572.0
2021-06-25 14:42:58.143,27322.0
2021-06-25 14:42:58.148,25324.0
2021-06-25 14:42:58.153,27398.0
2021-06-25 14:42:58.158,25048.0
2021-06-25 14:42:58.163,28424.0
2021-06-25 14:42:58.168,26670.0
2021-06-25 14:42:58.173,26670.0
2021-06-25 14:42:58.178,26576.0
2021-06-25 14:42:58.183,25480.0
2021-06-25 14:42:58.188,24940.0
2021-06-25 14:42:58.193,26290.0
2021-06-25 14:42:58.198,26756.0
2021-06-25 14:42:58.203,24678.0
2021-06-25 14:42:58.208,27174.0
2021-06-25 14:42:58.213,25770.0
2021-06-25 14:42:58.218,26290.0
2021-06-25 14:42:58.223,26064.0
2021-06-25 14:42:58.228,26332.0
2021-06-25 14:42:58.233,28290.0
2021-06-25 14:42:58.238,25510.0
2021-06-25 14:42:58.243,27018.0
2021-06-25 14:42:58.248,25026.0
2021-06-25 14:42:58.253,26264.0
2021-06-25 14:42:58.258,26408.0
2021-06-25 14:42:58.263,25880.0
2021-06-25 14:42:58.268,25454.0
2021-06-25 14:42:58.273,26434.0
2021-06-25 14:42:58.278,27142.0
2021-06-25 14:42:58.283,26418.0
2021-06-25 14:42:58.288,26330.0
2021-06-25 14:42:58.293,26876.0
2021-06-25 14:42:58.298,27034.0
2021-06-25 14:42:58.303,25766.0
2021-06-25 14:42:58.308,26244.0
2021-06-25 14:42:58.313,27292.0
2021-06-25 14:42:58.318,25530.0
2021-06-25 14:42:58.323,25588.0
2021-06-25 14:42:58.328,27146.0
2021-06-25 14:42:58.333,28036.0
2021-06-25 14:42:58.338,26074.0
2021-06-25 14:42:58.343,25602.0
2021-06-25 14:42:58.348,26808.0
2021-06-25 14:42:58.353,26192.0
2021-06-25 14:42:58.358,26034.0
2021-06-25 14:42:58.363,26948.0
2021-06-25 14:42:58.368,25612.0
2021-06-25 14:42:58.373,27628.0
2021-06-25 14:42:58.378,24992.0
2021-06-25 14:42:58.383,26864.0
2021-06-25 14:42:58.388,25226.0
2021-06-25 14:42:58.393,25998.0
2021-06-25 14:42:58.398,25566.0
2021-06-25 14:42:58.403,25426.0
2021-06-25 14:42:58.408,25670.0
2021-06-25 14:42:58.413,27310.0
2021-06-25 14:42:58.418,28574.0
2021-06-25 14:42:58.423,29124.0
2021-06-25 14:42:58.428,28000.0
2021-06-25 14:42:58.433,28306.0
2021-06-25 14:42:58.438,28302.0
2021-06-25 14:42:58.443,29196.0
2021-06-25 14:42:58.448,28728.0
2021-06-25 14:42:58.453,28516.0
2021-06-25 14:42:58.458,27266.0
2021-06-25 14:42:58.463,27522.0
2021-06-25 14:42:58.468,28958.0
2021-06-25 14:42:58.473,29124.0
2021-06-25 14:42:58.478,28806.0
2021-06-25 14:42:58.483,27864.0
2021-06-25 14:42:58.488,27274.0
2021-06-25 14:42:58.493,26988.0
2021-06-25 14:42:58.498,28162.0
2021-06-25 14:42:58.503,27908.0
2021-06-25 14:42:58.508,27754.0
2021-06-25 14:42:58.513,30154.0
2021-06-25 14:42:58.518,29142.0
2021-06-25 14:42:58.523,29194.0
2021-06-25 14:42:58.528,30098.0
2021-06-25 14:42:58.533,28408.0
2021-06-25 14:42:58.538,27060.0
2021-06-25 14:42:58.543,29252.0
2021-06-25 14:42:58.548,27656.0
2021-06-25 14:42:58.553,29016.0
2021-06-25 14:42:58.558,29488.0
2021-06-25 14:42:58.563,29052.0
2021-06-25 14:42:58.568,28702.0
2021-06-25 14:42:58.573,30422.0
2021-06-25 14:42:58.578,28488.0
2021-06-25 14:42:58.583,27948.0
2021-06-25 14:42:58.588,28380.0
2021-06-25 14:42:58.593,27716.0
2021-06-25 14:42:58.599,28830.0
2021-06-25 14:42:58.603,27184.0
2021-06-25 14:42:58.608,26726.0
2021-06-25 14:42:58.613,28456.0
2021-06-25 14:42:58.618,27274.0
2021-06-25 14:42:58.623,29766.0
2021-06-25 14:42:58.628,29078.0
2021-06-25 14:42:58.633,28372.0
2021-06-25 14:42:58.638,26516.0
2021-06-25 14:42:58.643,29266.0
2021-06-25 14:42:58.648,28440.0
2021-06-25 14:42:58.653,28716.0
2021-06-25 14:42:58.658,27122.0
2021-06-25 14:42:58.663,26532.0
2021-06-25 14:42:58.668,27366.0
2021-06-25 14:42:58.673,27332.0
2021-06-25 14:42:58.678,26376.0
2021-06-25 14:42:58.684,26408.0
2021-06-25 14:42:58.688,25550.0
2021-06-25 14:42:58.693,27080.0
2021-06-25 14:42:58.698,26612.0
2021-06-25 14:42:58.703,26722.0
2021-06-25 14:42:58.708,26100.0
2021-06-25 14:42:58.713,26794.0
2021-06-25 14:42:58.718,26424.0
2021-06-25 14:42:58.723,26830.0
2021-06-25 14:42:58.728,28128.0
2021-06-25 14:42:58.733,27630.0
2021-06-25 14:42:58.738,26316.0
2021-06-25 14:42:58.743,26034.0
2021-06-25 14:42:58.748,26496.0
2021-06-25 14:42:58.753,26684.0
2021-06-25 14:42:58.758,26546.0
2021-06-25 14:42:58.763,25524.0
2021-06-25 14:42:58.769,26556.0
2021-06-25 14:42:58.773,26828.0
2021-06-25 14:42:58.778,26244.0
2021-06-25 14:42:58.783,27132.0
2021-06-25 14:42:58.788,26814.0
2021-06-25 14:42:58.793,26752.0
2021-06-25 14:42:58.798,25540.0
2021-06-25 14:42:58.803,26018.0
2021-06-25 14:42:58.808,27184.0
2021-06-25 14:42:58.813,26592.0
2021-06-25 14:42:58.818,26300.0
2021-06-25 14:42:58.823,26940.0
2021-06-25 14:42:58.828,27116.0
2021-06-25 14:42:58.833,27454.0
2021-06-25 14:42:58.838,29148.0
2021-06-25 14:42:58.843,25894.0
2021-06-25 14:42:58.848,27024.0
2021-06-25 14:42:58.853,26162.0
2021-06-25 14:42:58.858,25458.0
2021-06-25 14:42:58.863,26900.0
2021-06-25 14:42:58.868,26984.0
2021-06-25 14:42:58.873,26274.0
2021-06-25 14:42:58.878,27332.0
2021-06-25 14:42:58.883,26526.0
2021-06-25 14:42:58.888,27358.0
2021-06-25 14:42:58.893,26126.0
2021-06-25 14:42:58.898,25900.0
2021-06-25 14:42:58.903,27040.0
2021-06-25 14:42:58.908,25452.0
2021-06-25 14:42:58.913,27138.0
2021-06-25 14:42:58.918,27076.0
2021-06-25 14:42:58.923,26968.0
2021-06-25 14:42:58.928,27538.0
2021-06-25 14:42:58.933,27136.0
2021-06-25 14:42:58.938,25812.0
2021-06-25 14:42:58.943,27034.0
2021-06-25 14:42:58.948,25190.0
2021-06-25 14:42:58.953,26766.0
2021-06-25 14:42:58.958,25952.0
2021-06-25 14:42:58.963,27624.0
2021-06-25 14:42:58.968,25566.0
2021-06-25 14:42:58.973,27352.0
2021-06-25 14:42:58.978,25262.0
2021-06-25 14:42:58.983,26248.0
2021-06-25 14:42:58.988,26468.0
2021-06-25 14:42:58.993,25652.0
2021-06-25 14:42:58.998,26198.0
2021-06-25 14:42:59.003,26212.0
2021-06-25 14:42:59.008,26360.0
2021-06-25 14:42:59.013,27244.0
2021-06-25 14:42:59.018,27106.0
2021-06-25 14:42:59.023,26034.0
2021-06-25 14:42:59.028,25058.0
2021-06-25 14:42:59.033,28502.0
2021-06-25 14:42:59.038,25406.0
2021-06-25 14:42:59.043,25940.0
2021-06-25 14:42:59.048,25258.0
2021-06-25 14:42:59.053,27070.0
2021-06-25 14:42:59.058,25016.0
2021-06-25 14:42:59.063,27080.0
2021-06-25 14:42:59.068,27440.0
2021-06-25 14:42:59.073,25150.0
2021-06-25 14:42:59.078,27398.0
2021-06-25 14:42:59.083,27702.0
2021-06-25 14:42:59.088,25000.0
2021-06-25 14:42:59.093,26114.0
2021-06-25 14:42:59.098,27132.0
2021-06-25 14:42:59.103,25618.0
2021-06-25 14:42:59.108,25688.0
2021-06-25 14:42:59.113,26186.0
2021-06-25 14:42:59.118,25838.0
2021-06-25 14:42:59.123,27110.0
2021-06-25 14:42:59.128,27584.0
2021-06-25 14:42:59.133,26206.0
2021-06-25 14:42:59.138,25996.0
2021-06-25 14:42:59.143,27600.0
2021-06-25 14:42:59.148,26644.0
2021-06-25 14:42:59.153,26214.0
2021-06-25 14:42:59.158,26090.0
2021-06-25 14:42:59.163,26300.0
2021-06-25 14:42:59.168,27748.0
2021-06-25 14:42:59.173,27290.0
2021-06-25 14:42:59.178,28574.0
2021-06-25 14:42:59.183,26490.0
2021-06-25 14:42:59.188,26900.0
2021-06-25 14:42:59.193,26376.0
2021-06-25 14:42:59.198,25920.0
2021-06-25 14:42:59.203,25582.0
2021-06-25 14:42:59.208,26320.0
2021-06-25 14:42:59.213,25904.0
2021-06-25 14:42:59.218,27332.0
2021-06-25 14:42:59.223,26946.0
2021-06-25 14:42:59.228,26808.0
2021-06-25 14:42:59.233,26096.0
2021-06-25 14:42:59.239,26280.0
2021-06-25 14:42:59.243,25552.0
2021-06-25 14:42:59.248,25700.0
2021-06-25 14:42:59.253,26758.0
2021-06-25 14:42:59.258,25058.0
2021-06-25 14:42:59.263,27706.0
2021-06-25 14:42:59.268,26880.0
2021-06-25 14:42:59.273,25588.0
2021-06-25 14:42:59.278,26850.0
2021-06-25 14:42:59.283,25586.0
2021-06-25 14:42:59.288,26614.0
2021-06-25 14:42:59.293,26546.0
2021-06-25 14:42:59.298,26804.0
2021-06-25 14:42:59.303,26080.0
2021-06-25 14:42:59.308,25956.0
2021-06-25 14:42:59.313,27112.0
2021-06-25 14:42:59.318,25504.0
2021-06-25 14:42:59.324,27528.0
2021-06-25 14:42:59.328,25638.0
2021-06-25 14:42:59.333,27670.0
2021-06-25 14:42:59.338,28072.0
2021-06-25 14:42:59.343,26984.0
2021-06-25 14:42:59.348,26192.0
2021-06-25 14:42:59.353,25216.0
2021-06-25 14:42:59.358,27034.0
2021-06-25 14:42:59.363,25360.0
2021-06-25 14:42:59.368,25448.0
2021-06-25 14:42:59.373,26440.0
2021-06-25 14:42:59.378,26840.0
2021-06-25 14:42:59.383,26412.0
2021-06-25 14:42:59.388,25618.0
2021-06-25 14:42:59.393,24656.0
2021-06-25 14:42:59.398,26504.0
2021-06-25 14:42:59.403,24898.0
2021-06-25 14:42:59.409,26432.0
2021-06-25 14:42:59.413,26542.0
2021-06-25 14:42:59.418,25740.0
2021-06-25 14:42:59.423,27374.0
2021-06-25 14:42:59.428,26726.0
2021-06-25 14:42:59.433,27470.0
2021-06-25 14:42:59.438,26932.0
2021-06-25 14:42:59.443,25252.0
2021-06-25 14:42:59.448,27040.0
2021-06-25 14:42:59.453,26876.0
2021-06-25 14:42:59.458,24964.0
2021-06-25 14:42:59.463,26778.0
2021-06-25 14:42:59.468,25072.0
2021-06-25 14:42:59.473,27384.0
2021-06-25 14:42:59.478,25926.0
2021-06-25 14:42:59.483,27060.0
2021-06-25 14:42:59.488,26106.0
2021-06-25 14:42:59.493,25536.0
2021-06-25 14:42:59.498,25422.0
2021-06-25 14:42:59.503,26894.0
2021-06-25 14:42:59.508,24976.0
2021-06-25 14:42:59.513,26552.0
2021-06-25 14:42:59.518,25978.0
2021-06-25 14:42:59.523,27404.0
2021-06-25 14:42:59.528,26264.0
2021-06-25 14:42:59.533,27234.0
2021-06-25 14:42:59.538,27054.0
2021-06-25 14:42:59.543,26396.0
2021-06-25 14:42:59.548,25434.0
2021-06-25 14:42:59.553,27202.0
2021-06-25 14:42:59.558,25238.0
2021-06-25 14:42:59.563,26648.0
2021-06-25 14:42:59.568,25976.0
2021-06-25 14:42:59.573,26408.0
2021-06-25 14:42:59.578,26848.0
2021-06-25 14:42:59.583,27352.0
2021-06-25 14:42:59.588,25598.0
2021-06-25 14:42:59.593,25104.0
2021-06-25 14:42:59.598,25780.0
2021-06-25 14:42:59.603,24810.0
2021-06-25 14:42:59.608,26268.0
2021-06-25 14:42:59.613,25996.0
2021-06-25 14:42:59.618,28426.0
2021-06-25 14:42:59.623,27044.0
2021-06-25 14:42:59.628,26936.0
2021-06-25 14:42:59.633,25396.0
2021-06-25 14:42:59.638,26932.0
2021-06-25 14:42:59.643,25480.0
2021-06-25 14:42:59.648,25998.0
2021-06-25 14:42:59.653,26208.0
2021-06-25 14:42:59.658,24656.0
2021-06-25 14:42:59.663,25606.0
2021-06-25 14:42:59.668,25254.0
2021-06-25 14:42:59.673,27342.0
2021-06-25 14:42:59.678,26402.0
2021-06-25 14:42:59.683,27214.0
2021-06-25 14:42:59.688,25988.0
2021-06-25 14:42:59.693,25324.0
2021-06-25 14:42:59.698,26064.0
2021-06-25 14:42:59.703,25694.0
2021-06-25 14:42:59.708,26408.0
2021-06-25 14:42:59.713,25780.0
2021-06-25 14:42:59.718,27394.0
2021-06-25 14:42:59.723,26658.0
2021-06-25 14:42:59.728,26100.0
2021-06-25 14:42:59.733,27450.0
2021-06-25 14:42:59.738,26676.0
2021-06-25 14:42:59.743,27564.0
2021-06-25 14:42:59.748,25572.0
2021-06-25 14:42:59.753,25546.0
2021-06-25 14:42:59.758,25904.0
2021-06-25 14:42:59.763,26008.0
2021-06-25 14:42:59.768,26786.0
2021-06-25 14:42:59.773,26232.0
2021-06-25 14:42:59.778,28440.0
2021-06-25 14:42:59.783,27132.0
2021-06-25 14:42:59.788,24862.0
2021-06-25 14:42:59.793,25494.0
2021-06-25 14:42:59.798,25038.0
2021-06-25 14:42:59.803,27466.0
2021-06-25 14:42:59.808,26558.0
2021-06-25 14:42:59.813,24736.0
2021-06-25 14:42:59.818,27148.0
2021-06-25 14:42:59.823,26350.0
2021-06-25 14:42:59.828,26494.0
2021-06-25 14:42:59.833,25976.0
2021-06-25 14:42:59.838,26998.0
2021-06-25 14:42:59.843,27028.0
2021-06-25 14:42:59.848,27152.0
2021-06-25 14:42:59.853,25448.0
2021-06-25 14:42:59.858,26258.0
2021-06-25 14:42:59.863,26094.0
2021-06-25 14:42:59.868,26926.0
2021-06-25 14:42:59.873,25582.0
2021-06-25 14:42:59.879,28374.0
2021-06-25 14:42:59.883,27158.0
2021-06-25 14:42:59.888,28426.0
2021-06-25 14:42:59.893,25618.0
2021-06-25 14:42:59.898,27872.0
2021-06-25 14:42:59.903,26756.0
2021-06-25 14:42:59.908,25798.0
2021-06-25 14:42:59.913,25382.0
2021-06-25 14:42:59.918,27906.0
2021-06-25 14:42:59.923,27778.0
2021-06-25 14:42:59.928,26444.0
2021-06-25 14:42:59.933,27620.0
2021-06-25 14:42:59.938,26486.0
2021-06-25 14:42:59.943,26640.0
2021-06-25 14:42:59.948,27378.0
2021-06-25 14:42:59.953,27526.0
2021-06-25 14:42:59.958,27280.0
2021-06-25 14:42:59.964,27772.0
2021-06-25 14:42:59.968,26022.0
2021-06-25 14:42:59.973,27280.0
2021-06-25 14:42:59.978,26396.0
2021-06-25 14:42:59.983,26976.0
2021-06-25 14:42:59.988,26490.0
2021-06-25 14:42:59.993,25710.0
2021-06-25 14:42:59.998,25510.0
2021-06-25 14:43:00.003,25300.0
2021-06-25 14:43:00.008,25960.0
2021-06-25 14:43:00.013,26632.0
2021-06-25 14:43:00.018,25392.0
2021-06-25 14:43:00.023,25756.0
2021-06-25 14:43:00.028,29250.0
2021-06-25 14:43:00.033,25766.0
2021-06-25 14:43:00.038,29246.0
2021-06-25 14:43:00.043,25000.0
2021-06-25 14:43:00.049,25622.0
2021-06-25 14:43:00.053,25484.0
2021-06-25 14:43:00.058,28652.0
2021-06-25 14:43:00.063,25192.0
2021-06-25 14:43:00.068,26422.0
2021-06-25 14:43:00.073,26668.0
2021-06-25 14:43:00.078,28226.0
2021-06-25 14:43:00.083,25196.0
2021-06-25 14:43:00.088,28958.0
2021-06-25 14:43:00.093,26366.0
2021-06-25 14:43:00.098,25970.0
2021-06-25 14:43:00.103,26592.0
2021-06-25 14:43:00.108,26060.0
2021-06-25 14:43:00.113,26902.0
2021-06-25 14:43:00.118,25806.0
2021-06-25 14:43:00.123,27188.0
2021-06-25 14:43:00.128,28040.0
2021-06-25 14:43:00.133,25848.0
2021-06-25 14:43:00.138,26746.0
2021-06-25 14:43:00.143,26038.0
2021-06-25 14:43:00.148,25926.0
2021-06-25 14:43:00.153,26808.0
2021-06-25 14:43:00.158,26232.0
2021-06-25 14:43:00.163,27100.0
2021-06-25 14:43:00.168,27810.0
2021-06-25 14:43:00.173,25770.0
2021-06-25 14:43:00.178,27374.0
2021-06-25 14:43:00.183,26828.0
2021-06-25 14:43:00.188,26940.0
2021-06-25 14:43:00.193,26994.0
2021-06-25 14:43:00.198,24266.0
2021-06-25 14:43:00.203,26414.0
2021-06-25 14:43:00.208,25360.0
2021-06-25 14:43:00.213,26526.0
2021-06-25 14:43:00.218,24966.0
2021-06-25 14:43:00.223,25616.0
2021-06-25 14:43:00.228,27492.0
2021-06-25 14:43:00.233,27542.0
2021-06-25 14:43:00.238,26612.0
2021-06-25 14:43:00.243,26602.0
2021-06-25 14:43:00.248,28100.0
2021-06-25 14:43:00.253,25074.0
2021-06-25 14:43:00.258,26658.0
2021-06-25 14:43:00.263,27014.0
2021-06-25 14:43:00.268,25560.0
2021-06-25 14:43:00.281,27998.0
2021-06-25 14:43:00.282,25822.0
2021-06-25 14:43:00.284,25622.0
2021-06-25 14:43:00.288,27692.0
2021-06-25 14:43:00.293,26084.0
2021-06-25 14:43:00.298,26732.0
2021-06-25 14:43:00.303,25088.0
2021-06-25 14:43:00.308,25382.0
2021-06-25 14:43:00.313,25172.0
2021-06-25 14:43:00.318,26976.0
2021-06-25 14:43:00.323,26558.0
2021-06-25 14:43:00.328,26794.0
2021-06-25 14:43:00.333,25488.0
2021-06-25 14:43:00.338,26176.0
2021-06-25 14:43:00.343,27634.0
2021-06-25 14:43:00.348,25662.0
2021-06-25 14:43:00.353,27056.0
2021-06-25 14:43:00.358,25202.0
2021-06-25 14:43:00.363,26762.0
2021-06-25 14:43:00.368,25742.0
2021-06-25 14:43:00.373,26214.0
2021-06-25 14:43:00.378,27112.0
2021-06-25 14:43:00.383,28162.0
2021-06-25 14:43:00.388,26710.0
2021-06-25 14:43:00.393,27090.0
2021-06-25 14:43:00.398,26768.0
2021-06-25 14:43:00.403,25232.0
2021-06-25 14:43:00.408,26448.0
2021-06-25 14:43:00.413,26008.0
2021-06-25 14:43:00.418,25284.0
2021-06-25 14:43:00.423,26972.0
2021-06-25 14:43:00.428,25146.0
2021-06-25 14:43:00.433,25622.0
2021-06-25 14:43:00.438,27674.0
2021-06-25 14:43:00.443,26788.0
2021-06-25 14:43:00.448,25524.0
2021-06-25 14:43:00.453,27070.0
2021-06-25 14:43:00.458,25074.0
2021-06-25 14:43:00.463,26870.0
2021-06-25 14:43:00.468,25736.0
2021-06-25 14:43:00.473,26476.0
2021-06-25 14:43:00.478,25360.0
2021-06-25 14:43:00.483,27208.0
2021-06-25 14:43:00.488,26860.0
2021-06-25 14:43:00.493,27572.0
2021-06-25 14:43:00.498,25408.0
2021-06-25 14:43:00.503,27120.0
2021-06-25 14:43:00.508,25048.0
2021-06-25 14:43:00.513,25372.0
2021-06-25 14:43:00.519,27074.0
2021-06-25 14:43:00.523,27076.0
2021-06-25 14:43:00.528,25298.0
2021-06-25 14:43:00.533,26124.0
2021-06-25 14:43:00.538,25992.0
2021-06-25 14:43:00.543,26586.0
2021-06-25 14:43:00.548,25598.0
2021-06-25 14:43:00.553,26232.0
2021-06-25 14:43:00.558,26550.0
2021-06-25 14:43:00.563,25756.0
2021-06-25 14:43:00.568,24944.0
2021-06-25 14:43:00.573,25832.0
2021-06-25 14:43:00.578,26940.0
2021-06-25 14:43:00.583,25940.0
2021-06-25 14:43:00.588,26034.0
2021-06-25 14:43:00.593,28034.0
2021-06-25 14:43:00.598,25212.0
2021-06-25 14:43:00.604,26352.0
2021-06-25 14:43:00.608,24786.0
2021-06-25 14:43:00.613,25536.0
2021-06-25 14:43:00.618,26106.0
2021-06-25 14:43:00.623,26386.0
2021-06-25 14:43:00.628,26582.0
2021-06-25 14:43:00.633,25508.0
2021-06-25 14:43:00.638,27240.0
2021-06-25 14:43:00.643,26654.0
2021-06-25 14:43:00.648,27066.0
2021-06-25 14:43:00.653,26618.0
2021-06-25 14:43:00.658,26948.0
2021-06-25 14:43:00.663,25212.0
2021-06-25 14:43:00.668,27100.0
2021-06-25 14:43:00.673,25966.0
2021-06-25 14:43:00.678,27306.0
2021-06-25 14:43:00.683,25726.0
2021-06-25 14:43:00.689,27388.0
2021-06-25 14:43:00.693,27546.0
2021-06-25 14:43:00.698,25474.0
2021-06-25 14:43:00.703,28266.0
2021-06-25 14:43:00.708,25808.0
2021-06-25 14:43:00.713,27284.0
2021-06-25 14:43:00.718,25606.0
2021-06-25 14:43:00.723,27074.0
2021-06-25 14:43:00.728,25798.0
2021-06-25 14:43:00.733,26316.0
2021-06-25 14:43:00.738,27856.0
2021-06-25 14:43:00.743,27030.0
2021-06-25 14:43:00.748,26632.0
2021-06-25 14:43:00.753,27830.0
2021-06-25 14:43:00.758,26414.0
2021-06-25 14:43:00.763,27270.0
2021-06-25 14:43:00.768,25336.0
2021-06-25 14:43:00.773,27460.0
2021-06-25 14:43:00.778,27666.0
2021-06-25 14:43:00.783,26902.0
2021-06-25 14:43:00.788,26962.0
2021-06-25 14:43:00.793,26958.0
2021-06-25 14:43:00.798,25860.0
2021-06-25 14:43:00.803,26418.0
2021-06-25 14:43:00.808,27208.0
2021-06-25 14:43:00.813,25654.0
2021-06-25 14:43:00.818,25170.0
2021-06-25 14:43:00.823,27300.0
2021-06-25 14:43:00.828,25848.0
2021-06-25 14:43:00.833,27532.0
2021-06-25 14:43:00.838,26022.0
2021-06-25 14:43:00.843,27676.0
2021-06-25 14:43:00.848,25248.0
2021-06-25 14:43:00.853,27204.0
2021-06-25 14:43:00.858,27382.0
2021-06-25 14:43:00.863,26604.0
2021-06-25 14:43:00.868,25316.0
2021-06-25 14:43:00.873,25904.0
2021-06-25 14:43:00.878,27718.0
2021-06-25 14:43:00.883,26486.0
2021-06-25 14:43:00.888,27774.0
2021-06-25 14:43:00.893,24816.0
2021-06-25 14:43:00.898,25860.0
2021-06-25 14:43:00.903,24826.0
2021-06-25 14:43:00.908,26822.0
2021-06-25 14:43:00.913,27248.0
2021-06-25 14:43:00.918,25278.0
2021-06-25 14:43:00.923,27224.0
2021-06-25 14:43:00.928,26372.0
2021-06-25 14:43:00.933,28856.0
2021-06-25 14:43:00.938,25816.0
2021-06-25 14:43:00.943,27060.0
2021-06-25 14:43:00.948,25062.0
2021-06-25 14:43:00.953,27444.0
2021-06-25 14:43:00.958,26404.0
2021-06-25 14:43:00.963,26958.0
2021-06-25 14:43:00.968,27230.0
2021-06-25 14:43:00.973,25550.0
2021-06-25 14:43:00.978,27454.0
2021-06-25 14:43:00.983,26104.0
2021-06-25 14:43:00.988,25326.0
2021-06-25 14:43:00.993,27948.0
2021-06-25 14:43:00.998,25098.0
2021-06-25 14:43:01.003,25684.0
2021-06-25 14:43:01.008,26270.0
2021-06-25 14:43:01.013,25726.0
2021-06-25 14:43:01.018,26414.0
2021-06-25 14:43:01.023,25300.0
2021-06-25 14:43:01.028,27834.0
2021-06-25 14:43:01.033,27388.0
2021-06-25 14:43:01.038,26522.0
2021-06-25 14:43:01.043,26140.0
2021-06-25 14:43:01.048,25674.0
2021-06-25 14:43:01.053,25680.0
2021-06-25 14:43:01.058,26680.0
2021-06-25 14:43:01.063,24928.0
2021-06-25 14:43:01.068,26894.0
2021-06-25 14:43:01.073,27592.0
2021-06-25 14:43:01.078,27266.0
2021-06-25 14:43:01.083,25896.0
2021-06-25 14:43:01.088,28072.0
2021-06-25 14:43:01.093,27372.0
2021-06-25 14:43:01.098,25724.0
2021-06-25 14:43:01.103,26052.0
2021-06-25 14:43:01.108,26176.0
2021-06-25 14:43:01.113,26848.0
2021-06-25 14:43:01.118,26978.0
2021-06-25 14:43:01.123,27568.0
2021-06-25 14:43:01.128,25986.0
2021-06-25 14:43:01.133,27256.0
2021-06-25 14:43:01.138,25664.0
2021-06-25 14:43:01.143,28562.0
2021-06-25 14:43:01.148,25346.0
2021-06-25 14:43:01.153,25228.0
2021-06-25 14:43:01.159,26942.0
2021-06-25 14:43:01.163,26838.0
2021-06-25 14:43:01.168,26654.0
2021-06-25 14:43:01.173,25776.0
2021-06-25 14:43:01.178,25998.0
2021-06-25 14:43:01.183,27020.0
2021-06-25 14:43:01.188,27290.0
2021-06-25 14:43:01.193,28354.0
2021-06-25 14:43:01.198,27368.0
2021-06-25 14:43:01.203,26598.0
2021-06-25 14:43:01.208,27086.0
2021-06-25 14:43:01.213,26514.0
2021-06-25 14:43:01.218,26168.0
2021-06-25 14:43:01.223,26268.0
2021-06-25 14:43:01.228,26942.0
2021-06-25 14:43:01.233,25706.0
2021-06-25 14:43:01.238,27356.0
2021-06-25 14:43:01.244,26510.0
2021-06-25 14:43:01.248,25986.0
2021-06-25 14:43:01.253,27404.0
2021-06-25 14:43:01.258,24900.0
2021-06-25 14:43:01.263,26376.0
2021-06-25 14:43:01.268,24980.0
2021-06-25 14:43:01.273,27264.0
2021-06-25 14:43:01.278,26242.0
2021-06-25 14:43:01.283,26002.0
2021-06-25 14:43:01.288,26588.0
2021-06-25 14:43:01.293,26018.0
2021-06-25 14:43:01.298,28226.0
2021-06-25 14:43:01.303,28224.0
2021-06-25 14:43:01.308,26830.0
2021-06-25 14:43:01.313,26870.0
2021-06-25 14:43:01.318,26552.0
2021-06-25 14:43:01.323,27938.0
2021-06-25 14:43:01.329,26378.0
2021-06-25 14:43:01.333,28616.0
2021-06-25 14:43:01.338,26166.0
2021-06-25 14:43:01.343,28036.0
2021-06-25 14:43:01.348,29118.0
2021-06-25 14:43:01.353,27982.0
2021-06-25 14:43:01.358,27676.0
2021-06-25 14:43:01.363,25828.0
2021-06-25 14:43:01.368,27954.0
2021-06-25 14:43:01.373,27480.0
2021-06-25 14:43:01.378,28132.0
2021-06-25 14:43:01.383,26690.0
2021-06-25 14:43:01.388,27034.0
2021-06-25 14:43:01.393,26136.0
2021-06-25 14:43:01.398,27506.0
2021-06-25 14:43:01.403,27066.0
2021-06-25 14:43:01.408,26476.0
2021-06-25 14:43:01.413,26730.0
2021-06-25 14:43:01.418,26586.0
2021-06-25 14:43:01.423,25868.0
2021-06-25 14:43:01.428,27168.0
2021-06-25 14:43:01.433,25752.0
2021-06-25 14:43:01.438,25526.0
2021-06-25 14:43:01.443,26356.0
2021-06-25 14:43:01.448,27528.0
2021-06-25 14:43:01.453,26068.0
2021-06-25 14:43:01.458,26942.0
2021-06-25 14:43:01.463,25464.0
2021-06-25 14:43:01.468,26064.0
2021-06-25 14:43:01.473,25090.0
2021-06-25 14:43:01.478,27018.0
2021-06-25 14:43:01.483,25982.0
2021-06-25 14:43:01.488,24802.0
2021-06-25 14:43:01.493,27292.0
2021-06-25 14:43:01.498,26280.0
2021-06-25 14:43:01.503,26858.0
2021-06-25 14:43:01.508,25484.0
2021-06-25 14:43:01.513,25690.0
2021-06-25 14:43:01.518,27146.0
2021-06-25 14:43:01.523,26196.0
2021-06-25 14:43:01.528,27764.0
2021-06-25 14:43:01.533,26510.0
2021-06-25 14:43:01.538,26936.0
2021-06-25 14:43:01.543,25536.0
2021-06-25 14:43:01.548,27172.0
2021-06-25 14:43:01.553,26346.0
2021-06-25 14:43:01.558,27106.0
2021-06-25 14:43:01.563,26096.0
2021-06-25 14:43:01.568,26624.0
2021-06-25 14:43:01.573,27310.0
2021-06-25 14:43:01.578,27276.0
2021-06-25 14:43:01.583,28580.0
2021-06-25 14:43:01.588,26212.0
2021-06-25 14:43:01.593,26530.0
2021-06-25 14:43:01.598,26018.0
2021-06-25 14:43:01.603,25988.0
2021-06-25 14:43:01.608,26712.0
2021-06-25 14:43:01.613,25478.0
2021-06-25 14:43:01.618,25580.0
2021-06-25 14:43:01.623,26850.0
2021-06-25 14:43:01.628,25776.0
2021-06-25 14:43:01.633,25988.0
2021-06-25 14:43:01.638,27320.0
2021-06-25 14:43:01.643,26940.0
2021-06-25 14:43:01.648,26132.0
2021-06-25 14:43:01.653,24746.0
2021-06-25 14:43:01.658,25462.0
2021-06-25 14:43:01.663,26834.0
2021-06-25 14:43:01.668,26254.0
2021-06-25 14:43:01.673,26602.0
2021-06-25 14:43:01.678,26228.0
2021-06-25 14:43:01.683,26984.0
2021-06-25 14:43:01.688,27096.0
2021-06-25 14:43:01.693,27280.0
2021-06-25 14:43:01.698,26418.0
2021-06-25 14:43:01.703,27574.0
2021-06-25 14:43:01.708,26922.0
2021-06-25 14:43:01.713,26132.0
2021-06-25 14:43:01.718,25268.0
2021-06-25 14:43:01.723,26910.0
2021-06-25 14:43:01.728,26848.0
2021-06-25 14:43:01.733,26716.0
2021-06-25 14:43:01.738,27588.0
2021-06-25 14:43:01.743,26818.0
2021-06-25 14:43:01.748,27392.0
2021-06-25 14:43:01.753,26792.0
2021-06-25 14:43:01.758,26968.0
2021-06-25 14:43:01.763,27168.0
2021-06-25 14:43:01.768,26398.0
2021-06-25 14:43:01.773,26566.0
2021-06-25 14:43:01.778,26812.0
2021-06-25 14:43:01.783,27162.0
2021-06-25 14:43:01.788,26870.0
2021-06-25 14:43:01.793,27038.0
2021-06-25 14:43:01.799,28108.0
2021-06-25 14:43:01.803,28040.0
2021-06-25 14:43:01.808,26736.0
2021-06-25 14:43:01.813,24928.0
2021-06-25 14:43:01.818,26360.0
2021-06-25 14:43:01.823,27102.0
2021-06-25 14:43:01.828,25334.0
2021-06-25 14:43:01.833,27174.0
2021-06-25 14:43:01.838,26002.0
2021-06-25 14:43:01.843,25196.0
2021-06-25 14:43:01.848,27208.0
2021-06-25 14:43:01.853,26214.0
2021-06-25 14:43:01.858,25316.0
2021-06-25 14:43:01.863,25098.0
2021-06-25 14:43:01.868,26562.0
2021-06-25 14:43:01.873,27702.0
2021-06-25 14:43:01.878,26150.0
2021-06-25 14:43:01.884,27066.0
2021-06-25 14:43:01.888,26550.0
2021-06-25 14:43:01.893,27558.0
2021-06-25 14:43:01.898,27634.0
2021-06-25 14:43:01.903,25200.0
2021-06-25 14:43:01.908,26530.0
2021-06-25 14:43:01.913,25776.0
2021-06-25 14:43:01.918,26772.0
2021-06-25 14:43:01.923,26368.0
2021-06-25 14:43:01.928,25842.0
2021-06-25 14:43:01.933,27184.0
2021-06-25 14:43:01.938,28132.0
2021-06-25 14:43:01.943,25966.0
2021-06-25 14:43:01.948,27936.0
2021-06-25 14:43:01.953,25976.0
2021-06-25 14:43:01.958,26690.0
2021-06-25 14:43:01.963,26332.0
2021-06-25 14:43:01.969,26664.0
2021-06-25 14:43:01.973,26932.0
2021-06-25 14:43:01.978,27012.0
2021-06-25 14:43:01.983,25484.0
2021-06-25 14:43:01.988,28404.0
2021-06-25 14:43:01.993,25952.0
2021-06-25 14:43:01.998,26404.0
2021-06-25 14:43:02.003,24930.0
2021-06-25 14:43:02.008,26450.0
2021-06-25 14:43:02.013,26136.0
2021-06-25 14:43:02.018,25334.0
2021-06-25 14:43:02.023,25860.0
2021-06-25 14:43:02.028,26052.0
2021-06-25 14:43:02.033,26060.0
2021-06-25 14:43:02.038,28106.0
2021-06-25 14:43:02.043,27012.0
2021-06-25 14:43:02.048,26514.0
2021-06-25 14:43:02.053,25868.0
2021-06-25 14:43:02.058,25048.0
2021-06-25 14:43:02.063,26212.0
2021-06-25 14:43:02.068,26058.0
2021-06-25 14:43:02.073,26450.0
2021-06-25 14:43:02.078,26172.0
2021-06-25 14:43:02.083,25796.0
2021-06-25 14:43:02.088,27872.0
2021-06-25 14:43:02.093,27548.0
2021-06-25 14:43:02.098,26604.0
2021-06-25 14:43:02.103,27496.0
2021-06-25 14:43:02.108,25828.0
2021-06-25 14:43:02.113,26982.0
2021-06-25 14:43:02.118,26668.0
2021-06-25 14:43:02.123,26998.0
2021-06-25 14:43:02.128,25612.0
2021-06-25 14:43:02.133,27402.0
2021-06-25 14:43:02.138,26212.0
2021-06-25 14:43:02.143,25750.0
2021-06-25 14:43:02.148,28522.0
2021-06-25 14:43:02.153,26690.0
2021-06-25 14:43:02.158,26912.0
2021-06-25 14:43:02.163,26704.0
2021-06-25 14:43:02.168,25054.0
2021-06-25 14:43:02.173,26398.0
2021-06-25 14:43:02.178,26926.0
2021-06-25 14:43:02.183,26152.0
2021-06-25 14:43:02.188,26984.0
2021-06-25 14:43:02.193,28482.0
2021-06-25 14:43:02.198,26244.0
2021-06-25 14:43:02.203,25662.0
2021-06-25 14:43:02.208,25324.0
2021-06-25 14:43:02.213,26572.0
2021-06-25 14:43:02.218,26690.0
2021-06-25 14:43:02.223,24960.0
2021-06-25 14:43:02.228,26576.0
2021-06-25 14:43:02.233,26448.0
2021-06-25 14:43:02.238,26736.0
2021-06-25 14:43:02.243,27106.0
2021-06-25 14:43:02.248,26060.0
2021-06-25 14:43:02.253,26912.0
2021-06-25 14:43:02.258,25750.0
2021-06-25 14:43:02.263,26812.0
2021-06-25 14:43:02.268,27440.0
2021-06-25 14:43:02.273,24980.0
2021-06-25 14:43:02.278,26940.0
2021-06-25 14:43:02.283,25914.0
2021-06-25 14:43:02.288,27674.0
2021-06-25 14:43:02.293,25828.0
2021-06-25 14:43:02.298,28096.0
2021-06-25 14:43:02.303,26828.0
2021-06-25 14:43:02.308,27520.0
2021-06-25 14:43:02.313,26886.0
2021-06-25 14:43:02.318,26546.0
2021-06-25 14:43:02.323,25608.0
2021-06-25 14:43:02.328,27284.0
2021-06-25 14:43:02.333,27096.0
2021-06-25 14:43:02.338,27742.0
2021-06-25 14:43:02.343,27702.0
2021-06-25 14:43:02.348,27238.0
2021-06-25 14:43:02.353,27414.0
2021-06-25 14:43:02.358,26670.0
2021-06-25 14:43:02.363,27056.0
2021-06-25 14:43:02.368,26668.0
2021-06-25 14:43:02.373,26356.0
2021-06-25 14:43:02.378,26120.0
2021-06-25 14:43:02.383,26222.0
2021-06-25 14:43:02.388,27510.0
2021-06-25 14:43:02.393,25642.0
2021-06-25 14:43:02.398,27260.0
2021-06-25 14:43:02.403,27346.0
2021-06-25 14:43:02.408,26752.0
2021-06-25 14:43:02.413,27188.0
2021-06-25 14:43:02.418,27444.0
2021-06-25 14:43:02.423,25042.0
2021-06-25 14:43:02.428,26638.0
2021-06-25 14:43:02.433,25126.0
2021-06-25 14:43:02.439,27168.0
2021-06-25 14:43:02.443,25802.0
2021-06-25 14:43:02.448,24950.0
2021-06-25 14:43:02.453,27736.0
2021-06-25 14:43:02.458,26270.0
2021-06-25 14:43:02.463,25208.0
2021-06-25 14:43:02.468,27110.0
2021-06-25 14:43:02.473,25094.0
2021-06-25 14:43:02.478,27158.0
2021-06-25 14:43:02.483,27040.0
2021-06-25 14:43:02.488,26748.0
2021-06-25 14:43:02.493,26602.0
2021-06-25 14:43:02.498,25818.0
2021-06-25 14:43:02.503,27670.0
2021-06-25 14:43:02.508,28368.0
2021-06-25 14:43:02.513,25868.0
2021-06-25 14:43:02.518,27366.0
2021-06-25 14:43:02.524,25816.0
2021-06-25 14:43:02.528,25200.0
2021-06-25 14:43:02.533,28086.0
2021-06-25 14:43:02.538,26110.0
2021-06-25 14:43:02.543,27238.0
2021-06-25 14:43:02.548,27384.0
2021-06-25 14:43:02.553,26474.0
2021-06-25 14:43:02.558,24836.0
2021-06-25 14:43:02.563,24420.0
2021-06-25 14:43:02.568,26920.0
2021-06-25 14:43:02.573,26516.0
2021-06-25 14:43:02.578,27156.0
2021-06-25 14:43:02.583,27546.0
2021-06-25 14:43:02.588,25844.0
2021-06-25 14:43:02.593,28544.0
2021-06-25 14:43:02.598,26850.0
2021-06-25 14:43:02.603,27610.0
2021-06-25 14:43:02.609,25540.0
2021-06-25 14:43:02.613,26100.0
2021-06-25 14:43:02.618,24904.0
2021-06-25 14:43:02.623,27410.0
2021-06-25 14:43:02.628,26984.0
2021-06-25 14:43:02.633,25474.0
2021-06-25 14:43:02.638,27302.0
2021-06-25 14:43:02.643,25324.0
2021-06-25 14:43:02.648,27374.0
2021-06-25 14:43:02.653,26566.0
2021-06-25 14:43:02.658,27342.0
2021-06-25 14:43:02.663,25036.0
2021-06-25 14:43:02.668,26890.0
2021-06-25 14:43:02.673,27086.0
2021-06-25 14:43:02.678,25212.0
2021-06-25 14:43:02.683,25314.0
2021-06-25 14:43:02.688,27660.0
2021-06-25 14:43:02.693,25802.0
2021-06-25 14:43:02.698,27136.0
2021-06-25 14:43:02.703,26772.0
2021-06-25 14:43:02.708,25324.0
2021-06-25 14:43:02.713,26130.0
2021-06-25 14:43:02.718,25996.0
2021-06-25 14:43:02.723,26264.0
2021-06-25 14:43:02.728,26900.0
2021-06-25 14:43:02.733,26130.0
2021-06-25 14:43:02.738,25986.0
2021-06-25 14:43:02.743,27420.0
2021-06-25 14:43:02.748,27700.0
2021-06-25 14:43:02.753,29222.0
2021-06-25 14:43:02.758,26484.0
2021-06-25 14:43:02.763,27110.0
2021-06-25 14:43:02.768,25192.0
2021-06-25 14:43:02.773,27582.0
2021-06-25 14:43:02.778,25350.0
2021-06-25 14:43:02.783,25858.0
2021-06-25 14:43:02.788,26388.0
2021-06-25 14:43:02.793,28128.0
2021-06-25 14:43:02.798,27466.0
2021-06-25 14:43:02.803,26622.0
2021-06-25 14:43:02.808,26484.0
2021-06-25 14:43:02.813,26222.0
2021-06-25 14:43:02.818,25760.0
2021-06-25 14:43:02.823,24764.0
2021-06-25 14:43:02.828,25998.0
2021-06-25 14:43:02.841,24550.0
2021-06-25 14:43:02.842,24632.0
2021-06-25 14:43:02.844,25658.0
2021-06-25 14:43:02.848,25078.0
2021-06-25 14:43:02.853,23564.0
2021-06-25 14:43:02.858,23070.0
2021-06-25 14:43:02.863,23256.0
2021-06-25 14:43:02.868,23246.0
2021-06-25 14:43:02.873,24426.0
2021-06-25 14:43:02.878,23236.0
2021-06-25 14:43:02.883,25680.0
2021-06-25 14:43:02.888,25516.0
2021-06-25 14:43:02.893,24622.0
2021-06-25 14:43:02.898,24330.0
2021-06-25 14:43:02.903,27132.0
2021-06-25 14:43:02.908,24910.0
2021-06-25 14:43:02.913,24848.0
2021-06-25 14:43:02.918,23260.0
2021-06-25 14:43:02.923,24724.0
2021-06-25 14:43:02.928,23650.0
2021-06-25 14:43:02.933,25742.0
2021-06-25 14:43:02.938,25298.0
2021-06-25 14:43:02.943,27420.0
2021-06-25 14:43:02.948,25880.0
2021-06-25 14:43:02.953,28100.0
2021-06-25 14:43:02.958,25136.0
2021-06-25 14:43:02.963,28204.0
2021-06-25 14:43:02.968,24964.0
2021-06-25 14:43:02.973,26958.0
2021-06-25 14:43:02.978,24936.0
2021-06-25 14:43:02.983,27860.0
2021-06-25 14:43:02.988,26214.0
2021-06-25 14:43:02.993,26676.0
2021-06-25 14:43:02.998,25304.0
2021-06-25 14:43:03.003,26988.0
2021-06-25 14:43:03.008,26794.0
2021-06-25 14:43:03.013,24890.0
2021-06-25 14:43:03.018,25268.0
2021-06-25 14:43:03.023,26470.0
2021-06-25 14:43:03.028,24458.0
2021-06-25 14:43:03.033,27284.0
2021-06-25 14:43:03.038,26674.0
2021-06-25 14:43:03.043,27532.0
2021-06-25 14:43:03.048,25288.0
2021-06-25 14:43:03.053,26932.0
2021-06-25 14:43:03.058,26910.0
2021-06-25 14:43:03.063,27044.0
2021-06-25 14:43:03.068,26146.0
2021-06-25 14:43:03.073,24832.0
2021-06-25 14:43:03.079,25658.0
2021-06-25 14:43:03.083,27306.0
2021-06-25 14:43:03.088,24936.0
2021-06-25 14:43:03.093,27388.0
2021-06-25 14:43:03.098,27598.0
2021-06-25 14:43:03.103,26008.0
2021-06-25 14:43:03.108,26448.0
2021-06-25 14:43:03.113,26290.0
2021-06-25 14:43:03.118,26786.0
2021-06-25 14:43:03.123,27172.0
2021-06-25 14:43:03.128,28046.0
2021-06-25 14:43:03.133,25888.0
2021-06-25 14:43:03.138,24986.0
2021-06-25 14:43:03.143,28878.0
2021-06-25 14:43:03.148,27198.0
2021-06-25 14:43:03.153,26982.0
2021-06-25 14:43:03.158,26894.0
2021-06-25 14:43:03.164,27074.0
2021-06-25 14:43:03.168,26664.0
2021-06-25 14:43:03.173,27056.0
2021-06-25 14:43:03.178,23334.0
2021-06-25 14:43:03.183,23548.0
2021-06-25 14:43:03.188,24206.0
2021-06-25 14:43:03.193,25484.0
2021-06-25 14:43:03.198,24980.0
2021-06-25 14:43:03.203,24770.0
2021-06-25 14:43:03.208,23804.0
2021-06-25 14:43:03.213,23420.0
2021-06-25 14:43:03.218,25118.0
2021-06-25 14:43:03.223,22948.0
2021-06-25 14:43:03.228,24340.0
2021-06-25 14:43:03.233,24386.0
2021-06-25 14:43:03.238,23158.0
2021-06-25 14:43:03.243,26002.0
2021-06-25 14:43:03.249,24330.0
2021-06-25 14:43:03.253,26418.0
2021-06-25 14:43:03.258,23614.0
2021-06-25 14:43:03.263,22996.0
2021-06-25 14:43:03.268,24920.0
2021-06-25 14:43:03.273,24304.0
2021-06-25 14:43:03.278,24442.0
2021-06-25 14:43:03.283,23422.0
2021-06-25 14:43:03.288,24066.0
2021-06-25 14:43:03.293,25530.0
2021-06-25 14:43:03.298,25530.0
2021-06-25 14:43:03.303,24700.0
2021-06-25 14:43:03.308,23642.0
2021-06-25 14:43:03.313,23194.0
2021-06-25 14:43:03.318,25016.0
2021-06-25 14:43:03.323,22958.0
2021-06-25 14:43:03.328,24186.0
2021-06-25 14:43:03.333,23986.0
2021-06-25 14:43:03.338,25042.0
2021-06-25 14:43:03.343,25736.0
2021-06-25 14:43:03.348,24040.0
2021-06-25 14:43:03.353,25490.0
2021-06-25 14:43:03.358,24736.0
2021-06-25 14:43:03.363,25402.0
2021-06-25 14:43:03.368,23698.0
2021-06-25 14:43:03.373,23062.0
2021-06-25 14:43:03.378,23632.0
2021-06-25 14:43:03.383,24482.0
2021-06-25 14:43:03.388,25084.0
2021-06-25 14:43:03.393,23478.0
2021-06-25 14:43:03.398,24678.0
2021-06-25 14:43:03.403,25452.0
2021-06-25 14:43:03.408,23686.0
2021-06-25 14:43:03.413,23876.0
2021-06-25 14:43:03.418,24600.0
2021-06-25 14:43:03.423,23960.0
2021-06-25 14:43:03.428,24020.0
2021-06-25 14:43:03.433,24730.0
2021-06-25 14:43:03.438,24108.0
2021-06-25 14:43:03.443,25018.0
2021-06-25 14:43:03.448,25408.0
2021-06-25 14:43:03.453,23974.0
2021-06-25 14:43:03.458,24494.0
2021-06-25 14:43:03.463,24194.0
2021-06-25 14:43:03.468,23220.0
2021-06-25 14:43:03.473,24704.0
2021-06-25 14:43:03.478,25098.0
2021-06-25 14:43:03.483,24416.0
2021-06-25 14:43:03.488,23750.0
2021-06-25 14:43:03.493,25134.0
2021-06-25 14:43:03.498,25118.0
2021-06-25 14:43:03.503,26290.0
2021-06-25 14:43:03.508,25602.0
2021-06-25 14:43:03.513,24258.0
2021-06-25 14:43:03.518,24196.0
2021-06-25 14:43:03.523,23420.0
2021-06-25 14:43:03.528,23544.0
2021-06-25 14:43:03.533,25740.0
2021-06-25 14:43:03.538,24436.0
2021-06-25 14:43:03.543,23730.0
2021-06-25 14:43:03.548,26074.0
2021-06-25 14:43:03.553,24164.0
2021-06-25 14:43:03.558,26218.0
2021-06-25 14:43:03.563,24884.0
2021-06-25 14:43:03.568,24530.0
2021-06-25 14:43:03.573,23164.0
2021-06-25 14:43:03.578,23768.0
2021-06-25 14:43:03.583,24920.0
2021-06-25 14:43:03.588,25062.0
2021-06-25 14:43:03.593,25064.0
2021-06-25 14:43:03.598,25508.0
2021-06-25 14:43:03.603,24818.0
2021-06-25 14:43:03.608,26748.0
2021-06-25 14:43:03.613,23118.0
2021-06-25 14:43:03.618,25776.0
2021-06-25 14:43:03.623,23940.0
2021-06-25 14:43:03.628,24302.0
2021-06-25 14:43:03.633,23568.0
2021-06-25 14:43:03.638,23436.0
2021-06-25 14:43:03.643,25464.0
2021-06-25 14:43:03.648,24092.0
2021-06-25 14:43:03.653,24868.0
2021-06-25 14:43:03.658,23410.0
2021-06-25 14:43:03.663,23702.0
2021-06-25 14:43:03.668,24376.0
2021-06-25 14:43:03.673,24284.0
2021-06-25 14:43:03.678,24302.0
2021-06-25 14:43:03.683,25664.0
2021-06-25 14:43:03.688,25162.0
2021-06-25 14:43:03.693,24134.0
2021-06-25 14:43:03.698,25334.0
2021-06-25 14:43:03.703,24694.0
2021-06-25 14:43:03.708,25114.0
2021-06-25 14:43:03.713,24872.0
2021-06-25 14:43:03.719,26142.0
2021-06-25 14:43:03.723,23476.0
2021-06-25 14:43:03.728,23902.0
2021-06-25 14:43:03.733,25416.0
2021-06-25 14:43:03.738,28034.0
2021-06-25 14:43:03.743,26404.0
2021-06-25 14:43:03.748,27142.0
2021-06-25 14:43:03.753,25746.0
2021-06-25 14:43:03.758,27574.0
2021-06-25 14:43:03.763,26824.0
2021-06-25 14:43:03.768,25104.0
2021-06-25 14:43:03.773,27002.0
2021-06-25 14:43:03.778,25196.0
2021-06-25 14:43:03.783,26910.0
2021-06-25 14:43:03.788,25806.0
2021-06-25 14:43:03.793,25900.0
2021-06-25 14:43:03.798,27470.0
2021-06-25 14:43:03.804,25422.0
2021-06-25 14:43:03.808,25192.0
2021-06-25 14:43:03.813,25104.0
2021-06-25 14:43:03.818,26166.0
2021-06-25 14:43:03.823,25598.0
2021-06-25 14:43:03.828,26470.0
2021-06-25 14:43:03.833,26386.0
2021-06-25 14:43:03.838,24930.0
2021-06-25 14:43:03.843,26864.0
2021-06-25 14:43:03.848,28086.0
2021-06-25 14:43:03.853,25648.0
2021-06-25 14:43:03.858,26006.0
2021-06-25 14:43:03.863,25140.0
2021-06-25 14:43:03.868,26844.0
2021-06-25 14:43:03.873,26676.0
2021-06-25 14:43:03.878,24842.0
2021-06-25 14:43:03.883,27382.0
2021-06-25 14:43:03.889,25340.0
2021-06-25 14:43:03.893,25698.0
2021-06-25 14:43:03.898,26084.0
2021-06-25 14:43:03.903,27122.0
2021-06-25 14:43:03.908,25320.0
2021-06-25 14:43:03.913,27020.0
2021-06-25 14:43:03.918,26330.0
2021-06-25 14:43:03.923,25852.0
2021-06-25 14:43:03.928,26490.0
2021-06-25 14:43:03.933,26776.0
2021-06-25 14:43:03.938,26100.0
2021-06-25 14:43:03.943,27788.0
2021-06-25 14:43:03.948,27034.0
2021-06-25 14:43:03.953,27538.0
2021-06-25 14:43:03.958,25474.0
2021-06-25 14:43:03.963,27762.0
2021-06-25 14:43:03.968,27676.0
2021-06-25 14:43:03.973,27620.0
2021-06-25 14:43:03.978,26910.0
2021-06-25 14:43:03.983,26024.0
2021-06-25 14:43:03.988,28548.0
2021-06-25 14:43:03.993,28768.0
2021-06-25 14:43:03.998,28280.0
2021-06-25 14:43:04.003,27212.0
2021-06-25 14:43:04.008,27418.0
2021-06-25 14:43:04.013,27654.0
2021-06-25 14:43:04.018,28860.0
2021-06-25 14:43:04.023,29184.0
2021-06-25 14:43:04.028,28462.0
2021-06-25 14:43:04.033,30318.0
2021-06-25 14:43:04.038,28044.0
2021-06-25 14:43:04.043,27752.0
2021-06-25 14:43:04.048,28188.0
2021-06-25 14:43:04.053,27490.0
2021-06-25 14:43:04.058,29404.0
2021-06-25 14:43:04.063,26730.0
2021-06-25 14:43:04.068,29324.0
2021-06-25 14:43:04.073,28174.0
2021-06-25 14:43:04.078,28914.0
2021-06-25 14:43:04.083,29386.0
2021-06-25 14:43:04.088,29620.0
2021-06-25 14:43:04.093,29056.0
2021-06-25 14:43:04.098,30600.0
2021-06-25 14:43:04.103,30396.0
2021-06-25 14:43:04.108,31064.0
2021-06-25 14:43:04.113,28072.0
2021-06-25 14:43:04.118,30606.0
2021-06-25 14:43:04.123,29852.0
2021-06-25 14:43:04.128,30082.0
2021-06-25 14:43:04.133,29344.0
2021-06-25 14:43:04.138,29594.0
2021-06-25 14:43:04.143,30048.0
2021-06-25 14:43:04.148,31278.0
2021-06-25 14:43:04.153,29858.0
2021-06-25 14:43:04.158,30648.0
2021-06-25 14:43:04.163,28538.0
2021-06-25 14:43:04.168,27346.0
2021-06-25 14:43:04.173,27454.0
2021-06-25 14:43:04.178,27938.0
2021-06-25 14:43:04.183,28184.0
2021-06-25 14:43:04.188,28188.0
2021-06-25 14:43:04.193,29668.0
2021-06-25 14:43:04.198,29576.0
2021-06-25 14:43:04.203,28034.0
2021-06-25 14:43:04.208,29128.0
2021-06-25 14:43:04.213,28862.0
2021-06-25 14:43:04.218,27388.0
2021-06-25 14:43:04.223,27810.0
2021-06-25 14:43:04.228,27784.0
2021-06-25 14:43:04.233,27438.0
2021-06-25 14:43:04.238,27824.0
2021-06-25 14:43:04.243,26660.0
2021-06-25 14:43:04.248,28436.0
2021-06-25 14:43:04.253,27142.0
2021-06-25 14:43:04.258,28574.0
2021-06-25 14:43:04.263,27480.0
2021-06-25 14:43:04.268,27454.0
2021-06-25 14:43:04.273,27902.0
2021-06-25 14:43:04.278,28158.0
2021-06-25 14:43:04.283,27378.0
2021-06-25 14:43:04.288,28184.0
2021-06-25 14:43:04.293,27902.0
2021-06-25 14:43:04.298,29222.0
2021-06-25 14:43:04.303,28080.0
2021-06-25 14:43:04.308,28800.0
2021-06-25 14:43:04.313,28896.0
2021-06-25 14:43:04.318,29416.0
2021-06-25 14:43:04.323,26976.0
2021-06-25 14:43:04.328,27110.0
2021-06-25 14:43:04.333,29954.0
2021-06-25 14:43:04.338,29902.0
2021-06-25 14:43:04.343,29016.0
2021-06-25 14:43:04.348,28814.0
2021-06-25 14:43:04.353,29154.0
2021-06-25 14:43:04.359,28672.0
2021-06-25 14:43:04.363,28420.0
2021-06-25 14:43:04.368,28276.0
2021-06-25 14:43:04.373,27618.0
2021-06-25 14:43:04.378,28696.0
2021-06-25 14:43:04.383,27460.0
2021-06-25 14:43:04.388,29240.0
2021-06-25 14:43:04.393,28866.0
2021-06-25 14:43:04.398,28430.0
2021-06-25 14:43:04.403,28168.0
2021-06-25 14:43:04.408,28984.0
2021-06-25 14:43:04.413,28634.0
2021-06-25 14:43:04.418,28372.0
2021-06-25 14:43:04.423,28018.0
2021-06-25 14:43:04.428,28260.0
2021-06-25 14:43:04.433,27876.0
2021-06-25 14:43:04.438,27680.0
2021-06-25 14:43:04.444,28784.0
2021-06-25 14:43:04.448,28508.0
2021-06-25 14:43:04.453,28872.0
2021-06-25 14:43:04.458,30082.0
2021-06-25 14:43:04.463,30546.0
2021-06-25 14:43:04.468,30042.0
2021-06-25 14:43:04.473,28722.0
2021-06-25 14:43:04.478,27918.0
2021-06-25 14:43:04.483,27978.0
2021-06-25 14:43:04.488,29246.0
2021-06-25 14:43:04.493,28642.0
2021-06-25 14:43:04.498,29374.0
2021-06-25 14:43:04.503,30718.0
2021-06-25 14:43:04.508,30130.0
2021-06-25 14:43:04.513,29950.0
2021-06-25 14:43:04.518,28968.0
2021-06-25 14:43:04.523,28424.0
2021-06-25 14:43:04.529,29046.0
2021-06-25 14:43:04.533,29076.0
2021-06-25 14:43:04.538,28866.0
2021-06-25 14:43:04.543,28558.0
2021-06-25 14:43:04.548,30002.0
2021-06-25 14:43:04.553,29596.0
2021-06-25 14:43:04.558,30154.0
2021-06-25 14:43:04.563,28934.0
2021-06-25 14:43:04.568,29966.0
2021-06-25 14:43:04.573,29068.0
2021-06-25 14:43:04.578,29138.0
2021-06-25 14:43:04.583,29492.0
2021-06-25 14:43:04.588,29404.0
2021-06-25 14:43:04.593,29652.0
2021-06-25 14:43:04.598,30390.0
2021-06-25 14:43:04.603,30800.0
2021-06-25 14:43:04.608,31100.0
2021-06-25 14:43:04.613,30144.0
2021-06-25 14:43:04.618,29876.0
2021-06-25 14:43:04.623,29790.0
2021-06-25 14:43:04.628,27558.0
2021-06-25 14:43:04.633,29348.0
2021-06-25 14:43:04.638,28004.0
2021-06-25 14:43:04.643,28050.0
2021-06-25 14:43:04.648,28958.0
2021-06-25 14:43:04.653,28784.0
2021-06-25 14:43:04.658,29242.0
2021-06-25 14:43:04.663,29430.0
2021-06-25 14:43:04.668,27972.0
2021-06-25 14:43:04.673,29766.0
2021-06-25 14:43:04.678,28676.0
2021-06-25 14:43:04.683,30422.0
2021-06-25 14:43:04.688,29368.0
2021-06-25 14:43:04.693,29642.0
2021-06-25 14:43:04.698,28892.0
2021-06-25 14:43:04.703,28780.0
2021-06-25 14:43:04.708,28188.0
2021-06-25 14:43:04.713,27040.0
2021-06-25 14:43:04.718,29272.0
2021-06-25 14:43:04.723,28790.0
2021-06-25 14:43:04.728,29186.0
2021-06-25 14:43:04.733,28424.0
2021-06-25 14:43:04.738,29822.0
2021-06-25 14:43:04.743,29016.0
2021-06-25 14:43:04.748,29930.0
2021-06-25 14:43:04.753,30638.0
2021-06-25 14:43:04.758,28046.0
2021-06-25 14:43:04.763,29656.0
2021-06-25 14:43:04.768,30802.0
2021-06-25 14:43:04.773,29276.0
2021-06-25 14:43:04.778,30066.0
2021-06-25 14:43:04.783,27998.0
2021-06-25 14:43:04.788,30006.0
2021-06-25 14:43:04.793,28906.0
2021-06-25 14:43:04.798,30428.0
2021-06-25 14:43:04.803,28414.0
2021-06-25 14:43:04.808,29266.0
2021-06-25 14:43:04.813,28280.0
2021-06-25 14:43:04.818,28080.0
2021-06-25 14:43:04.823,29050.0
2021-06-25 14:43:04.828,28888.0
2021-06-25 14:43:04.833,27256.0
2021-06-25 14:43:04.838,29040.0
2021-06-25 14:43:04.843,29902.0
2021-06-25 14:43:04.848,28164.0
2021-06-25 14:43:04.853,26434.0
2021-06-25 14:43:04.858,27408.0
2021-06-25 14:43:04.863,27264.0
2021-06-25 14:43:04.868,27002.0
2021-06-25 14:43:04.873,28892.0
2021-06-25 14:43:04.878,28368.0
2021-06-25 14:43:04.883,26746.0
2021-06-25 14:43:04.888,27366.0
2021-06-25 14:43:04.893,27834.0
2021-06-25 14:43:04.898,29214.0
2021-06-25 14:43:04.903,28244.0
2021-06-25 14:43:04.908,27700.0
2021-06-25 14:43:04.913,29892.0
2021-06-25 14:43:04.918,26618.0
2021-06-25 14:43:04.923,28272.0
2021-06-25 14:43:04.928,29722.0
2021-06-25 14:43:04.933,29790.0
2021-06-25 14:43:04.938,28852.0
2021-06-25 14:43:04.943,28362.0
2021-06-25 14:43:04.948,29046.0
2021-06-25 14:43:04.953,27618.0
2021-06-25 14:43:04.958,27794.0
2021-06-25 14:43:04.963,30330.0
2021-06-25 14:43:04.968,28578.0
2021-06-25 14:43:04.973,28748.0
2021-06-25 14:43:04.978,31336.0
2021-06-25 14:43:04.983,30750.0
2021-06-25 14:43:04.988,28450.0
2021-06-25 14:43:04.993,30674.0
2021-06-25 14:43:04.999,30864.0
2021-06-25 14:43:05.003,31510.0
2021-06-25 14:43:05.008,30664.0
2021-06-25 14:43:05.013,28358.0
2021-06-25 14:43:05.018,28446.0
2021-06-25 14:43:05.023,28152.0
2021-06-25 14:43:05.028,27512.0
2021-06-25 14:43:05.033,28850.0
2021-06-25 14:43:05.038,29410.0
2021-06-25 14:43:05.043,27820.0
2021-06-25 14:43:05.048,29308.0
2021-06-25 14:43:05.053,29882.0
2021-06-25 14:43:05.058,28486.0
2021-06-25 14:43:05.063,28168.0
2021-06-25 14:43:05.068,27428.0
2021-06-25 14:43:05.073,30864.0
2021-06-25 14:43:05.078,29222.0
2021-06-25 14:43:05.084,28380.0
2021-06-25 14:43:05.088,29420.0
2021-06-25 14:43:05.093,29928.0
2021-06-25 14:43:05.098,28938.0
2021-06-25 14:43:05.103,30318.0
2021-06-25 14:43:05.108,28944.0
2021-06-25 14:43:05.113,27598.0
2021-06-25 14:43:05.118,28974.0
2021-06-25 14:43:05.123,29036.0
2021-06-25 14:43:05.128,29296.0
2021-06-25 14:43:05.133,28492.0
2021-06-25 14:43:05.138,29718.0
2021-06-25 14:43:05.143,28836.0
2021-06-25 14:43:05.148,29804.0
2021-06-25 14:43:05.153,31160.0
2021-06-25 14:43:05.158,29456.0
2021-06-25 14:43:05.163,28652.0
2021-06-25 14:43:05.169,29344.0
2021-06-25 14:43:05.173,29766.0
2021-06-25 14:43:05.178,28662.0
2021-06-25 14:43:05.183,29250.0
2021-06-25 14:43:05.188,29374.0
2021-06-25 14:43:05.193,29862.0
2021-06-25 14:43:05.198,31786.0
2021-06-25 14:43:05.203,31382.0
2021-06-25 14:43:05.208,30674.0
2021-06-25 14:43:05.213,31546.0
2021-06-25 14:43:05.218,30118.0
2021-06-25 14:43:05.223,30292.0
2021-06-25 14:43:05.228,29822.0
2021-06-25 14:43:05.233,29482.0
2021-06-25 14:43:05.238,29078.0
2021-06-25 14:43:05.243,28958.0
2021-06-25 14:43:05.248,30112.0
2021-06-25 14:43:05.253,30458.0
2021-06-25 14:43:05.258,28852.0
2021-06-25 14:43:05.263,31278.0
2021-06-25 14:43:05.268,27202.0
2021-06-25 14:43:05.273,29232.0
2021-06-25 14:43:05.278,29436.0
2021-06-25 14:43:05.283,28960.0
2021-06-25 14:43:05.288,29554.0
2021-06-25 14:43:05.293,30156.0
2021-06-25 14:43:05.298,29692.0
2021-06-25 14:43:05.303,29884.0
2021-06-25 14:43:05.308,29242.0
2021-06-25 14:43:05.313,30228.0
2021-06-25 14:43:05.318,27896.0
2021-06-25 14:43:05.323,29476.0
2021-06-25 14:43:05.328,29062.0
2021-06-25 14:43:05.333,28562.0
2021-06-25 14:43:05.338,28522.0
2021-06-25 14:43:05.343,29518.0
2021-06-25 14:43:05.348,29252.0
2021-06-25 14:43:05.353,29240.0
2021-06-25 14:43:05.358,27666.0
2021-06-25 14:43:05.363,30520.0
2021-06-25 14:43:05.368,28492.0
2021-06-25 14:43:05.373,28008.0
2021-06-25 14:43:05.378,28876.0
2021-06-25 14:43:05.383,28964.0
2021-06-25 14:43:05.388,30692.0
2021-06-25 14:43:05.401,30652.0
2021-06-25 14:43:05.402,30120.0
2021-06-25 14:43:05.404,32162.0
2021-06-25 14:43:05.408,30818.0
2021-06-25 14:43:05.413,30528.0
2021-06-25 14:43:05.418,27864.0
2021-06-25 14:43:05.423,30128.0
2021-06-25 14:43:05.428,28352.0
2021-06-25 14:43:05.433,29730.0
2021-06-25 14:43:05.438,28000.0
2021-06-25 14:43:05.443,29868.0
2021-06-25 14:43:05.448,29390.0
2021-06-25 14:43:05.453,29364.0
2021-06-25 14:43:05.458,29222.0
2021-06-25 14:43:05.463,30416.0
2021-06-25 14:43:05.468,30556.0
2021-06-25 14:43:05.473,30628.0
2021-06-25 14:43:05.478,30192.0
2021-06-25 14:43:05.483,29006.0
2021-06-25 14:43:05.488,26848.0
2021-06-25 14:43:05.493,29672.0
2021-06-25 14:43:05.498,29758.0
2021-06-25 14:43:05.503,29216.0
2021-06-25 14:43:05.508,29426.0
2021-06-25 14:43:05.513,29620.0
2021-06-25 14:43:05.518,29394.0
2021-06-25 14:43:05.523,30154.0
2021-06-25 14:43:05.528,28414.0
2021-06-25 14:43:05.533,27912.0
2021-06-25 14:43:05.538,28820.0
2021-06-25 14:43:05.543,28014.0
2021-06-25 14:43:05.548,29930.0
2021-06-25 14:43:05.553,31896.0
2021-06-25 14:43:05.558,28328.0
2021-06-25 14:43:05.563,31552.0
2021-06-25 14:43:05.568,30120.0
2021-06-25 14:43:05.573,30438.0
2021-06-25 14:43:05.578,30338.0
2021-06-25 14:43:05.583,29132.0
2021-06-25 14:43:05.588,27266.0
2021-06-25 14:43:05.593,28870.0
2021-06-25 14:43:05.598,28698.0
2021-06-25 14:43:05.603,28164.0
2021-06-25 14:43:05.608,27788.0
2021-06-25 14:43:05.613,29786.0
2021-06-25 14:43:05.618,29000.0
2021-06-25 14:43:05.623,28656.0
2021-06-25 14:43:05.628,29138.0
2021-06-25 14:43:05.633,27256.0
2021-06-25 14:43:05.639,27928.0
2021-06-25 14:43:05.643,29630.0
2021-06-25 14:43:05.648,30646.0
2021-06-25 14:43:05.653,27774.0
2021-06-25 14:43:05.658,28974.0
2021-06-25 14:43:05.663,28456.0
2021-06-25 14:43:05.668,27556.0
2021-06-25 14:43:05.673,28290.0
2021-06-25 14:43:05.678,29350.0
2021-06-25 14:43:05.683,28686.0
2021-06-25 14:43:05.688,29222.0
2021-06-25 14:43:05.693,29214.0
2021-06-25 14:43:05.698,27824.0
2021-06-25 14:43:05.703,27928.0
2021-06-25 14:43:05.708,26940.0
2021-06-25 14:43:05.713,28200.0
2021-06-25 14:43:05.718,29432.0
2021-06-25 14:43:05.724,29920.0
2021-06-25 14:43:05.728,27084.0
2021-06-25 14:43:05.733,28816.0
2021-06-25 14:43:05.738,29042.0
2021-06-25 14:43:05.743,28226.0
2021-06-25 14:43:05.748,30252.0
2021-06-25 14:43:05.753,29334.0
2021-06-25 14:43:05.758,30792.0
2021-06-25 14:43:05.763,29158.0
2021-06-25 14:43:05.768,29912.0
2021-06-25 14:43:05.773,29076.0
2021-06-25 14:43:05.778,29256.0
2021-06-25 14:43:05.783,29954.0
2021-06-25 14:43:05.788,27726.0
2021-06-25 14:43:05.793,28552.0
2021-06-25 14:43:05.798,28980.0
2021-06-25 14:43:05.803,30878.0
2021-06-25 14:43:05.809,29328.0
2021-06-25 14:43:05.813,28538.0
2021-06-25 14:43:05.818,29584.0
2021-06-25 14:43:05.823,28040.0
2021-06-25 14:43:05.828,28512.0
2021-06-25 14:43:05.833,28652.0
2021-06-25 14:43:05.838,28934.0
2021-06-25 14:43:05.843,28388.0
2021-06-25 14:43:05.848,27470.0
2021-06-25 14:43:05.853,28646.0
2021-06-25 14:43:05.858,30266.0
2021-06-25 14:43:05.863,28606.0
2021-06-25 14:43:05.868,29488.0
2021-06-25 14:43:05.873,30048.0
2021-06-25 14:43:05.878,28410.0
2021-06-25 14:43:05.883,28344.0
2021-06-25 14:43:05.888,28452.0
2021-06-25 14:43:05.893,30026.0
2021-06-25 14:43:05.898,29150.0
2021-06-25 14:43:05.903,28670.0
2021-06-25 14:43:05.908,30338.0
2021-06-25 14:43:05.913,28944.0
2021-06-25 14:43:05.918,30154.0
2021-06-25 14:43:05.923,26670.0
2021-06-25 14:43:05.928,27326.0
2021-06-25 14:43:05.933,29252.0
2021-06-25 14:43:05.938,28388.0
2021-06-25 14:43:05.943,30098.0
2021-06-25 14:43:05.948,29106.0
2021-06-25 14:43:05.953,29118.0
2021-06-25 14:43:05.958,29010.0
2021-06-25 14:43:05.963,28460.0
2021-06-25 14:43:05.968,30432.0
2021-06-25 14:43:05.973,28092.0
2021-06-25 14:43:05.978,29908.0
2021-06-25 14:43:05.983,29758.0
2021-06-25 14:43:05.988,28712.0
2021-06-25 14:43:05.993,28988.0
2021-06-25 14:43:05.998,29596.0
2021-06-25 14:43:06.003,28334.0
2021-06-25 14:43:06.008,28760.0
2021-06-25 14:43:06.013,30808.0
2021-06-25 14:43:06.018,28610.0
2021-06-25 14:43:06.023,27630.0
2021-06-25 14:43:06.028,27112.0
2021-06-25 14:43:06.033,28198.0
2021-06-25 14:43:06.038,27464.0
2021-06-25 14:43:06.043,27728.0
2021-06-25 14:43:06.048,29590.0
2021-06-25 14:43:06.053,29164.0
2021-06-25 14:43:06.058,28630.0
2021-06-25 14:43:06.063,27362.0
2021-06-25 14:43:06.068,29508.0
2021-06-25 14:43:06.073,26808.0
2021-06-25 14:43:06.078,28988.0
2021-06-25 14:43:06.083,27496.0
2021-06-25 14:43:06.088,27276.0
2021-06-25 14:43:06.093,28020.0
2021-06-25 14:43:06.098,29920.0
2021-06-25 14:43:06.103,31288.0
2021-06-25 14:43:06.108,31582.0
2021-06-25 14:43:06.113,30072.0
2021-06-25 14:43:06.118,28816.0
2021-06-25 14:43:06.123,28502.0
2021-06-25 14:43:06.128,26838.0
2021-06-25 14:43:06.133,29384.0
2021-06-25 14:43:06.138,29088.0
2021-06-25 14:43:06.143,29466.0
2021-06-25 14:43:06.148,27548.0
2021-06-25 14:43:06.153,28780.0
2021-06-25 14:43:06.158,30736.0
2021-06-25 14:43:06.163,29380.0
2021-06-25 14:43:06.168,29042.0
2021-06-25 14:43:06.173,27476.0
2021-06-25 14:43:06.178,28820.0
2021-06-25 14:43:06.183,29242.0
2021-06-25 14:43:06.188,28888.0
2021-06-25 14:43:06.193,28718.0
2021-06-25 14:43:06.198,30448.0
2021-06-25 14:43:06.203,30130.0
2021-06-25 14:43:06.208,30878.0
2021-06-25 14:43:06.213,31668.0
2021-06-25 14:43:06.218,29610.0
2021-06-25 14:43:06.223,28354.0
2021-06-25 14:43:06.228,28266.0
2021-06-25 14:43:06.233,27742.0
2021-06-25 14:43:06.238,28922.0
2021-06-25 14:43:06.243,28798.0
2021-06-25 14:43:06.248,29544.0
2021-06-25 14:43:06.253,26690.0
2021-06-25 14:43:06.258,27876.0
2021-06-25 14:43:06.263,28358.0
2021-06-25 14:43:06.268,28162.0
2021-06-25 14:43:06.273,28168.0
2021-06-25 14:43:06.279,28354.0
2021-06-25 14:43:06.283,29170.0
2021-06-25 14:43:06.288,27696.0
2021-06-25 14:43:06.293,28544.0
2021-06-25 14:43:06.298,29098.0
2021-06-25 14:43:06.303,27948.0
2021-06-25 14:43:06.308,29784.0
2021-06-25 14:43:06.313,30112.0
2021-06-25 14:43:06.318,27726.0
2021-06-25 14:43:06.323,28970.0
2021-06-25 14:43:06.328,29686.0
2021-06-25 14:43:06.333,28624.0
2021-06-25 14:43:06.338,29004.0
2021-06-25 14:43:06.343,29488.0
2021-06-25 14:43:06.348,30456.0
2021-06-25 14:43:06.353,29486.0
2021-06-25 14:43:06.358,30164.0
2021-06-25 14:43:06.364,28794.0
2021-06-25 14:43:06.368,31068.0
2021-06-25 14:43:06.373,30596.0
2021-06-25 14:43:06.378,26818.0
2021-06-25 14:43:06.383,29190.0
2021-06-25 14:43:06.388,29630.0
2021-06-25 14:43:06.393,28836.0
2021-06-25 14:43:06.398,30020.0
2021-06-25 14:43:06.403,29920.0
2021-06-25 14:43:06.408,29570.0
2021-06-25 14:43:06.413,30048.0
2021-06-25 14:43:06.418,31416.0
2021-06-25 14:43:06.423,28670.0
2021-06-25 14:43:06.428,29158.0
2021-06-25 14:43:06.433,29780.0
2021-06-25 14:43:06.438,29524.0
2021-06-25 14:43:06.443,30956.0
2021-06-25 14:43:06.449,28126.0
2021-06-25 14:43:06.453,29840.0
2021-06-25 14:43:06.458,31120.0
2021-06-25 14:43:06.463,28642.0
2021-06-25 14:43:06.468,30376.0
2021-06-25 14:43:06.473,29168.0
2021-06-25 14:43:06.478,30654.0
2021-06-25 14:43:06.483,29662.0
2021-06-25 14:43:06.488,29930.0
2021-06-25 14:43:06.493,27568.0
2021-06-25 14:43:06.498,29640.0
2021-06-25 14:43:06.503,30400.0
2021-06-25 14:43:06.508,28932.0
2021-06-25 14:43:06.513,31098.0
2021-06-25 14:43:06.518,29830.0
2021-06-25 14:43:06.523,29426.0
2021-06-25 14:43:06.528,30528.0
2021-06-25 14:43:06.533,29564.0
2021-06-25 14:43:06.538,29246.0
2021-06-25 14:43:06.543,29698.0
2021-06-25 14:43:06.548,29584.0
2021-06-25 14:43:06.553,29730.0
2021-06-25 14:43:06.558,28178.0
2021-06-25 14:43:06.563,29138.0
2021-06-25 14:43:06.568,30714.0
2021-06-25 14:43:06.573,29078.0
2021-06-25 14:43:06.578,28354.0
2021-06-25 14:43:06.583,29386.0
2021-06-25 14:43:06.588,28542.0
2021-06-25 14:43:06.593,28480.0
2021-06-25 14:43:06.598,28798.0
2021-06-25 14:43:06.603,29178.0
2021-06-25 14:43:06.608,28444.0
2021-06-25 14:43:06.613,27990.0
2021-06-25 14:43:06.618,29806.0
2021-06-25 14:43:06.623,29134.0
2021-06-25 14:43:06.628,28162.0
2021-06-25 14:43:06.633,27592.0
2021-06-25 14:43:06.638,30118.0
2021-06-25 14:43:06.643,28122.0
2021-06-25 14:43:06.648,29432.0
2021-06-25 14:43:06.653,27836.0
2021-06-25 14:43:06.658,29144.0
2021-06-25 14:43:06.663,27532.0
2021-06-25 14:43:06.668,29610.0
2021-06-25 14:43:06.673,28938.0
2021-06-25 14:43:06.678,29024.0
2021-06-25 14:43:06.683,28148.0
2021-06-25 14:43:06.688,28744.0
2021-06-25 14:43:06.693,27502.0
2021-06-25 14:43:06.698,27654.0
2021-06-25 14:43:06.703,26694.0
2021-06-25 14:43:06.708,28542.0
2021-06-25 14:43:06.713,28588.0
2021-06-25 14:43:06.718,30154.0
2021-06-25 14:43:06.723,27908.0
2021-06-25 14:43:06.728,29502.0
2021-06-25 14:43:06.733,25612.0
2021-06-25 14:43:06.738,26768.0
2021-06-25 14:43:06.743,26458.0
2021-06-25 14:43:06.748,26654.0
2021-06-25 14:43:06.753,27460.0
2021-06-25 14:43:06.758,29052.0
2021-06-25 14:43:06.763,25910.0
2021-06-25 14:43:06.768,27988.0
2021-06-25 14:43:06.773,27146.0
2021-06-25 14:43:06.778,26706.0
2021-06-25 14:43:06.783,25934.0
2021-06-25 14:43:06.788,28262.0
2021-06-25 14:43:06.793,25268.0
2021-06-25 14:43:06.798,25690.0
2021-06-25 14:43:06.803,26244.0
2021-06-25 14:43:06.808,26608.0
2021-06-25 14:43:06.813,25688.0
2021-06-25 14:43:06.818,27912.0
2021-06-25 14:43:06.823,26058.0
2021-06-25 14:43:06.828,26110.0
2021-06-25 14:43:06.833,25698.0
2021-06-25 14:43:06.838,25946.0
2021-06-25 14:43:06.843,24540.0
2021-06-25 14:43:06.848,25470.0
2021-06-25 14:43:06.853,25796.0
2021-06-25 14:43:06.858,26772.0
2021-06-25 14:43:06.863,24540.0
2021-06-25 14:43:06.868,27532.0
2021-06-25 14:43:06.873,27598.0
2021-06-25 14:43:06.878,27742.0
2021-06-25 14:43:06.883,27466.0
2021-06-25 14:43:06.888,27184.0
2021-06-25 14:43:06.893,28488.0
2021-06-25 14:43:06.898,29348.0
2021-06-25 14:43:06.903,28856.0
2021-06-25 14:43:06.908,29518.0
2021-06-25 14:43:06.913,28234.0
2021-06-25 14:43:06.919,28902.0
2021-06-25 14:43:06.923,26850.0
2021-06-25 14:43:06.928,26840.0
2021-06-25 14:43:06.933,28250.0
2021-06-25 14:43:06.938,27316.0
2021-06-25 14:43:06.943,27860.0
2021-06-25 14:43:06.948,28174.0
2021-06-25 14:43:06.953,28224.0
2021-06-25 14:43:06.958,28234.0
2021-06-25 14:43:06.963,30030.0
2021-06-25 14:43:06.968,28026.0
2021-06-25 14:43:06.973,29400.0
2021-06-25 14:43:06.978,29308.0
2021-06-25 14:43:06.983,28400.0
2021-06-25 14:43:06.988,29112.0
2021-06-25 14:43:06.993,29200.0
2021-06-25 14:43:06.998,28692.0
2021-06-25 14:43:07.004,30258.0
2021-06-25 14:43:07.008,29076.0
2021-06-25 14:43:07.013,31808.0
2021-06-25 14:43:07.018,32762.0
2021-06-25 14:43:07.023,32428.0
2021-06-25 14:43:07.028,27438.0
2021-06-25 14:43:07.033,29878.0
2021-06-25 14:43:07.038,30888.0
2021-06-25 14:43:07.043,31150.0
2021-06-25 14:43:07.048,30868.0
2021-06-25 14:43:07.053,31376.0
2021-06-25 14:43:07.058,29766.0
2021-06-25 14:43:07.063,32086.0
2021-06-25 14:43:07.068,30718.0
2021-06-25 14:43:07.073,32342.0
2021-06-25 14:43:07.078,29786.0
2021-06-25 14:43:07.083,30442.0
2021-06-25 14:43:07.089,30926.0
2021-06-25 14:43:07.093,32270.0
2021-06-25 14:43:07.098,31684.0
2021-06-25 14:43:07.103,32240.0
2021-06-25 14:43:07.108,27646.0
2021-06-25 14:43:07.113,28102.0
2021-06-25 14:43:07.118,30848.0
2021-06-25 14:43:07.123,27328.0
2021-06-25 14:43:07.128,25936.0
2021-06-25 14:43:07.133,29466.0
2021-06-25 14:43:07.138,30356.0
2021-06-25 14:43:07.143,25478.0
2021-06-25 14:43:07.148,28718.0
2021-06-25 14:43:07.153,29570.0
2021-06-25 14:43:07.158,29676.0
2021-06-25 14:43:07.163,28462.0
2021-06-25 14:43:07.168,29692.0
2021-06-25 14:43:07.173,34326.0
2021-06-25 14:43:07.178,30340.0
2021-06-25 14:43:07.183,32388.0
2021-06-25 14:43:07.188,33490.0
2021-06-25 14:43:07.193,31150.0
2021-06-25 14:43:07.198,33556.0
2021-06-25 14:43:07.203,31110.0
2021-06-25 14:43:07.208,32782.0
2021-06-25 14:43:07.213,32376.0
2021-06-25 14:43:07.218,33086.0
2021-06-25 14:43:07.223,32182.0
2021-06-25 14:43:07.228,31988.0
2021-06-25 14:43:07.233,34424.0
2021-06-25 14:43:07.238,33130.0
2021-06-25 14:43:07.243,27954.0
2021-06-25 14:43:07.248,28754.0
2021-06-25 14:43:07.253,28624.0
2021-06-25 14:43:07.258,29380.0
2021-06-25 14:43:07.263,27476.0
2021-06-25 14:43:07.268,26536.0
2021-06-25 14:43:07.273,29934.0
2021-06-25 14:43:07.278,26886.0
2021-06-25 14:43:07.283,29092.0
2021-06-25 14:43:07.288,27538.0
2021-06-25 14:43:07.293,27320.0
2021-06-25 14:43:07.298,27748.0
2021-06-25 14:43:07.303,32894.0
2021-06-25 14:43:07.308,32412.0
2021-06-25 14:43:07.313,32316.0
2021-06-25 14:43:07.318,32054.0
2021-06-25 14:43:07.323,33306.0
2021-06-25 14:43:07.328,30964.0
2021-06-25 14:43:07.333,31668.0
2021-06-25 14:43:07.338,33552.0
2021-06-25 14:43:07.343,32998.0
2021-06-25 14:43:07.348,33138.0
2021-06-25 14:43:07.353,33972.0
2021-06-25 14:43:07.358,33292.0
2021-06-25 14:43:07.363,33440.0
2021-06-25 14:43:07.368,33120.0
2021-06-25 14:43:07.373,29266.0
2021-06-25 14:43:07.378,26038.0
2021-06-25 14:43:07.383,27264.0
2021-06-25 14:43:07.388,26952.0
2021-06-25 14:43:07.393,28452.0
2021-06-25 14:43:07.398,28452.0
2021-06-25 14:43:07.403,30310.0
2021-06-25 14:43:07.408,28126.0
2021-06-25 14:43:07.413,29970.0
2021-06-25 14:43:07.418,28896.0
2021-06-25 14:43:07.423,29996.0
2021-06-25 14:43:07.428,28938.0
2021-06-25 14:43:07.433,26824.0
2021-06-25 14:43:07.438,32140.0
2021-06-25 14:43:07.443,33664.0
2021-06-25 14:43:07.448,32722.0
2021-06-25 14:43:07.453,32402.0
2021-06-25 14:43:07.458,30764.0
2021-06-25 14:43:07.463,32984.0
2021-06-25 14:43:07.468,32186.0
2021-06-25 14:43:07.473,33018.0
2021-06-25 14:43:07.478,30992.0
2021-06-25 14:43:07.483,31090.0
2021-06-25 14:43:07.488,32432.0
2021-06-25 14:43:07.493,30812.0
2021-06-25 14:43:07.498,31100.0
2021-06-25 14:43:07.503,32224.0
2021-06-25 14:43:07.508,27800.0
2021-06-25 14:43:07.513,27994.0
2021-06-25 14:43:07.518,27420.0
2021-06-25 14:43:07.523,27932.0
2021-06-25 14:43:07.528,28308.0
2021-06-25 14:43:07.533,26458.0
2021-06-25 14:43:07.538,28180.0
2021-06-25 14:43:07.543,27502.0
2021-06-25 14:43:07.548,29338.0
2021-06-25 14:43:07.553,26598.0
2021-06-25 14:43:07.559,29702.0
2021-06-25 14:43:07.563,29150.0
2021-06-25 14:43:07.568,32906.0
2021-06-25 14:43:07.573,35524.0
2021-06-25 14:43:07.578,32864.0
2021-06-25 14:43:07.583,33290.0
2021-06-25 14:43:07.588,32812.0
2021-06-25 14:43:07.593,33024.0
2021-06-25 14:43:07.598,32486.0
2021-06-25 14:43:07.603,35530.0
2021-06-25 14:43:07.608,32586.0
2021-06-25 14:43:07.613,33224.0
2021-06-25 14:43:07.618,31674.0
2021-06-25 14:43:07.623,33846.0
2021-06-25 14:43:07.628,34090.0
2021-06-25 14:43:07.633,33342.0
2021-06-25 14:43:07.638,27824.0
2021-06-25 14:43:07.644,26612.0
2021-06-25 14:43:07.648,26438.0
2021-06-25 14:43:07.653,29898.0
2021-06-25 14:43:07.658,28778.0
2021-06-25 14:43:07.663,27600.0
2021-06-25 14:43:07.668,30992.0
2021-06-25 14:43:07.673,29322.0
2021-06-25 14:43:07.678,28760.0
2021-06-25 14:43:07.683,29060.0
2021-06-25 14:43:07.688,26740.0
2021-06-25 14:43:07.693,29488.0
2021-06-25 14:43:07.698,30154.0
2021-06-25 14:43:07.703,31778.0
2021-06-25 14:43:07.708,33166.0
2021-06-25 14:43:07.713,33084.0
2021-06-25 14:43:07.718,32594.0
2021-06-25 14:43:07.723,31454.0
2021-06-25 14:43:07.729,31770.0
2021-06-25 14:43:07.733,29138.0
2021-06-25 14:43:07.738,31402.0
2021-06-25 14:43:07.743,32916.0
2021-06-25 14:43:07.748,31232.0
2021-06-25 14:43:07.753,31516.0
2021-06-25 14:43:07.758,31612.0
2021-06-25 14:43:07.763,33064.0
2021-06-25 14:43:07.768,33374.0
2021-06-25 14:43:07.773,32444.0
2021-06-25 14:43:07.778,27326.0
2021-06-25 14:43:07.783,28296.0
2021-06-25 14:43:07.788,26378.0
2021-06-25 14:43:07.793,28328.0
2021-06-25 14:43:07.798,27420.0
2021-06-25 14:43:07.803,28076.0
2021-06-25 14:43:07.808,27434.0
2021-06-25 14:43:07.813,29478.0
2021-06-25 14:43:07.818,28060.0
2021-06-25 14:43:07.823,27628.0
2021-06-25 14:43:07.828,27660.0
2021-06-25 14:43:07.833,29414.0
2021-06-25 14:43:07.838,26460.0
2021-06-25 14:43:07.843,31660.0
2021-06-25 14:43:07.848,32368.0
2021-06-25 14:43:07.853,33978.0
2021-06-25 14:43:07.858,33500.0
2021-06-25 14:43:07.863,31154.0
2021-06-25 14:43:07.868,31232.0
2021-06-25 14:43:07.873,32050.0
2021-06-25 14:43:07.878,31408.0
2021-06-25 14:43:07.883,31196.0
2021-06-25 14:43:07.888,32958.0
2021-06-25 14:43:07.893,31284.0
2021-06-25 14:43:07.898,31162.0
2021-06-25 14:43:07.903,32876.0
2021-06-25 14:43:07.908,32782.0
2021-06-25 14:43:07.913,25824.0
2021-06-25 14:43:07.918,25844.0
2021-06-25 14:43:07.923,28466.0
2021-06-25 14:43:07.928,26650.0
2021-06-25 14:43:07.933,27696.0
2021-06-25 14:43:07.938,28460.0
2021-06-25 14:43:07.943,27538.0
2021-06-25 14:43:07.948,32238.0
2021-06-25 14:43:07.961,28450.0
2021-06-25 14:43:07.962,27994.0
2021-06-25 14:43:07.964,29488.0
2021-06-25 14:43:07.968,27086.0
2021-06-25 14:43:07.973,28688.0
2021-06-25 14:43:07.978,33220.0
2021-06-25 14:43:07.983,26558.0
2021-06-25 14:43:07.988,31036.0
2021-06-25 14:43:07.993,31074.0
2021-06-25 14:43:07.998,32922.0
2021-06-25 14:43:08.003,31776.0
2021-06-25 14:43:08.008,33040.0
2021-06-25 14:43:08.013,31814.0
2021-06-25 14:43:08.018,31350.0
2021-06-25 14:43:08.023,30966.0
2021-06-25 14:43:08.028,32278.0
2021-06-25 14:43:08.033,32598.0
2021-06-25 14:43:08.038,32440.0
2021-06-25 14:43:08.043,31644.0
2021-06-25 14:43:08.048,32386.0
2021-06-25 14:43:08.053,27076.0
2021-06-25 14:43:08.058,26532.0
2021-06-25 14:43:08.063,27100.0
2021-06-25 14:43:08.068,28062.0
2021-06-25 14:43:08.073,27702.0
2021-06-25 14:43:08.078,29848.0
2021-06-25 14:43:08.083,29324.0
2021-06-25 14:43:08.088,28244.0
2021-06-25 14:43:08.093,27512.0
2021-06-25 14:43:08.098,28800.0
2021-06-25 14:43:08.103,27532.0
2021-06-25 14:43:08.108,29250.0
2021-06-25 14:43:08.113,32368.0
2021-06-25 14:43:08.118,33364.0
2021-06-25 14:43:08.123,30436.0
2021-06-25 14:43:08.128,30354.0
2021-06-25 14:43:08.133,32484.0
2021-06-25 14:43:08.138,31726.0
2021-06-25 14:43:08.143,30606.0
2021-06-25 14:43:08.148,32458.0
2021-06-25 14:43:08.153,32258.0
2021-06-25 14:43:08.158,31072.0
2021-06-25 14:43:08.163,31920.0
2021-06-25 14:43:08.168,33312.0
2021-06-25 14:43:08.173,33536.0
2021-06-25 14:43:08.178,31144.0
2021-06-25 14:43:08.183,31144.0
2021-06-25 14:43:08.188,30730.0
2021-06-25 14:43:08.193,29604.0
2021-06-25 14:43:08.199,28902.0
2021-06-25 14:43:08.203,28062.0
2021-06-25 14:43:08.208,27674.0
2021-06-25 14:43:08.213,29118.0
2021-06-25 14:43:08.218,28030.0
2021-06-25 14:43:08.223,31778.0
2021-06-25 14:43:08.228,28516.0
2021-06-25 14:43:08.233,28214.0
2021-06-25 14:43:08.238,27618.0
2021-06-25 14:43:08.243,29652.0
2021-06-25 14:43:08.248,28798.0
2021-06-25 14:43:08.253,26484.0
2021-06-25 14:43:08.258,33710.0
2021-06-25 14:43:08.263,33972.0
2021-06-25 14:43:08.268,34348.0
2021-06-25 14:43:08.273,31674.0
2021-06-25 14:43:08.278,30878.0
2021-06-25 14:43:08.284,29502.0
2021-06-25 14:43:08.288,29682.0
2021-06-25 14:43:08.293,32126.0
2021-06-25 14:43:08.298,32168.0
2021-06-25 14:43:08.303,30504.0
2021-06-25 14:43:08.308,33182.0
2021-06-25 14:43:08.313,32658.0
2021-06-25 14:43:08.318,33784.0
2021-06-25 14:43:08.323,32886.0
2021-06-25 14:43:08.328,27094.0
2021-06-25 14:43:08.333,25812.0
2021-06-25 14:43:08.338,26314.0
2021-06-25 14:43:08.343,28286.0
2021-06-25 14:43:08.348,26130.0
2021-06-25 14:43:08.353,25560.0
2021-06-25 14:43:08.358,26516.0
2021-06-25 14:43:08.363,27372.0
2021-06-25 14:43:08.369,29190.0
2021-06-25 14:43:08.373,26458.0
2021-06-25 14:43:08.378,28604.0
2021-06-25 14:43:08.383,29980.0
2021-06-25 14:43:08.388,32440.0
2021-06-25 14:43:08.393,31490.0
2021-06-25 14:43:08.398,32694.0
2021-06-25 14:43:08.403,31510.0
2021-06-25 14:43:08.408,31428.0
2021-06-25 14:43:08.413,32008.0
2021-06-25 14:43:08.418,31736.0
2021-06-25 14:43:08.423,34044.0
2021-06-25 14:43:08.428,32186.0
2021-06-25 14:43:08.433,31690.0
2021-06-25 14:43:08.438,32070.0
2021-06-25 14:43:08.443,34112.0
2021-06-25 14:43:08.448,30944.0
2021-06-25 14:43:08.453,30940.0
2021-06-25 14:43:08.458,27974.0
2021-06-25 14:43:08.463,27792.0
2021-06-25 14:43:08.468,26448.0
2021-06-25 14:43:08.473,28352.0
2021-06-25 14:43:08.478,30868.0
2021-06-25 14:43:08.483,27392.0
2021-06-25 14:43:08.488,28100.0
2021-06-25 14:43:08.493,26078.0
2021-06-25 14:43:08.498,28462.0
2021-06-25 14:43:08.503,27056.0
2021-06-25 14:43:08.508,27168.0
2021-06-25 14:43:08.513,29528.0
2021-06-25 14:43:08.518,29534.0
2021-06-25 14:43:08.523,31868.0
2021-06-25 14:43:08.528,34620.0
2021-06-25 14:43:08.533,33926.0
2021-06-25 14:43:08.538,30196.0
2021-06-25 14:43:08.543,31226.0
2021-06-25 14:43:08.548,31778.0
2021-06-25 14:43:08.553,32150.0
2021-06-25 14:43:08.558,33122.0
2021-06-25 14:43:08.563,32474.0
2021-06-25 14:43:08.568,32228.0
2021-06-25 14:43:08.573,31766.0
2021-06-25 14:43:08.578,31670.0
2021-06-25 14:43:08.583,30292.0
2021-06-25 14:43:08.588,30930.0
2021-06-25 14:43:08.593,30206.0
2021-06-25 14:43:08.598,32078.0
2021-06-25 14:43:08.603,30848.0
2021-06-25 14:43:08.608,29974.0
2021-06-25 14:43:08.613,30228.0
2021-06-25 14:43:08.618,29340.0
2021-06-25 14:43:08.623,28564.0
2021-06-25 14:43:08.628,30184.0
2021-06-25 14:43:08.633,29514.0
2021-06-25 14:43:08.638,28990.0
2021-06-25 14:43:08.643,29718.0
2021-06-25 14:43:08.648,31622.0
2021-06-25 14:43:08.653,25818.0
2021-06-25 14:43:08.658,29164.0
2021-06-25 14:43:08.663,29360.0
2021-06-25 14:43:08.668,29106.0
2021-06-25 14:43:08.673,29076.0
2021-06-25 14:43:08.678,26982.0
2021-06-25 14:43:08.683,31618.0
2021-06-25 14:43:08.688,30206.0
2021-06-25 14:43:08.693,30818.0
2021-06-25 14:43:08.698,31144.0
2021-06-25 14:43:08.703,31146.0
2021-06-25 14:43:08.708,32654.0
2021-06-25 14:43:08.713,32074.0
2021-06-25 14:43:08.718,31572.0
2021-06-25 14:43:08.723,32906.0
2021-06-25 14:43:08.728,32048.0
2021-06-25 14:43:08.733,30642.0
2021-06-25 14:43:08.738,31316.0
2021-06-25 14:43:08.743,32438.0
2021-06-25 14:43:08.748,30936.0
2021-06-25 14:43:08.753,31356.0
2021-06-25 14:43:08.758,31462.0
2021-06-25 14:43:08.763,28054.0
2021-06-25 14:43:08.768,26818.0
2021-06-25 14:43:08.773,28046.0
2021-06-25 14:43:08.778,29930.0
2021-06-25 14:43:08.783,28526.0
2021-06-25 14:43:08.788,29168.0
2021-06-25 14:43:08.793,27964.0
2021-06-25 14:43:08.798,28554.0
2021-06-25 14:43:08.803,27946.0
2021-06-25 14:43:08.808,28912.0
2021-06-25 14:43:08.813,28610.0
2021-06-25 14:43:08.818,28332.0
2021-06-25 14:43:08.823,32978.0
2021-06-25 14:43:08.828,31970.0
2021-06-25 14:43:08.833,33794.0
2021-06-25 14:43:08.839,30674.0
2021-06-25 14:43:08.843,31444.0
2021-06-25 14:43:08.848,32536.0
2021-06-25 14:43:08.853,30878.0
2021-06-25 14:43:08.858,34216.0
2021-06-25 14:43:08.863,30812.0
2021-06-25 14:43:08.868,30564.0
2021-06-25 14:43:08.873,30446.0
2021-06-25 14:43:08.878,30960.0
2021-06-25 14:43:08.883,30474.0
2021-06-25 14:43:08.888,31606.0
2021-06-25 14:43:08.893,32922.0
2021-06-25 14:43:08.898,32258.0
2021-06-25 14:43:08.903,24746.0
2021-06-25 14:43:08.908,27800.0
2021-06-25 14:43:08.913,28870.0
2021-06-25 14:43:08.918,27008.0
2021-06-25 14:43:08.924,26576.0
2021-06-25 14:43:08.928,31054.0
2021-06-25 14:43:08.933,27572.0
2021-06-25 14:43:08.938,27546.0
2021-06-25 14:43:08.943,27640.0
2021-06-25 14:43:08.948,25644.0
2021-06-25 14:43:08.953,27870.0
2021-06-25 14:43:08.958,33944.0
2021-06-25 14:43:08.963,33850.0
2021-06-25 14:43:08.968,33178.0
2021-06-25 14:43:08.973,32930.0
2021-06-25 14:43:08.978,31936.0
2021-06-25 14:43:08.983,32690.0
2021-06-25 14:43:08.988,30402.0
2021-06-25 14:43:08.993,30192.0
2021-06-25 14:43:08.998,32994.0
2021-06-25 14:43:09.003,33214.0
2021-06-25 14:43:09.009,33280.0
2021-06-25 14:43:09.013,30894.0
2021-06-25 14:43:09.018,26372.0
2021-06-25 14:43:09.023,27198.0
2021-06-25 14:43:09.028,29246.0
2021-06-25 14:43:09.033,26260.0
2021-06-25 14:43:09.038,26280.0
2021-06-25 14:43:09.043,29016.0
2021-06-25 14:43:09.048,27578.0
2021-06-25 14:43:09.053,27234.0
2021-06-25 14:43:09.058,25720.0
2021-06-25 14:43:09.063,27686.0
2021-06-25 14:43:09.068,27014.0
2021-06-25 14:43:09.073,32858.0
2021-06-25 14:43:09.078,32048.0
2021-06-25 14:43:09.083,32350.0
2021-06-25 14:43:09.088,31760.0
2021-06-25 14:43:09.093,32142.0
2021-06-25 14:43:09.098,32310.0
2021-06-25 14:43:09.103,33518.0
2021-06-25 14:43:09.108,31736.0
2021-06-25 14:43:09.113,31426.0
2021-06-25 14:43:09.118,32504.0
2021-06-25 14:43:09.123,31550.0
2021-06-25 14:43:09.128,32084.0
2021-06-25 14:43:09.133,27374.0
2021-06-25 14:43:09.138,24602.0
2021-06-25 14:43:09.143,26748.0
2021-06-25 14:43:09.148,30164.0
2021-06-25 14:43:09.153,24858.0
2021-06-25 14:43:09.158,28254.0
2021-06-25 14:43:09.163,27536.0
2021-06-25 14:43:09.168,26078.0
2021-06-25 14:43:09.173,27768.0
2021-06-25 14:43:09.178,28774.0
2021-06-25 14:43:09.183,28452.0
2021-06-25 14:43:09.188,29190.0
2021-06-25 14:43:09.193,34116.0
2021-06-25 14:43:09.198,34914.0
2021-06-25 14:43:09.203,35312.0
2021-06-25 14:43:09.208,36078.0
2021-06-25 14:43:09.213,36684.0
2021-06-25 14:43:09.218,36586.0
2021-06-25 14:43:09.223,34252.0
2021-06-25 14:43:09.228,35838.0
2021-06-25 14:43:09.233,36836.0
2021-06-25 14:43:09.238,36808.0
2021-06-25 14:43:09.243,34938.0
2021-06-25 14:43:09.248,33474.0
2021-06-25 14:43:09.253,29472.0
2021-06-25 14:43:09.258,29744.0
2021-06-25 14:43:09.263,30438.0
2021-06-25 14:43:09.268,30428.0
2021-06-25 14:43:09.273,32510.0
2021-06-25 14:43:09.278,29950.0
2021-06-25 14:43:09.283,30658.0
2021-06-25 14:43:09.288,29068.0
2021-06-25 14:43:09.293,30130.0
2021-06-25 14:43:09.298,30282.0
2021-06-25 14:43:09.303,29340.0
2021-06-25 14:43:09.308,35780.0
2021-06-25 14:43:09.313,36632.0
2021-06-25 14:43:09.318,35858.0
2021-06-25 14:43:09.323,36340.0
2021-06-25 14:43:09.328,35630.0
2021-06-25 14:43:09.333,36698.0
2021-06-25 14:43:09.338,32588.0
2021-06-25 14:43:09.343,32322.0
2021-06-25 14:43:09.348,35400.0
2021-06-25 14:43:09.353,36084.0
2021-06-25 14:43:09.358,34326.0
2021-06-25 14:43:09.363,32910.0
2021-06-25 14:43:09.368,29102.0
2021-06-25 14:43:09.373,30980.0
2021-06-25 14:43:09.378,32132.0
2021-06-25 14:43:09.383,30058.0
2021-06-25 14:43:09.388,30792.0
2021-06-25 14:43:09.393,32490.0
2021-06-25 14:43:09.398,30238.0
2021-06-25 14:43:09.403,30114.0
2021-06-25 14:43:09.408,29748.0
2021-06-25 14:43:09.413,30068.0
2021-06-25 14:43:09.418,31016.0
2021-06-25 14:43:09.423,37740.0
2021-06-25 14:43:09.428,35266.0
2021-06-25 14:43:09.433,36684.0
2021-06-25 14:43:09.438,34944.0
2021-06-25 14:43:09.443,32522.0
2021-06-25 14:43:09.448,34136.0
2021-06-25 14:43:09.453,34598.0
2021-06-25 14:43:09.458,35688.0
2021-06-25 14:43:09.463,34682.0
2021-06-25 14:43:09.468,35918.0
2021-06-25 14:43:09.473,35966.0
2021-06-25 14:43:09.479,35410.0
2021-06-25 14:43:09.483,34244.0
2021-06-25 14:43:09.488,34082.0
2021-06-25 14:43:09.493,28670.0
2021-06-25 14:43:09.498,27788.0
2021-06-25 14:43:09.503,30740.0
2021-06-25 14:43:09.508,27654.0
2021-06-25 14:43:09.513,29750.0
2021-06-25 14:43:09.518,28450.0
2021-06-25 14:43:09.523,31684.0
2021-06-25 14:43:09.528,29704.0
2021-06-25 14:43:09.533,31806.0
2021-06-25 14:43:09.538,30754.0
2021-06-25 14:43:09.543,33014.0
2021-06-25 14:43:09.548,38074.0
2021-06-25 14:43:09.553,40102.0
2021-06-25 14:43:09.558,38838.0
2021-06-25 14:43:09.564,38664.0
2021-06-25 14:43:09.568,39542.0
2021-06-25 14:43:09.573,40724.0
2021-06-25 14:43:09.578,40102.0
2021-06-25 14:43:09.583,40724.0
2021-06-25 14:43:09.588,38428.0
2021-06-25 14:43:09.593,41076.0
2021-06-25 14:43:09.598,39972.0
2021-06-25 14:43:09.603,40706.0
2021-06-25 14:43:09.608,39742.0
2021-06-25 14:43:09.613,40722.0
2021-06-25 14:43:09.618,35848.0
2021-06-25 14:43:09.623,37380.0
2021-06-25 14:43:09.628,36780.0
2021-06-25 14:43:09.633,34460.0
2021-06-25 14:43:09.638,35416.0
2021-06-25 14:43:09.643,38014.0
2021-06-25 14:43:09.649,33446.0
2021-06-25 14:43:09.653,33460.0
2021-06-25 14:43:09.658,35718.0
2021-06-25 14:43:09.663,33368.0
2021-06-25 14:43:09.668,36102.0
2021-06-25 14:43:09.673,36908.0
2021-06-25 14:43:09.678,39480.0
2021-06-25 14:43:09.683,43304.0
2021-06-25 14:43:09.688,39834.0
2021-06-25 14:43:09.693,40974.0
2021-06-25 14:43:09.698,38340.0
2021-06-25 14:43:09.703,40508.0
2021-06-25 14:43:09.708,40856.0
2021-06-25 14:43:09.713,39074.0
2021-06-25 14:43:09.718,40152.0
2021-06-25 14:43:09.723,39650.0
2021-06-25 14:43:09.728,40410.0
2021-06-25 14:43:09.733,41780.0
2021-06-25 14:43:09.738,39670.0
2021-06-25 14:43:09.743,36164.0
2021-06-25 14:43:09.748,37706.0
2021-06-25 14:43:09.753,36684.0
2021-06-25 14:43:09.758,39798.0
2021-06-25 14:43:09.763,35534.0
2021-06-25 14:43:09.768,34568.0
2021-06-25 14:43:09.773,33286.0
2021-06-25 14:43:09.778,33962.0
2021-06-25 14:43:09.783,33856.0
2021-06-25 14:43:09.788,36654.0
2021-06-25 14:43:09.793,33630.0
2021-06-25 14:43:09.798,30436.0
2021-06-25 14:43:09.803,30366.0
2021-06-25 14:43:09.808,34528.0
2021-06-25 14:43:09.813,34152.0
2021-06-25 14:43:09.818,33918.0
2021-06-25 14:43:09.823,38874.0
2021-06-25 14:43:09.828,39876.0
2021-06-25 14:43:09.833,39798.0
2021-06-25 14:43:09.838,38104.0
2021-06-25 14:43:09.843,36718.0
2021-06-25 14:43:09.848,39418.0
2021-06-25 14:43:09.853,37742.0
2021-06-25 14:43:09.858,39964.0
2021-06-25 14:43:09.863,39686.0
2021-06-25 14:43:09.868,37552.0
2021-06-25 14:43:09.873,40086.0
2021-06-25 14:43:09.878,37706.0
2021-06-25 14:43:09.883,36570.0
2021-06-25 14:43:09.888,36202.0
2021-06-25 14:43:09.893,35714.0
2021-06-25 14:43:09.898,36616.0
2021-06-25 14:43:09.903,31960.0
2021-06-25 14:43:09.908,31824.0
2021-06-25 14:43:09.913,31632.0
2021-06-25 14:43:09.918,33558.0
2021-06-25 14:43:09.923,30236.0
2021-06-25 14:43:09.928,35754.0
2021-06-25 14:43:09.933,31146.0
2021-06-25 14:43:09.938,30800.0
2021-06-25 14:43:09.943,31170.0
2021-06-25 14:43:09.948,29400.0
2021-06-25 14:43:09.953,31668.0
2021-06-25 14:43:09.958,31926.0
2021-06-25 14:43:09.963,30184.0
2021-06-25 14:43:09.968,37126.0
2021-06-25 14:43:09.973,37752.0
2021-06-25 14:43:09.978,36884.0
2021-06-25 14:43:09.983,39092.0
2021-06-25 14:43:09.988,37038.0
2021-06-25 14:43:09.993,33424.0
2021-06-25 14:43:09.998,35376.0
2021-06-25 14:43:10.003,37842.0
2021-06-25 14:43:10.008,35730.0
2021-06-25 14:43:10.013,36582.0
2021-06-25 14:43:10.018,37428.0
2021-06-25 14:43:10.023,37336.0
2021-06-25 14:43:10.028,37470.0
2021-06-25 14:43:10.033,35684.0
2021-06-25 14:43:10.038,31192.0
2021-06-25 14:43:10.043,32604.0
2021-06-25 14:43:10.048,30864.0
2021-06-25 14:43:10.053,32640.0
2021-06-25 14:43:10.058,30112.0
2021-06-25 14:43:10.063,30354.0
2021-06-25 14:43:10.068,34912.0
2021-06-25 14:43:10.073,31736.0
2021-06-25 14:43:10.078,32398.0
2021-06-25 14:43:10.083,30538.0
2021-06-25 14:43:10.088,30576.0
2021-06-25 14:43:10.093,30744.0
2021-06-25 14:43:10.098,31032.0
2021-06-25 14:43:10.103,31684.0
2021-06-25 14:43:10.108,36970.0
2021-06-25 14:43:10.113,37664.0
2021-06-25 14:43:10.119,36998.0
2021-06-25 14:43:10.123,37372.0
2021-06-25 14:43:10.128,34364.0
2021-06-25 14:43:10.133,34984.0
2021-06-25 14:43:10.138,34488.0
2021-06-25 14:43:10.143,37570.0
2021-06-25 14:43:10.148,35730.0
2021-06-25 14:43:10.153,36508.0
2021-06-25 14:43:10.158,36550.0
2021-06-25 14:43:10.163,35604.0
2021-06-25 14:43:10.168,37520.0
2021-06-25 14:43:10.173,36186.0
2021-06-25 14:43:10.178,37306.0
2021-06-25 14:43:10.183,36022.0
2021-06-25 14:43:10.188,31860.0
2021-06-25 14:43:10.193,31376.0
2021-06-25 14:43:10.198,32350.0
2021-06-25 14:43:10.204,30410.0
2021-06-25 14:43:10.208,31914.0
2021-06-25 14:43:10.213,31124.0
2021-06-25 14:43:10.218,31998.0
2021-06-25 14:43:10.223,31752.0
2021-06-25 14:43:10.228,32244.0
2021-06-25 14:43:10.233,31756.0
2021-06-25 14:43:10.238,29648.0
2021-06-25 14:43:10.243,30812.0
2021-06-25 14:43:10.248,31402.0
2021-06-25 14:43:10.253,38240.0
2021-06-25 14:43:10.258,37834.0
2021-06-25 14:43:10.263,37920.0
2021-06-25 14:43:10.268,37904.0
2021-06-25 14:43:10.273,37140.0
2021-06-25 14:43:10.278,35128.0
2021-06-25 14:43:10.283,37222.0
2021-06-25 14:43:10.289,37462.0
2021-06-25 14:43:10.293,31480.0
2021-06-25 14:43:10.298,35060.0
2021-06-25 14:43:10.303,37700.0
2021-06-25 14:43:10.308,37624.0
2021-06-25 14:43:10.313,37022.0
2021-06-25 14:43:10.318,38542.0
2021-06-25 14:43:10.323,38070.0
2021-06-25 14:43:10.328,31182.0
2021-06-25 14:43:10.333,32214.0
2021-06-25 14:43:10.338,30724.0
2021-06-25 14:43:10.343,30436.0
2021-06-25 14:43:10.348,31622.0
2021-06-25 14:43:10.353,33092.0
2021-06-25 14:43:10.358,31180.0
2021-06-25 14:43:10.363,29138.0
2021-06-25 14:43:10.368,31842.0
2021-06-25 14:43:10.373,31956.0
2021-06-25 14:43:10.378,33284.0
2021-06-25 14:43:10.383,30170.0
2021-06-25 14:43:10.388,32946.0
2021-06-25 14:43:10.393,30836.0
2021-06-25 14:43:10.398,35806.0
2021-06-25 14:43:10.403,37054.0
2021-06-25 14:43:10.408,36806.0
2021-06-25 14:43:10.413,37392.0
2021-06-25 14:43:10.418,36020.0
2021-06-25 14:43:10.423,38742.0
2021-06-25 14:43:10.428,37206.0
2021-06-25 14:43:10.433,37924.0
2021-06-25 14:43:10.438,36036.0
2021-06-25 14:43:10.443,36462.0
2021-06-25 14:43:10.448,34410.0
2021-06-25 14:43:10.453,36754.0
2021-06-25 14:43:10.458,37808.0
2021-06-25 14:43:10.463,37484.0
2021-06-25 14:43:10.468,38280.0
2021-06-25 14:43:10.473,32506.0
2021-06-25 14:43:10.478,32228.0
2021-06-25 14:43:10.483,32274.0
2021-06-25 14:43:10.488,30934.0
2021-06-25 14:43:10.493,31192.0
2021-06-25 14:43:10.498,34492.0
2021-06-25 14:43:10.503,31104.0
2021-06-25 14:43:10.508,29380.0
2021-06-25 14:43:10.521,32060.0
2021-06-25 14:43:10.522,30192.0
2021-06-25 14:43:10.524,29492.0
2021-06-25 14:43:10.528,32284.0
2021-06-25 14:43:10.533,29872.0
2021-06-25 14:43:10.538,35584.0
2021-06-25 14:43:10.543,33588.0
2021-06-25 14:43:10.548,35868.0
2021-06-25 14:43:10.553,35232.0
2021-06-25 14:43:10.558,36946.0
2021-06-25 14:43:10.563,34686.0
2021-06-25 14:43:10.568,35540.0
2021-06-25 14:43:10.573,35032.0
2021-06-25 14:43:10.578,36274.0
2021-06-25 14:43:10.583,35712.0
2021-06-25 14:43:10.588,38090.0
2021-06-25 14:43:10.593,35708.0
2021-06-25 14:43:10.598,35676.0
2021-06-25 14:43:10.603,34970.0
2021-06-25 14:43:10.608,36898.0
2021-06-25 14:43:10.613,35888.0
2021-06-25 14:43:10.618,32198.0
2021-06-25 14:43:10.623,31740.0
2021-06-25 14:43:10.628,32300.0
2021-06-25 14:43:10.633,32060.0
2021-06-25 14:43:10.638,31674.0
2021-06-25 14:43:10.643,34056.0
2021-06-25 14:43:10.648,30498.0
2021-06-25 14:43:10.653,29286.0
2021-06-25 14:43:10.658,29806.0
2021-06-25 14:43:10.663,29194.0
2021-06-25 14:43:10.668,30864.0
2021-06-25 14:43:10.673,29252.0
2021-06-25 14:43:10.678,32694.0
2021-06-25 14:43:10.683,37464.0
2021-06-25 14:43:10.688,36252.0
2021-06-25 14:43:10.693,36210.0
2021-06-25 14:43:10.698,35340.0
2021-06-25 14:43:10.703,37124.0
2021-06-25 14:43:10.708,36006.0
2021-06-25 14:43:10.713,35266.0
2021-06-25 14:43:10.718,35888.0
2021-06-25 14:43:10.723,36334.0
2021-06-25 14:43:10.728,38376.0
2021-06-25 14:43:10.733,36766.0
2021-06-25 14:43:10.738,37388.0
2021-06-25 14:43:10.743,36308.0
2021-06-25 14:43:10.748,36924.0
2021-06-25 14:43:10.753,38068.0
2021-06-25 14:43:10.759,36764.0
2021-06-25 14:43:10.763,29540.0
2021-06-25 14:43:10.768,32228.0
2021-06-25 14:43:10.773,33008.0
2021-06-25 14:43:10.778,32140.0
2021-06-25 14:43:10.783,35088.0
2021-06-25 14:43:10.788,32896.0
2021-06-25 14:43:10.793,31668.0
2021-06-25 14:43:10.798,32274.0
2021-06-25 14:43:10.803,31334.0
2021-06-25 14:43:10.808,30704.0
2021-06-25 14:43:10.813,28790.0
2021-06-25 14:43:10.818,31756.0
2021-06-25 14:43:10.823,33568.0
2021-06-25 14:43:10.828,37438.0
2021-06-25 14:43:10.833,37540.0
2021-06-25 14:43:10.838,38166.0
2021-06-25 14:43:10.844,37126.0
2021-06-25 14:43:10.848,36950.0
2021-06-25 14:43:10.853,37828.0
2021-06-25 14:43:10.858,38034.0
2021-06-25 14:43:10.863,37750.0
2021-06-25 14:43:10.868,36436.0
2021-06-25 14:43:10.873,36736.0
2021-06-25 14:43:10.878,36818.0
2021-06-25 14:43:10.883,39542.0
2021-06-25 14:43:10.888,38782.0
2021-06-25 14:43:10.893,35268.0
2021-06-25 14:43:10.898,32922.0
2021-06-25 14:43:10.903,33090.0
2021-06-25 14:43:10.908,29622.0
2021-06-25 14:43:10.913,29262.0
2021-06-25 14:43:10.918,31694.0
2021-06-25 14:43:10.923,31690.0
2021-06-25 14:43:10.929,36156.0
2021-06-25 14:43:10.933,30232.0
2021-06-25 14:43:10.938,33174.0
2021-06-25 14:43:10.943,31098.0
2021-06-25 14:43:10.948,32520.0
2021-06-25 14:43:10.953,30016.0
2021-06-25 14:43:10.958,31198.0
2021-06-25 14:43:10.963,29170.0
2021-06-25 14:43:10.968,36600.0
2021-06-25 14:43:10.973,36970.0
2021-06-25 14:43:10.978,37398.0
2021-06-25 14:43:10.983,35852.0
2021-06-25 14:43:10.988,37946.0
2021-06-25 14:43:10.993,36564.0
2021-06-25 14:43:10.998,36612.0
2021-06-25 14:43:11.003,35332.0
2021-06-25 14:43:11.008,37772.0
2021-06-25 14:43:11.013,36954.0
2021-06-25 14:43:11.018,37166.0
2021-06-25 14:43:11.023,36268.0
2021-06-25 14:43:11.028,38408.0
2021-06-25 14:43:11.033,36616.0
2021-06-25 14:43:11.038,38546.0
2021-06-25 14:43:11.043,32286.0
2021-06-25 14:43:11.048,32552.0
2021-06-25 14:43:11.053,30478.0
2021-06-25 14:43:11.058,30282.0
2021-06-25 14:43:11.063,29702.0
2021-06-25 14:43:11.068,30894.0
2021-06-25 14:43:11.073,33086.0
2021-06-25 14:43:11.078,29360.0
2021-06-25 14:43:11.083,30616.0
2021-06-25 14:43:11.088,32028.0
2021-06-25 14:43:11.093,34224.0
2021-06-25 14:43:11.098,30190.0
2021-06-25 14:43:11.103,31044.0
2021-06-25 14:43:11.108,29610.0
2021-06-25 14:43:11.113,37284.0
2021-06-25 14:43:11.118,36406.0
2021-06-25 14:43:11.123,35692.0
2021-06-25 14:43:11.128,34450.0
2021-06-25 14:43:11.133,34924.0
2021-06-25 14:43:11.138,32018.0
2021-06-25 14:43:11.143,31320.0
2021-06-25 14:43:11.148,32394.0
2021-06-25 14:43:11.153,32366.0
2021-06-25 14:43:11.158,34198.0
2021-06-25 14:43:11.163,32932.0
2021-06-25 14:43:11.168,32894.0
2021-06-25 14:43:11.173,35024.0
2021-06-25 14:43:11.178,33558.0
2021-06-25 14:43:11.183,28816.0
2021-06-25 14:43:11.188,29122.0
2021-06-25 14:43:11.193,29076.0
2021-06-25 14:43:11.198,29222.0
2021-06-25 14:43:11.203,29478.0
2021-06-25 14:43:11.208,30976.0
2021-06-25 14:43:11.213,26916.0
2021-06-25 14:43:11.218,29170.0
2021-06-25 14:43:11.223,27126.0
2021-06-25 14:43:11.228,26752.0
2021-06-25 14:43:11.233,29708.0
2021-06-25 14:43:11.238,26776.0
2021-06-25 14:43:11.243,32310.0
2021-06-25 14:43:11.248,28978.0
2021-06-25 14:43:11.253,32434.0
2021-06-25 14:43:11.258,34980.0
2021-06-25 14:43:11.263,35006.0
2021-06-25 14:43:11.268,33490.0
2021-06-25 14:43:11.273,33346.0
2021-06-25 14:43:11.278,35928.0
2021-06-25 14:43:11.283,36422.0
2021-06-25 14:43:11.288,34830.0
2021-06-25 14:43:11.293,32058.0
2021-06-25 14:43:11.298,33912.0
2021-06-25 14:43:11.303,35694.0
2021-06-25 14:43:11.308,35714.0
2021-06-25 14:43:11.313,34548.0
2021-06-25 14:43:11.318,34652.0
2021-06-25 14:43:11.323,29456.0
2021-06-25 14:43:11.328,30074.0
2021-06-25 14:43:11.333,31576.0
2021-06-25 14:43:11.338,27840.0
2021-06-25 14:43:11.343,28830.0
2021-06-25 14:43:11.348,28270.0
2021-06-25 14:43:11.353,29432.0
2021-06-25 14:43:11.358,30528.0
2021-06-25 14:43:11.363,29960.0
2021-06-25 14:43:11.368,28862.0
2021-06-25 14:43:11.373,32202.0
2021-06-25 14:43:11.378,30166.0
2021-06-25 14:43:11.383,33702.0
2021-06-25 14:43:11.388,38902.0
2021-06-25 14:43:11.393,37326.0
2021-06-25 14:43:11.399,36648.0
2021-06-25 14:43:11.403,36930.0
2021-06-25 14:43:11.408,38238.0
2021-06-25 14:43:11.413,38182.0
2021-06-25 14:43:11.418,38096.0
2021-06-25 14:43:11.423,37802.0
2021-06-25 14:43:11.428,40076.0
2021-06-25 14:43:11.433,38608.0
2021-06-25 14:43:11.438,38840.0
2021-06-25 14:43:11.443,37192.0
2021-06-25 14:43:11.448,38382.0
2021-06-25 14:43:11.453,34978.0
2021-06-25 14:43:11.458,38994.0
2021-06-25 14:43:11.463,33250.0
2021-06-25 14:43:11.468,32434.0
2021-06-25 14:43:11.473,31294.0
2021-06-25 14:43:11.478,33588.0
2021-06-25 14:43:11.484,31896.0
2021-06-25 14:43:11.488,34538.0
2021-06-25 14:43:11.493,31426.0
2021-06-25 14:43:11.498,33814.0
2021-06-25 14:43:11.503,33774.0
2021-06-25 14:43:11.508,28942.0
2021-06-25 14:43:11.513,26994.0
2021-06-25 14:43:11.518,29158.0
2021-06-25 14:43:11.523,28390.0
2021-06-25 14:43:11.528,32694.0
2021-06-25 14:43:11.533,35852.0
2021-06-25 14:43:11.538,33074.0
2021-06-25 14:43:11.543,34054.0
2021-06-25 14:43:11.548,29026.0
2021-06-25 14:43:11.553,33582.0
2021-06-25 14:43:11.558,34410.0
2021-06-25 14:43:11.563,33546.0
2021-06-25 14:43:11.569,33834.0
2021-06-25 14:43:11.573,35374.0
2021-06-25 14:43:11.578,35268.0
2021-06-25 14:43:11.583,36134.0
2021-06-25 14:43:11.588,34180.0
2021-06-25 14:43:11.593,34098.0
2021-06-25 14:43:11.598,28800.0
2021-06-25 14:43:11.603,31752.0
2021-06-25 14:43:11.608,27266.0
2021-06-25 14:43:11.613,27640.0
2021-06-25 14:43:11.618,30432.0
2021-06-25 14:43:11.623,28276.0
2021-06-25 14:43:11.628,33300.0
2021-06-25 14:43:11.633,31566.0
2021-06-25 14:43:11.638,30124.0
2021-06-25 14:43:11.643,28780.0
2021-06-25 14:43:11.648,29748.0
2021-06-25 14:43:11.653,29272.0
2021-06-25 14:43:11.658,29704.0
2021-06-25 14:43:11.663,28646.0
2021-06-25 14:43:11.668,35548.0
2021-06-25 14:43:11.673,36036.0
2021-06-25 14:43:11.678,36134.0
2021-06-25 14:43:11.683,35518.0
2021-06-25 14:43:11.688,35902.0
2021-06-25 14:43:11.693,35096.0
2021-06-25 14:43:11.698,35482.0
2021-06-25 14:43:11.703,32794.0
2021-06-25 14:43:11.708,34662.0
2021-06-25 14:43:11.713,35056.0
2021-06-25 14:43:11.718,35006.0
2021-06-25 14:43:11.723,35292.0
2021-06-25 14:43:11.728,35286.0
2021-06-25 14:43:11.733,36642.0
2021-06-25 14:43:11.738,34934.0
2021-06-25 14:43:11.743,30612.0
2021-06-25 14:43:11.748,28416.0
2021-06-25 14:43:11.753,29308.0
2021-06-25 14:43:11.758,31170.0
2021-06-25 14:43:11.763,27778.0
2021-06-25 14:43:11.768,33244.0
2021-06-25 14:43:11.773,31408.0
2021-06-25 14:43:11.778,31072.0
2021-06-25 14:43:11.783,31828.0
2021-06-25 14:43:11.788,31582.0
2021-06-25 14:43:11.793,29866.0
2021-06-25 14:43:11.798,31490.0
2021-06-25 14:43:11.803,32352.0
2021-06-25 14:43:11.808,35566.0
2021-06-25 14:43:11.813,34676.0
2021-06-25 14:43:11.818,34036.0
2021-06-25 14:43:11.823,35276.0
2021-06-25 14:43:11.828,33230.0
2021-06-25 14:43:11.833,35508.0
2021-06-25 14:43:11.838,35698.0
2021-06-25 14:43:11.843,36128.0
2021-06-25 14:43:11.848,35832.0
2021-06-25 14:43:11.853,35252.0
2021-06-25 14:43:11.858,36544.0
2021-06-25 14:43:11.863,35558.0
2021-06-25 14:43:11.868,35396.0
2021-06-25 14:43:11.873,34132.0
2021-06-25 14:43:11.878,34902.0
2021-06-25 14:43:11.883,35662.0
2021-06-25 14:43:11.888,29446.0
2021-06-25 14:43:11.893,30848.0
2021-06-25 14:43:11.898,30082.0
2021-06-25 14:43:11.903,29550.0
2021-06-25 14:43:11.908,29404.0
2021-06-25 14:43:11.913,29848.0
2021-06-25 14:43:11.918,32202.0
2021-06-25 14:43:11.923,30786.0
2021-06-25 14:43:11.928,30668.0
2021-06-25 14:43:11.933,32756.0
2021-06-25 14:43:11.938,31534.0
2021-06-25 14:43:11.943,34564.0
2021-06-25 14:43:11.948,32704.0
2021-06-25 14:43:11.953,39860.0
2021-06-25 14:43:11.958,38988.0
2021-06-25 14:43:11.963,38450.0
2021-06-25 14:43:11.968,38222.0
2021-06-25 14:43:11.973,38368.0
2021-06-25 14:43:11.978,38250.0
2021-06-25 14:43:11.983,39506.0
2021-06-25 14:43:11.988,37700.0
2021-06-25 14:43:11.993,40378.0
2021-06-25 14:43:11.998,39120.0
2021-06-25 14:43:12.003,33384.0
2021-06-25 14:43:12.008,37156.0
2021-06-25 14:43:12.013,38812.0
2021-06-25 14:43:12.018,36084.0
2021-06-25 14:43:12.023,38376.0
2021-06-25 14:43:12.028,32592.0
2021-06-25 14:43:12.033,32484.0
2021-06-25 14:43:12.039,33492.0
2021-06-25 14:43:12.043,34810.0
2021-06-25 14:43:12.048,32848.0
2021-06-25 14:43:12.053,36954.0
2021-06-25 14:43:12.058,32248.0
2021-06-25 14:43:12.063,30474.0
2021-06-25 14:43:12.068,32362.0
2021-06-25 14:43:12.073,30926.0
2021-06-25 14:43:12.078,32704.0
2021-06-25 14:43:12.083,30546.0
2021-06-25 14:43:12.088,31914.0
2021-06-25 14:43:12.093,36940.0
2021-06-25 14:43:12.098,36904.0
2021-06-25 14:43:12.103,35456.0
2021-06-25 14:43:12.108,37108.0
2021-06-25 14:43:12.113,37806.0
2021-06-25 14:43:12.118,36448.0
2021-06-25 14:43:12.124,37090.0
2021-06-25 14:43:12.128,37670.0
2021-06-25 14:43:12.133,36524.0
2021-06-25 14:43:12.138,32706.0
2021-06-25 14:43:12.143,36494.0
2021-06-25 14:43:12.148,38218.0
2021-06-25 14:43:12.153,34752.0
2021-06-25 14:43:12.158,37406.0
2021-06-25 14:43:12.163,36210.0
2021-06-25 14:43:12.168,33936.0
2021-06-25 14:43:12.173,31438.0
2021-06-25 14:43:12.178,31616.0
2021-06-25 14:43:12.183,33618.0
2021-06-25 14:43:12.188,30530.0
2021-06-25 14:43:12.193,35272.0
2021-06-25 14:43:12.198,32136.0
2021-06-25 14:43:12.203,31156.0
2021-06-25 14:43:12.209,31444.0
2021-06-25 14:43:12.213,29622.0
2021-06-25 14:43:12.218,30402.0
2021-06-25 14:43:12.223,30174.0
2021-06-25 14:43:12.228,36072.0
2021-06-25 14:43:12.233,37052.0
2021-06-25 14:43:12.238,35784.0
2021-06-25 14:43:12.243,36094.0
2021-06-25 14:43:12.248,35606.0
2021-06-25 14:43:12.253,37336.0
2021-06-25 14:43:12.258,35024.0
2021-06-25 14:43:12.263,37428.0
2021-06-25 14:43:12.268,36720.0
2021-06-25 14:43:12.273,38196.0
2021-06-25 14:43:12.278,37806.0
2021-06-25 14:43:12.283,36764.0
2021-06-25 14:43:12.288,35934.0
2021-06-25 14:43:12.293,37960.0
2021-06-25 14:43:12.298,37058.0
2021-06-25 14:43:12.303,32880.0
2021-06-25 14:43:12.308,30964.0
2021-06-25 14:43:12.313,30360.0
2021-06-25 14:43:12.318,29358.0
2021-06-25 14:43:12.323,30746.0
2021-06-25 14:43:12.328,30400.0
2021-06-25 14:43:12.333,33762.0
2021-06-25 14:43:12.338,30186.0
2021-06-25 14:43:12.343,31064.0
2021-06-25 14:43:12.348,30120.0
2021-06-25 14:43:12.353,30150.0
2021-06-25 14:43:12.358,30792.0
2021-06-25 14:43:12.363,30692.0
2021-06-25 14:43:12.368,31406.0
2021-06-25 14:43:12.373,34980.0
2021-06-25 14:43:12.378,37268.0
2021-06-25 14:43:12.383,36868.0
2021-06-25 14:43:12.388,37648.0
2021-06-25 14:43:12.393,38494.0
2021-06-25 14:43:12.398,35268.0
2021-06-25 14:43:12.403,31100.0
2021-06-25 14:43:12.408,34506.0
2021-06-25 14:43:12.413,36262.0
2021-06-25 14:43:12.418,36438.0
2021-06-25 14:43:12.423,36392.0
2021-06-25 14:43:12.428,37962.0
2021-06-25 14:43:12.433,37452.0
2021-06-25 14:43:12.438,38274.0
2021-06-25 14:43:12.443,37172.0
2021-06-25 14:43:12.448,34686.0
2021-06-25 14:43:12.453,29564.0
2021-06-25 14:43:12.458,29804.0
2021-06-25 14:43:12.463,31344.0
2021-06-25 14:43:12.468,32834.0
2021-06-25 14:43:12.473,29620.0
2021-06-25 14:43:12.478,30258.0
2021-06-25 14:43:12.483,32474.0
2021-06-25 14:43:12.488,32828.0
2021-06-25 14:43:12.493,30708.0
2021-06-25 14:43:12.498,32202.0
2021-06-25 14:43:12.503,31098.0
2021-06-25 14:43:12.508,32566.0
2021-06-25 14:43:12.513,29086.0
2021-06-25 14:43:12.518,30582.0
2021-06-25 14:43:12.523,34990.0
2021-06-25 14:43:12.528,36690.0
2021-06-25 14:43:12.533,35758.0
2021-06-25 14:43:12.538,36554.0
2021-06-25 14:43:12.543,36478.0
2021-06-25 14:43:12.548,34614.0
2021-06-25 14:43:12.553,36764.0
2021-06-25 14:43:12.558,34214.0
2021-06-25 14:43:12.563,35282.0
2021-06-25 14:43:12.568,36822.0
2021-06-25 14:43:12.573,35278.0
2021-06-25 14:43:12.578,36320.0
2021-06-25 14:43:12.583,37314.0
2021-06-25 14:43:12.588,38458.0
2021-06-25 14:43:12.593,35656.0
2021-06-25 14:43:12.598,32378.0
2021-06-25 14:43:12.603,29122.0
2021-06-25 14:43:12.608,31526.0
2021-06-25 14:43:12.613,30084.0
2021-06-25 14:43:12.618,34452.0
2021-06-25 14:43:12.623,34030.0
2021-06-25 14:43:12.628,31136.0
2021-06-25 14:43:12.633,31154.0
2021-06-25 14:43:12.638,32412.0
2021-06-25 14:43:12.643,29750.0
2021-06-25 14:43:12.648,30884.0
2021-06-25 14:43:12.653,31032.0
2021-06-25 14:43:12.658,34950.0
2021-06-25 14:43:12.663,35980.0
2021-06-25 14:43:12.668,36170.0
2021-06-25 14:43:12.673,36544.0
2021-06-25 14:43:12.679,35780.0
2021-06-25 14:43:12.683,37750.0
2021-06-25 14:43:12.688,36924.0
2021-06-25 14:43:12.693,35016.0
2021-06-25 14:43:12.698,36478.0
2021-06-25 14:43:12.703,37716.0
2021-06-25 14:43:12.708,33896.0
2021-06-25 14:43:12.713,35456.0
2021-06-25 14:43:12.718,35882.0
2021-06-25 14:43:12.723,36520.0
2021-06-25 14:43:12.728,34984.0
2021-06-25 14:43:12.733,37026.0
2021-06-25 14:43:12.738,30104.0
2021-06-25 14:43:12.743,29132.0
2021-06-25 14:43:12.748,30744.0
2021-06-25 14:43:12.753,32900.0
2021-06-25 14:43:12.758,32068.0
2021-06-25 14:43:12.764,28934.0
2021-06-25 14:43:12.768,28594.0
2021-06-25 14:43:12.773,30432.0
2021-06-25 14:43:12.778,31036.0
2021-06-25 14:43:12.783,31442.0
2021-06-25 14:43:12.788,31012.0
2021-06-25 14:43:12.793,31596.0
2021-06-25 14:43:12.798,31490.0
2021-06-25 14:43:12.803,29052.0
2021-06-25 14:43:12.808,34770.0
2021-06-25 14:43:12.813,34230.0
2021-06-25 14:43:12.818,35492.0
2021-06-25 14:43:12.823,36210.0
2021-06-25 14:43:12.828,35796.0
2021-06-25 14:43:12.833,36334.0
2021-06-25 14:43:12.838,35594.0
2021-06-25 14:43:12.843,35394.0
2021-06-25 14:43:12.849,36560.0
2021-06-25 14:43:12.853,36946.0
2021-06-25 14:43:12.858,36154.0
2021-06-25 14:43:12.863,36648.0
2021-06-25 14:43:12.868,37962.0
2021-06-25 14:43:12.873,37742.0
2021-06-25 14:43:12.878,38346.0
2021-06-25 14:43:12.883,37652.0
2021-06-25 14:43:12.888,33040.0
2021-06-25 14:43:12.893,32086.0
2021-06-25 14:43:12.898,32812.0
2021-06-25 14:43:12.903,34584.0
2021-06-25 14:43:12.908,29358.0
2021-06-25 14:43:12.913,32412.0
2021-06-25 14:43:12.918,30766.0
2021-06-25 14:43:12.923,29386.0
2021-06-25 14:43:12.928,31314.0
2021-06-25 14:43:12.933,29548.0
2021-06-25 14:43:12.938,29338.0
2021-06-25 14:43:12.943,31376.0
2021-06-25 14:43:12.948,31664.0
2021-06-25 14:43:12.953,35124.0
2021-06-25 14:43:12.958,34316.0
2021-06-25 14:43:12.963,33546.0
2021-06-25 14:43:12.968,34364.0
2021-06-25 14:43:12.973,32920.0
2021-06-25 14:43:12.978,34578.0
2021-06-25 14:43:12.983,34460.0
2021-06-25 14:43:12.988,34226.0
2021-06-25 14:43:12.993,34984.0
2021-06-25 14:43:12.998,34518.0
2021-06-25 14:43:13.003,35332.0
2021-06-25 14:43:13.008,28692.0
2021-06-25 14:43:13.013,32424.0
2021-06-25 14:43:13.018,33122.0
2021-06-25 14:43:13.023,34554.0
2021-06-25 14:43:13.028,33768.0
2021-06-25 14:43:13.033,29150.0
2021-06-25 14:43:13.038,30756.0
2021-06-25 14:43:13.043,31136.0
2021-06-25 14:43:13.048,29560.0
2021-06-25 14:43:13.053,28716.0
2021-06-25 14:43:13.058,30320.0
2021-06-25 14:43:13.063,29918.0
2021-06-25 14:43:13.068,27356.0
2021-06-25 14:43:13.081,30668.0
2021-06-25 14:43:13.082,28234.0
2021-06-25 14:43:13.084,29400.0
2021-06-25 14:43:13.088,29594.0
2021-06-25 14:43:13.093,27654.0
2021-06-25 14:43:13.098,34158.0
2021-06-25 14:43:13.103,32114.0
2021-06-25 14:43:13.108,32306.0
2021-06-25 14:43:13.113,33182.0
2021-06-25 14:43:13.118,34860.0
2021-06-25 14:43:13.123,34112.0
2021-06-25 14:43:13.128,35178.0
2021-06-25 14:43:13.133,37002.0
2021-06-25 14:43:13.138,36488.0
2021-06-25 14:43:13.143,37510.0
2021-06-25 14:43:13.148,37576.0
2021-06-25 14:43:13.153,40000.0
2021-06-25 14:43:13.158,38758.0
2021-06-25 14:43:13.163,38250.0
2021-06-25 14:43:13.168,39264.0
2021-06-25 14:43:13.173,38562.0
2021-06-25 14:43:13.178,38712.0
2021-06-25 14:43:13.183,32284.0
2021-06-25 14:43:13.188,34136.0
2021-06-25 14:43:13.193,33618.0
2021-06-25 14:43:13.198,33408.0
2021-06-25 14:43:13.203,35020.0
2021-06-25 14:43:13.208,35104.0
2021-06-25 14:43:13.213,31494.0
2021-06-25 14:43:13.218,32630.0
2021-06-25 14:43:13.223,32366.0
2021-06-25 14:43:13.228,31362.0
2021-06-25 14:43:13.233,32648.0
2021-06-25 14:43:13.238,31924.0
2021-06-25 14:43:13.243,31560.0
2021-06-25 14:43:13.248,38650.0
2021-06-25 14:43:13.253,39120.0
2021-06-25 14:43:13.258,38622.0
2021-06-25 14:43:13.263,35148.0
2021-06-25 14:43:13.268,38342.0
2021-06-25 14:43:13.273,37618.0
2021-06-25 14:43:13.278,38376.0
2021-06-25 14:43:13.283,36904.0
2021-06-25 14:43:13.288,38766.0
2021-06-25 14:43:13.293,35322.0
2021-06-25 14:43:13.298,38418.0
2021-06-25 14:43:13.303,35086.0
2021-06-25 14:43:13.308,35996.0
2021-06-25 14:43:13.313,38002.0
2021-06-25 14:43:13.319,37828.0
2021-06-25 14:43:13.323,29830.0
2021-06-25 14:43:13.328,31298.0
2021-06-25 14:43:13.333,31940.0
2021-06-25 14:43:13.338,32890.0
2021-06-25 14:43:13.343,33172.0
2021-06-25 14:43:13.348,32588.0
2021-06-25 14:43:13.353,31536.0
2021-06-25 14:43:13.358,31136.0
2021-06-25 14:43:13.363,31026.0
2021-06-25 14:43:13.368,30226.0
2021-06-25 14:43:13.373,29862.0
2021-06-25 14:43:13.378,30130.0
2021-06-25 14:43:13.383,36236.0
2021-06-25 14:43:13.388,37218.0
2021-06-25 14:43:13.393,37254.0
2021-06-25 14:43:13.398,38150.0
2021-06-25 14:43:13.404,34050.0
2021-06-25 14:43:13.408,34892.0
2021-06-25 14:43:13.413,33980.0
2021-06-25 14:43:13.418,37534.0
2021-06-25 14:43:13.423,36730.0
2021-06-25 14:43:13.428,36950.0
2021-06-25 14:43:13.433,37796.0
2021-06-25 14:43:13.438,37638.0
2021-06-25 14:43:13.443,36582.0
2021-06-25 14:43:13.448,35876.0
2021-06-25 14:43:13.453,37150.0
2021-06-25 14:43:13.458,31962.0
2021-06-25 14:43:13.463,31530.0
2021-06-25 14:43:13.468,29348.0
2021-06-25 14:43:13.473,31598.0
2021-06-25 14:43:13.478,29016.0
2021-06-25 14:43:13.483,34882.0
2021-06-25 14:43:13.489,31398.0
2021-06-25 14:43:13.493,31484.0
2021-06-25 14:43:13.498,30606.0
2021-06-25 14:43:13.503,30114.0
2021-06-25 14:43:13.508,31432.0
2021-06-25 14:43:13.513,30668.0
2021-06-25 14:43:13.518,28752.0
2021-06-25 14:43:13.523,31398.0
2021-06-25 14:43:13.528,36062.0
2021-06-25 14:43:13.533,36432.0
2021-06-25 14:43:13.538,36726.0
2021-06-25 14:43:13.543,38116.0
2021-06-25 14:43:13.548,36092.0
2021-06-25 14:43:13.553,36310.0
2021-06-25 14:43:13.558,32458.0
2021-06-25 14:43:13.563,33944.0
2021-06-25 14:43:13.568,36868.0
2021-06-25 14:43:13.573,37510.0
2021-06-25 14:43:13.578,36262.0
2021-06-25 14:43:13.583,36684.0
2021-06-25 14:43:13.588,37058.0
2021-06-25 14:43:13.593,38670.0
2021-06-25 14:43:13.598,38132.0
2021-06-25 14:43:13.603,30268.0
2021-06-25 14:43:13.608,30970.0
2021-06-25 14:43:13.613,30272.0
2021-06-25 14:43:13.618,33064.0
2021-06-25 14:43:13.623,31380.0
2021-06-25 14:43:13.628,36274.0
2021-06-25 14:43:13.633,31300.0
2021-06-25 14:43:13.638,33024.0
2021-06-25 14:43:13.643,31406.0
2021-06-25 14:43:13.648,30622.0
2021-06-25 14:43:13.653,32444.0
2021-06-25 14:43:13.658,30390.0
2021-06-25 14:43:13.663,31776.0
2021-06-25 14:43:13.668,37542.0
2021-06-25 14:43:13.673,37388.0
2021-06-25 14:43:13.678,36990.0
2021-06-25 14:43:13.683,36826.0
2021-06-25 14:43:13.688,38404.0
2021-06-25 14:43:13.693,36946.0
2021-06-25 14:43:13.698,38240.0
2021-06-25 14:43:13.703,38674.0
2021-06-25 14:43:13.708,34734.0
2021-06-25 14:43:13.713,34862.0
2021-06-25 14:43:13.718,36128.0
2021-06-25 14:43:13.723,37464.0
2021-06-25 14:43:13.728,37632.0
2021-06-25 14:43:13.733,37890.0
2021-06-25 14:43:13.738,37546.0
2021-06-25 14:43:13.743,31690.0
2021-06-25 14:43:13.748,30084.0
2021-06-25 14:43:13.753,30736.0
2021-06-25 14:43:13.758,32468.0
2021-06-25 14:43:13.763,30592.0
2021-06-25 14:43:13.768,34826.0
2021-06-25 14:43:13.773,34764.0
2021-06-25 14:43:13.778,30728.0
2021-06-25 14:43:13.783,29472.0
2021-06-25 14:43:13.788,30534.0
2021-06-25 14:43:13.793,32494.0
2021-06-25 14:43:13.798,30648.0
2021-06-25 14:43:13.803,33640.0
2021-06-25 14:43:13.808,33454.0
2021-06-25 14:43:13.813,36130.0
2021-06-25 14:43:13.818,37644.0
2021-06-25 14:43:13.823,36926.0
2021-06-25 14:43:13.828,38536.0
2021-06-25 14:43:13.833,38404.0
2021-06-25 14:43:13.838,38028.0
2021-06-25 14:43:13.843,38392.0
2021-06-25 14:43:13.848,36966.0
2021-06-25 14:43:13.853,36908.0
2021-06-25 14:43:13.858,37366.0
2021-06-25 14:43:13.863,34850.0
2021-06-25 14:43:13.868,36166.0
2021-06-25 14:43:13.873,35368.0
2021-06-25 14:43:13.878,37370.0
2021-06-25 14:43:13.883,37850.0
2021-06-25 14:43:13.888,31734.0
2021-06-25 14:43:13.893,30792.0
2021-06-25 14:43:13.898,33240.0
2021-06-25 14:43:13.903,32624.0
2021-06-25 14:43:13.908,30274.0
2021-06-25 14:43:13.913,34486.0
2021-06-25 14:43:13.918,29538.0
2021-06-25 14:43:13.923,31336.0
2021-06-25 14:43:13.928,32042.0
2021-06-25 14:43:13.933,28190.0
2021-06-25 14:43:13.938,29200.0
2021-06-25 14:43:13.943,32120.0
2021-06-25 14:43:13.948,29442.0
2021-06-25 14:43:13.953,32824.0
2021-06-25 14:43:13.959,33028.0
2021-06-25 14:43:13.963,32238.0
2021-06-25 14:43:13.968,33306.0
2021-06-25 14:43:13.973,32536.0
2021-06-25 14:43:13.978,31588.0
2021-06-25 14:43:13.983,32322.0
2021-06-25 14:43:13.988,33372.0
2021-06-25 14:43:13.993,34918.0
2021-06-25 14:43:13.998,35158.0
2021-06-25 14:43:14.003,34842.0
2021-06-25 14:43:14.008,34912.0
2021-06-25 14:43:14.013,29744.0
2021-06-25 14:43:14.018,33680.0
2021-06-25 14:43:14.023,35630.0
2021-06-25 14:43:14.028,35682.0
2021-06-25 14:43:14.033,36376.0
2021-06-25 14:43:14.038,30228.0
2021-06-25 14:43:14.044,28528.0
2021-06-25 14:43:14.048,28752.0
2021-06-25 14:43:14.053,29840.0
2021-06-25 14:43:14.058,30284.0
2021-06-25 14:43:14.063,29620.0
2021-06-25 14:43:14.068,29114.0
2021-06-25 14:43:14.073,27362.0
2021-06-25 14:43:14.078,26586.0
2021-06-25 14:43:14.083,27866.0
2021-06-25 14:43:14.088,27444.0
2021-06-25 14:43:14.093,29786.0
2021-06-25 14:43:14.098,28600.0
2021-06-25 14:43:14.103,35930.0
2021-06-25 14:43:14.108,36600.0
2021-06-25 14:43:14.113,34030.0
2021-06-25 14:43:14.118,35406.0
2021-06-25 14:43:14.123,34942.0
2021-06-25 14:43:14.129,35596.0
2021-06-25 14:43:14.133,37244.0
2021-06-25 14:43:14.138,36924.0
2021-06-25 14:43:14.143,38264.0
2021-06-25 14:43:14.148,37434.0
2021-06-25 14:43:14.153,38886.0
2021-06-25 14:43:14.158,39356.0
2021-06-25 14:43:14.163,38132.0
2021-06-25 14:43:14.168,39168.0
2021-06-25 14:43:14.173,39906.0
2021-06-25 14:43:14.178,38494.0
2021-06-25 14:43:14.183,32910.0
2021-06-25 14:43:14.188,32860.0
2021-06-25 14:43:14.193,34410.0
2021-06-25 14:43:14.198,34888.0
2021-06-25 14:43:14.203,33628.0
2021-06-25 14:43:14.208,32988.0
2021-06-25 14:43:14.213,31660.0
2021-06-25 14:43:14.218,31766.0
2021-06-25 14:43:14.223,33414.0
2021-06-25 14:43:14.228,32178.0
2021-06-25 14:43:14.233,33492.0
2021-06-25 14:43:14.238,33722.0
2021-06-25 14:43:14.243,38234.0
2021-06-25 14:43:14.248,35374.0
2021-06-25 14:43:14.253,37160.0
2021-06-25 14:43:14.258,38228.0
2021-06-25 14:43:14.263,37320.0
2021-06-25 14:43:14.268,35692.0
2021-06-25 14:43:14.273,37052.0
2021-06-25 14:43:14.278,38414.0
2021-06-25 14:43:14.283,39034.0
2021-06-25 14:43:14.288,39050.0
2021-06-25 14:43:14.293,37940.0
2021-06-25 14:43:14.298,35872.0
2021-06-25 14:43:14.303,38168.0
2021-06-25 14:43:14.308,38234.0
2021-06-25 14:43:14.313,35160.0
2021-06-25 14:43:14.318,36222.0
2021-06-25 14:43:14.323,37946.0
2021-06-25 14:43:14.328,31652.0
2021-06-25 14:43:14.333,30084.0
2021-06-25 14:43:14.338,33246.0
2021-06-25 14:43:14.343,32268.0
2021-06-25 14:43:14.348,32788.0
2021-06-25 14:43:14.353,32014.0
2021-06-25 14:43:14.358,29840.0
2021-06-25 14:43:14.363,29108.0
2021-06-25 14:43:14.368,30374.0
2021-06-25 14:43:14.373,28908.0
2021-06-25 14:43:14.378,30638.0
2021-06-25 14:43:14.383,30482.0
2021-06-25 14:43:14.388,36330.0
2021-06-25 14:43:14.393,33944.0
2021-06-25 14:43:14.398,36098.0
2021-06-25 14:43:14.403,36124.0
2021-06-25 14:43:14.408,36294.0
2021-06-25 14:43:14.413,36580.0
2021-06-25 14:43:14.418,34908.0
2021-06-25 14:43:14.423,36582.0
2021-06-25 14:43:14.428,36658.0
2021-06-25 14:43:14.433,36084.0
2021-06-25 14:43:14.438,36684.0
2021-06-25 14:43:14.443,35694.0
2021-06-25 14:43:14.448,37006.0
2021-06-25 14:43:14.453,36346.0
2021-06-25 14:43:14.458,36020.0
2021-06-25 14:43:14.463,35200.0
2021-06-25 14:43:14.468,35584.0
2021-06-25 14:43:14.473,30688.0
2021-06-25 14:43:14.478,31860.0
2021-06-25 14:43:14.483,29816.0
2021-06-25 14:43:14.488,30564.0
2021-06-25 14:43:14.493,29790.0
2021-06-25 14:43:14.498,36518.0
2021-06-25 14:43:14.503,30488.0
2021-06-25 14:43:14.508,30402.0
2021-06-25 14:43:14.513,30258.0
2021-06-25 14:43:14.518,32864.0
2021-06-25 14:43:14.523,30972.0
2021-06-25 14:43:14.528,29006.0
2021-06-25 14:43:14.533,30488.0
2021-06-25 14:43:14.538,37336.0
2021-06-25 14:43:14.543,36324.0
2021-06-25 14:43:14.548,35364.0
2021-06-25 14:43:14.553,37540.0
2021-06-25 14:43:14.558,36642.0
2021-06-25 14:43:14.563,36310.0
2021-06-25 14:43:14.568,34752.0
2021-06-25 14:43:14.573,37382.0
2021-06-25 14:43:14.578,36110.0
2021-06-25 14:43:14.583,36982.0
2021-06-25 14:43:14.588,37324.0
2021-06-25 14:43:14.593,35538.0
2021-06-25 14:43:14.599,38746.0
2021-06-25 14:43:14.603,38054.0
2021-06-25 14:43:14.608,36858.0
2021-06-25 14:43:14.613,29776.0
2021-06-25 14:43:14.618,29912.0
2021-06-25 14:43:14.623,31288.0
2021-06-25 14:43:14.628,32260.0
2021-06-25 14:43:14.633,31684.0
2021-06-25 14:43:14.638,30236.0
2021-06-25 14:43:14.643,29508.0
2021-06-25 14:43:14.648,30262.0
2021-06-25 14:43:14.653,30606.0
2021-06-25 14:43:14.658,34676.0
2021-06-25 14:43:14.663,30020.0
2021-06-25 14:43:14.668,32614.0
2021-06-25 14:43:14.673,37146.0
2021-06-25 14:43:14.678,38122.0
2021-06-25 14:43:14.684,38132.0
2021-06-25 14:43:14.688,38022.0
2021-06-25 14:43:14.693,38576.0
2021-06-25 14:43:14.698,38268.0
2021-06-25 14:43:14.703,38172.0
2021-06-25 14:43:14.708,37104.0
2021-06-25 14:43:14.713,36744.0
2021-06-25 14:43:14.718,36628.0
2021-06-25 14:43:14.723,35442.0
2021-06-25 14:43:14.728,36930.0
2021-06-25 14:43:14.733,36982.0
2021-06-25 14:43:14.738,37550.0
2021-06-25 14:43:14.743,37442.0
2021-06-25 14:43:14.748,31272.0
2021-06-25 14:43:14.753,31560.0
2021-06-25 14:43:14.758,31808.0
2021-06-25 14:43:14.763,32666.0
2021-06-25 14:43:14.769,31628.0
2021-06-25 14:43:14.773,32008.0
2021-06-25 14:43:14.778,34066.0
2021-06-25 14:43:14.783,30292.0
2021-06-25 14:43:14.788,32182.0
2021-06-25 14:43:14.793,30320.0
2021-06-25 14:43:14.798,34090.0
2021-06-25 14:43:14.803,32490.0
2021-06-25 14:43:14.808,32228.0
2021-06-25 14:43:14.813,36242.0
2021-06-25 14:43:14.818,38208.0
2021-06-25 14:43:14.823,37120.0
2021-06-25 14:43:14.828,37582.0
2021-06-25 14:43:14.833,36380.0
2021-06-25 14:43:14.838,37612.0
2021-06-25 14:43:14.843,37262.0
2021-06-25 14:43:14.848,38720.0
2021-06-25 14:43:14.853,35446.0
2021-06-25 14:43:14.858,37310.0
2021-06-25 14:43:14.863,36520.0
2021-06-25 14:43:14.868,35764.0
2021-06-25 14:43:14.873,35262.0
2021-06-25 14:43:14.878,36236.0
2021-06-25 14:43:14.883,37330.0
2021-06-25 14:43:14.888,31380.0
2021-06-25 14:43:14.893,32264.0
2021-06-25 14:43:14.898,30576.0
2021-06-25 14:43:14.903,32146.0
2021-06-25 14:43:14.908,32100.0
2021-06-25 14:43:14.913,31382.0
2021-06-25 14:43:14.918,35774.0
2021-06-25 14:43:14.923,30704.0
2021-06-25 14:43:14.928,28548.0
2021-06-25 14:43:14.933,31054.0
2021-06-25 14:43:14.938,29190.0
2021-06-25 14:43:14.943,30202.0
2021-06-25 14:43:14.948,34018.0
2021-06-25 14:43:14.953,38178.0
2021-06-25 14:43:14.958,38008.0
2021-06-25 14:43:14.963,38536.0
2021-06-25 14:43:14.968,36534.0
2021-06-25 14:43:14.973,38106.0
2021-06-25 14:43:14.978,36130.0
2021-06-25 14:43:14.983,38778.0
2021-06-25 14:43:14.988,35230.0
2021-06-25 14:43:14.993,38114.0
2021-06-25 14:43:14.998,36918.0
2021-06-25 14:43:15.003,36904.0
2021-06-25 14:43:15.008,36772.0
2021-06-25 14:43:15.013,35394.0
2021-06-25 14:43:15.018,33790.0
2021-06-25 14:43:15.023,35918.0
2021-06-25 14:43:15.028,36066.0
2021-06-25 14:43:15.033,30986.0
2021-06-25 14:43:15.038,29872.0
2021-06-25 14:43:15.043,31906.0
2021-06-25 14:43:15.048,32100.0
2021-06-25 14:43:15.053,31212.0
2021-06-25 14:43:15.058,32172.0
2021-06-25 14:43:15.063,30438.0
2021-06-25 14:43:15.068,32504.0
2021-06-25 14:43:15.073,30954.0
2021-06-25 14:43:15.078,31642.0
2021-06-25 14:43:15.083,32028.0
2021-06-25 14:43:15.088,30124.0
2021-06-25 14:43:15.093,31154.0
2021-06-25 14:43:15.098,37160.0
2021-06-25 14:43:15.103,36918.0
2021-06-25 14:43:15.108,37546.0
2021-06-25 14:43:15.113,33926.0
2021-06-25 14:43:15.118,34416.0
2021-06-25 14:43:15.123,36242.0
2021-06-25 14:43:15.128,35304.0
2021-06-25 14:43:15.133,36364.0
2021-06-25 14:43:15.138,36946.0
2021-06-25 14:43:15.143,35538.0
2021-06-25 14:43:15.148,36222.0
2021-06-25 14:43:15.153,37736.0
2021-06-25 14:43:15.158,38116.0
2021-06-25 14:43:15.163,33532.0
2021-06-25 14:43:15.168,37628.0
2021-06-25 14:43:15.173,36918.0
2021-06-25 14:43:15.178,31136.0
2021-06-25 14:43:15.183,29954.0
2021-06-25 14:43:15.188,30960.0
2021-06-25 14:43:15.193,29826.0
2021-06-25 14:43:15.198,30138.0
2021-06-25 14:43:15.203,29836.0
2021-06-25 14:43:15.208,31534.0
2021-06-25 14:43:15.213,30926.0
2021-06-25 14:43:15.218,30718.0
2021-06-25 14:43:15.223,31366.0
2021-06-25 14:43:15.228,29888.0
2021-06-25 14:43:15.233,32074.0
2021-06-25 14:43:15.239,30674.0
2021-06-25 14:43:15.243,36418.0
2021-06-25 14:43:15.248,39128.0
2021-06-25 14:43:15.253,39164.0
2021-06-25 14:43:15.258,38100.0
2021-06-25 14:43:15.263,36668.0
2021-06-25 14:43:15.268,37180.0
2021-06-25 14:43:15.273,35098.0
2021-06-25 14:43:15.278,38070.0
2021-06-25 14:43:15.283,37732.0
2021-06-25 14:43:15.288,37094.0
2021-06-25 14:43:15.293,36612.0
2021-06-25 14:43:15.298,36858.0
2021-06-25 14:43:15.303,37824.0
2021-06-25 14:43:15.308,37960.0
2021-06-25 14:43:15.313,35612.0
2021-06-25 14:43:15.318,31736.0
2021-06-25 14:43:15.324,29702.0
2021-06-25 14:43:15.328,29892.0
2021-06-25 14:43:15.333,32762.0
2021-06-25 14:43:15.338,30790.0
2021-06-25 14:43:15.343,35802.0
2021-06-25 14:43:15.348,31824.0
2021-06-25 14:43:15.353,31742.0
2021-06-25 14:43:15.358,31494.0
2021-06-25 14:43:15.363,31766.0
2021-06-25 14:43:15.368,32140.0
2021-06-25 14:43:15.373,30120.0
2021-06-25 14:43:15.378,30134.0
2021-06-25 14:43:15.383,37108.0
2021-06-25 14:43:15.388,37048.0
2021-06-25 14:43:15.393,37248.0
2021-06-25 14:43:15.398,35426.0
2021-06-25 14:43:15.403,35354.0
2021-06-25 14:43:15.409,37822.0
2021-06-25 14:43:15.413,34594.0
2021-06-25 14:43:15.418,31588.0
2021-06-25 14:43:15.423,33962.0
2021-06-25 14:43:15.428,34974.0
2021-06-25 14:43:15.433,36674.0
2021-06-25 14:43:15.438,35616.0
2021-06-25 14:43:15.443,37838.0
2021-06-25 14:43:15.448,37372.0
2021-06-25 14:43:15.453,31838.0
2021-06-25 14:43:15.458,32876.0
2021-06-25 14:43:15.463,30970.0
2021-06-25 14:43:15.468,31262.0
2021-06-25 14:43:15.473,31788.0
2021-06-25 14:43:15.478,31756.0
2021-06-25 14:43:15.483,30890.0
2021-06-25 14:43:15.488,29606.0
2021-06-25 14:43:15.493,31080.0
2021-06-25 14:43:15.498,30648.0
2021-06-25 14:43:15.503,30554.0
2021-06-25 14:43:15.508,31834.0
2021-06-25 14:43:15.513,29154.0
2021-06-25 14:43:15.518,37648.0
2021-06-25 14:43:15.523,34732.0
2021-06-25 14:43:15.528,36960.0
2021-06-25 14:43:15.533,37100.0
2021-06-25 14:43:15.538,37262.0
2021-06-25 14:43:15.543,35148.0
2021-06-25 14:43:15.548,35286.0
2021-06-25 14:43:15.553,37152.0
2021-06-25 14:43:15.558,38050.0
2021-06-25 14:43:15.563,36220.0
2021-06-25 14:43:15.568,32640.0
2021-06-25 14:43:15.573,35876.0
2021-06-25 14:43:15.578,36878.0
2021-06-25 14:43:15.583,35272.0
2021-06-25 14:43:15.588,36760.0
2021-06-25 14:43:15.593,35062.0
2021-06-25 14:43:15.598,31792.0
2021-06-25 14:43:15.603,31088.0
2021-06-25 14:43:15.608,32038.0
2021-06-25 14:43:15.613,31196.0
2021-06-25 14:43:15.618,30888.0
2021-06-25 14:43:15.623,34630.0
2021-06-25 14:43:15.628,30190.0
2021-06-25 14:43:15.641,33092.0
2021-06-25 14:43:15.642,32952.0
2021-06-25 14:43:15.644,30720.0
2021-06-25 14:43:15.648,30500.0
2021-06-25 14:43:15.653,33742.0
2021-06-25 14:43:15.658,37936.0
2021-06-25 14:43:15.663,36654.0
2021-06-25 14:43:15.668,33234.0
2021-06-25 14:43:15.673,35492.0
2021-06-25 14:43:15.678,38044.0
2021-06-25 14:43:15.683,37044.0
2021-06-25 14:43:15.688,35712.0
2021-06-25 14:43:15.693,36146.0
2021-06-25 14:43:15.698,36796.0
2021-06-25 14:43:15.703,38674.0
2021-06-25 14:43:15.708,36010.0
2021-06-25 14:43:15.713,36998.0
2021-06-25 14:43:15.718,34158.0
2021-06-25 14:43:15.723,36318.0
2021-06-25 14:43:15.728,36808.0
2021-06-25 14:43:15.733,37890.0
2021-06-25 14:43:15.738,31248.0
2021-06-25 14:43:15.743,31506.0
2021-06-25 14:43:15.748,31920.0
2021-06-25 14:43:15.753,30402.0
2021-06-25 14:43:15.758,30058.0
2021-06-25 14:43:15.763,35642.0
2021-06-25 14:43:15.768,32758.0
2021-06-25 14:43:15.773,30900.0
2021-06-25 14:43:15.778,31454.0
2021-06-25 14:43:15.783,29250.0
2021-06-25 14:43:15.788,30586.0
2021-06-25 14:43:15.793,32326.0
2021-06-25 14:43:15.798,36510.0
2021-06-25 14:43:15.803,37392.0
2021-06-25 14:43:15.808,36360.0
2021-06-25 14:43:15.813,39424.0
2021-06-25 14:43:15.818,36052.0
2021-06-25 14:43:15.823,37888.0
2021-06-25 14:43:15.828,37542.0
2021-06-25 14:43:15.833,38070.0
2021-06-25 14:43:15.838,38408.0
2021-06-25 14:43:15.843,38578.0
2021-06-25 14:43:15.848,38172.0
2021-06-25 14:43:15.853,37576.0
2021-06-25 14:43:15.858,35534.0
2021-06-25 14:43:15.863,36402.0
2021-06-25 14:43:15.868,36138.0
2021-06-25 14:43:15.873,37598.0
2021-06-25 14:43:15.879,31658.0
2021-06-25 14:43:15.883,29190.0
2021-06-25 14:43:15.888,30664.0
2021-06-25 14:43:15.893,32022.0
2021-06-25 14:43:15.898,31418.0
2021-06-25 14:43:15.903,36248.0
2021-06-25 14:43:15.908,32742.0
2021-06-25 14:43:15.913,31386.0
2021-06-25 14:43:15.918,31278.0
2021-06-25 14:43:15.923,33034.0
2021-06-25 14:43:15.928,32540.0
2021-06-25 14:43:15.933,31376.0
2021-06-25 14:43:15.938,29504.0
2021-06-25 14:43:15.943,36078.0
2021-06-25 14:43:15.948,37498.0
2021-06-25 14:43:15.953,35216.0
2021-06-25 14:43:15.958,37370.0
2021-06-25 14:43:15.964,36592.0
2021-06-25 14:43:15.968,35580.0
2021-06-25 14:43:15.973,34614.0
2021-06-25 14:43:15.978,34670.0
2021-06-25 14:43:15.983,36818.0
2021-06-25 14:43:15.988,35606.0
2021-06-25 14:43:15.993,35338.0
2021-06-25 14:43:15.998,34816.0
2021-06-25 14:43:16.003,36628.0
2021-06-25 14:43:16.008,38378.0
2021-06-25 14:43:16.013,37392.0
2021-06-25 14:43:16.018,35128.0
2021-06-25 14:43:16.023,32890.0
2021-06-25 14:43:16.028,31506.0
2021-06-25 14:43:16.033,30262.0
2021-06-25 14:43:16.038,31664.0
2021-06-25 14:43:16.043,30048.0
2021-06-25 14:43:16.049,30164.0
2021-06-25 14:43:16.053,33808.0
2021-06-25 14:43:16.058,29640.0
2021-06-25 14:43:16.063,31196.0
2021-06-25 14:43:16.068,29360.0
2021-06-25 14:43:16.073,31500.0
2021-06-25 14:43:16.078,31288.0
2021-06-25 14:43:16.083,28970.0
2021-06-25 14:43:16.088,36154.0
2021-06-25 14:43:16.093,36494.0
2021-06-25 14:43:16.098,36626.0
2021-06-25 14:43:16.103,36890.0
2021-06-25 14:43:16.108,36944.0
2021-06-25 14:43:16.113,39246.0
2021-06-25 14:43:16.118,36186.0
2021-06-25 14:43:16.123,33782.0
2021-06-25 14:43:16.128,35712.0
2021-06-25 14:43:16.133,36110.0
2021-06-25 14:43:16.138,34542.0
2021-06-25 14:43:16.143,37560.0
2021-06-25 14:43:16.148,36030.0
2021-06-25 14:43:16.153,35386.0
2021-06-25 14:43:16.158,36356.0
2021-06-25 14:43:16.163,38404.0
2021-06-25 14:43:16.168,36282.0
2021-06-25 14:43:16.173,30226.0
2021-06-25 14:43:16.178,30864.0
2021-06-25 14:43:16.183,31234.0
2021-06-25 14:43:16.188,29740.0
2021-06-25 14:43:16.193,27650.0
2021-06-25 14:43:16.198,28886.0
2021-06-25 14:43:16.203,29774.0
2021-06-25 14:43:16.208,28588.0
2021-06-25 14:43:16.213,27610.0
2021-06-25 14:43:16.218,27110.0
2021-06-25 14:43:16.223,27886.0
2021-06-25 14:43:16.228,27532.0
2021-06-25 14:43:16.233,27820.0
2021-06-25 14:43:16.238,34558.0
2021-06-25 14:43:16.243,33656.0
2021-06-25 14:43:16.248,34774.0
2021-06-25 14:43:16.253,34512.0
2021-06-25 14:43:16.258,33246.0
2021-06-25 14:43:16.263,34106.0
2021-06-25 14:43:16.268,32116.0
2021-06-25 14:43:16.273,29724.0
2021-06-25 14:43:16.278,33998.0
2021-06-25 14:43:16.283,34180.0
2021-06-25 14:43:16.288,33506.0
2021-06-25 14:43:16.293,34778.0
2021-06-25 14:43:16.298,35020.0
2021-06-25 14:43:16.303,34986.0
2021-06-25 14:43:16.308,35436.0
2021-06-25 14:43:16.313,30026.0
2021-06-25 14:43:16.318,29298.0
2021-06-25 14:43:16.323,29816.0
2021-06-25 14:43:16.328,30514.0
2021-06-25 14:43:16.333,27900.0
2021-06-25 14:43:16.338,30216.0
2021-06-25 14:43:16.343,32274.0
2021-06-25 14:43:16.348,28332.0
2021-06-25 14:43:16.353,29404.0
2021-06-25 14:43:16.358,28024.0
2021-06-25 14:43:16.363,30452.0
2021-06-25 14:43:16.368,29420.0
2021-06-25 14:43:16.373,27398.0
2021-06-25 14:43:16.378,30334.0
2021-06-25 14:43:16.383,36150.0
2021-06-25 14:43:16.388,34734.0
2021-06-25 14:43:16.393,35688.0
2021-06-25 14:43:16.398,36180.0
2021-06-25 14:43:16.403,35888.0
2021-06-25 14:43:16.408,34508.0
2021-06-25 14:43:16.413,34106.0
2021-06-25 14:43:16.418,34354.0
2021-06-25 14:43:16.423,33382.0
2021-06-25 14:43:16.428,36382.0
2021-06-25 14:43:16.433,36792.0
2021-06-25 14:43:16.438,36356.0
2021-06-25 14:43:16.443,36030.0
2021-06-25 14:43:16.448,35278.0
2021-06-25 14:43:16.453,35508.0
2021-06-25 14:43:16.458,30002.0
2021-06-25 14:43:16.463,29132.0
2021-06-25 14:43:16.468,29986.0
2021-06-25 14:43:16.473,30926.0
2021-06-25 14:43:16.478,29468.0
2021-06-25 14:43:16.483,28872.0
2021-06-25 14:43:16.488,30412.0
2021-06-25 14:43:16.493,30402.0
2021-06-25 14:43:16.498,30636.0
2021-06-25 14:43:16.503,31212.0
2021-06-25 14:43:16.508,29514.0
2021-06-25 14:43:16.513,30488.0
2021-06-25 14:43:16.519,35380.0
2021-06-25 14:43:16.523,36356.0
2021-06-25 14:43:16.528,34144.0
2021-06-25 14:43:16.533,36780.0
2021-06-25 14:43:16.538,35422.0
2021-06-25 14:43:16.543,36228.0
2021-06-25 14:43:16.548,35902.0
2021-06-25 14:43:16.553,36654.0
2021-06-25 14:43:16.558,37618.0
2021-06-25 14:43:16.563,35964.0
2021-06-25 14:43:16.568,34564.0
2021-06-25 14:43:16.573,30328.0
2021-06-25 14:43:16.578,32902.0
2021-06-25 14:43:16.583,35036.0
2021-06-25 14:43:16.588,35980.0
2021-06-25 14:43:16.593,37100.0
2021-06-25 14:43:16.598,31212.0
2021-06-25 14:43:16.604,28814.0
2021-06-25 14:43:16.608,30918.0
2021-06-25 14:43:16.613,29714.0
2021-06-25 14:43:16.618,28970.0
2021-06-25 14:43:16.623,32458.0
2021-06-25 14:43:16.628,32920.0
2021-06-25 14:43:16.633,30754.0
2021-06-25 14:43:16.638,28092.0
2021-06-25 14:43:16.643,28518.0
2021-06-25 14:43:16.648,29662.0
2021-06-25 14:43:16.653,30772.0
2021-06-25 14:43:16.658,29686.0
2021-06-25 14:43:16.663,31668.0
2021-06-25 14:43:16.668,36186.0
2021-06-25 14:43:16.673,30736.0
2021-06-25 14:43:16.678,32278.0
2021-06-25 14:43:16.683,36996.0
2021-06-25 14:43:16.689,35358.0
2021-06-25 14:43:16.693,36212.0
2021-06-25 14:43:16.698,35876.0
2021-06-25 14:43:16.703,37074.0
2021-06-25 14:43:16.708,35468.0
2021-06-25 14:43:16.713,34810.0
2021-06-25 14:43:16.718,35934.0
2021-06-25 14:43:16.723,33564.0
2021-06-25 14:43:16.728,31704.0
2021-06-25 14:43:16.733,34666.0
2021-06-25 14:43:16.738,34578.0
2021-06-25 14:43:16.743,28198.0
2021-06-25 14:43:16.748,28580.0
2021-06-25 14:43:16.753,29622.0
2021-06-25 14:43:16.758,32532.0
2021-06-25 14:43:16.763,30012.0
2021-06-25 14:43:16.768,30724.0
2021-06-25 14:43:16.773,32008.0
2021-06-25 14:43:16.778,28116.0
2021-06-25 14:43:16.783,28208.0
2021-06-25 14:43:16.788,26326.0
2021-06-25 14:43:16.793,28836.0
2021-06-25 14:43:16.798,28656.0
2021-06-25 14:43:16.803,26756.0
2021-06-25 14:43:16.808,30010.0
2021-06-25 14:43:16.813,33336.0
2021-06-25 14:43:16.818,33244.0
2021-06-25 14:43:16.823,34948.0
2021-06-25 14:43:16.828,31588.0
2021-06-25 14:43:16.833,34302.0
2021-06-25 14:43:16.838,33562.0
2021-06-25 14:43:16.843,33706.0
2021-06-25 14:43:16.848,34152.0
2021-06-25 14:43:16.853,34924.0
2021-06-25 14:43:16.858,35810.0
2021-06-25 14:43:16.863,34560.0
2021-06-25 14:43:16.868,36226.0
2021-06-25 14:43:16.873,33592.0
2021-06-25 14:43:16.878,33054.0
2021-06-25 14:43:16.883,35876.0
2021-06-25 14:43:16.888,35276.0
2021-06-25 14:43:16.893,28164.0
2021-06-25 14:43:16.898,27804.0
2021-06-25 14:43:16.903,28516.0
2021-06-25 14:43:16.908,29648.0
2021-06-25 14:43:16.913,27482.0
2021-06-25 14:43:16.918,33664.0
2021-06-25 14:43:16.923,29060.0
2021-06-25 14:43:16.928,31268.0
2021-06-25 14:43:16.933,27502.0
2021-06-25 14:43:16.938,29324.0
2021-06-25 14:43:16.943,29468.0
2021-06-25 14:43:16.948,30520.0
2021-06-25 14:43:16.953,36314.0
2021-06-25 14:43:16.958,36966.0
2021-06-25 14:43:16.963,33896.0
2021-06-25 14:43:16.968,37494.0
2021-06-25 14:43:16.973,34974.0
2021-06-25 14:43:16.978,34280.0
2021-06-25 14:43:16.983,37606.0
2021-06-25 14:43:16.988,37244.0
2021-06-25 14:43:16.993,35488.0
2021-06-25 14:43:16.998,36288.0
2021-06-25 14:43:17.003,36392.0
2021-06-25 14:43:17.008,36982.0
2021-06-25 14:43:17.013,37966.0
2021-06-25 14:43:17.018,38268.0
2021-06-25 14:43:17.023,36334.0
2021-06-25 14:43:17.028,35360.0
2021-06-25 14:43:17.033,28600.0
2021-06-25 14:43:17.038,31146.0
2021-06-25 14:43:17.043,31038.0
2021-06-25 14:43:17.048,30652.0
2021-06-25 14:43:17.053,30616.0
2021-06-25 14:43:17.058,29970.0
2021-06-25 14:43:17.063,29576.0
2021-06-25 14:43:17.068,30878.0
2021-06-25 14:43:17.073,30570.0
2021-06-25 14:43:17.078,30288.0
2021-06-25 14:43:17.083,31088.0
2021-06-25 14:43:17.088,28918.0
2021-06-25 14:43:17.093,31202.0
2021-06-25 14:43:17.098,36926.0
2021-06-25 14:43:17.103,37110.0
2021-06-25 14:43:17.108,37274.0
2021-06-25 14:43:17.113,36360.0
2021-06-25 14:43:17.118,36976.0
2021-06-25 14:43:17.123,35494.0
2021-06-25 14:43:17.128,33568.0
2021-06-25 14:43:17.133,34866.0
2021-06-25 14:43:17.138,36602.0
2021-06-25 14:43:17.143,34912.0
2021-06-25 14:43:17.148,35812.0
2021-06-25 14:43:17.153,35616.0
2021-06-25 14:43:17.159,34696.0
2021-06-25 14:43:17.163,32696.0
2021-06-25 14:43:17.168,36236.0
2021-06-25 14:43:17.173,35278.0
2021-06-25 14:43:17.178,29386.0
2021-06-25 14:43:17.183,29086.0
2021-06-25 14:43:17.188,31038.0
2021-06-25 14:43:17.193,29422.0
2021-06-25 14:43:17.198,34298.0
2021-06-25 14:43:17.203,33280.0
2021-06-25 14:43:17.208,26526.0
2021-06-25 14:43:17.213,27502.0
2021-06-25 14:43:17.218,27414.0
2021-06-25 14:43:17.223,25962.0
2021-06-25 14:43:17.228,26668.0
2021-06-25 14:43:17.233,28004.0
2021-06-25 14:43:17.238,33086.0
2021-06-25 14:43:17.244,32234.0
2021-06-25 14:43:17.248,32566.0
2021-06-25 14:43:17.253,34462.0
2021-06-25 14:43:17.258,33864.0
2021-06-25 14:43:17.263,30816.0
2021-06-25 14:43:17.268,33882.0
2021-06-25 14:43:17.273,33980.0
2021-06-25 14:43:17.278,29194.0
2021-06-25 14:43:17.283,32006.0
2021-06-25 14:43:17.288,33624.0
2021-06-25 14:43:17.293,34362.0
2021-06-25 14:43:17.298,33202.0
2021-06-25 14:43:17.303,34362.0
2021-06-25 14:43:17.308,33486.0
2021-06-25 14:43:17.313,32604.0
2021-06-25 14:43:17.318,26722.0
2021-06-25 14:43:17.323,28702.0
2021-06-25 14:43:17.329,30364.0
2021-06-25 14:43:17.333,26152.0
2021-06-25 14:43:17.338,30164.0
2021-06-25 14:43:17.343,26330.0
2021-06-25 14:43:17.348,30710.0
2021-06-25 14:43:17.353,26812.0
2021-06-25 14:43:17.358,28580.0
2021-06-25 14:43:17.363,28636.0
2021-06-25 14:43:17.368,26690.0
2021-06-25 14:43:17.373,27820.0
2021-06-25 14:43:17.378,28034.0
2021-06-25 14:43:17.383,26242.0
2021-06-25 14:43:17.388,27568.0
2021-06-25 14:43:17.393,32500.0
2021-06-25 14:43:17.398,31854.0
2021-06-25 14:43:17.403,33328.0
2021-06-25 14:43:17.408,33900.0
2021-06-25 14:43:17.413,32994.0
2021-06-25 14:43:17.418,33882.0
2021-06-25 14:43:17.423,30992.0
2021-06-25 14:43:17.428,30756.0
2021-06-25 14:43:17.433,32772.0
2021-06-25 14:43:17.438,33880.0
2021-06-25 14:43:17.443,33752.0
2021-06-25 14:43:17.448,33676.0
2021-06-25 14:43:17.453,34842.0
2021-06-25 14:43:17.458,33040.0
2021-06-25 14:43:17.463,34260.0
2021-06-25 14:43:17.468,34626.0
2021-06-25 14:43:17.473,31680.0
2021-06-25 14:43:17.478,29164.0
2021-06-25 14:43:17.483,28010.0
2021-06-25 14:43:17.488,27726.0
2021-06-25 14:43:17.493,30160.0
2021-06-25 14:43:17.498,27572.0
2021-06-25 14:43:17.503,30068.0
2021-06-25 14:43:17.508,29164.0
2021-06-25 14:43:17.513,29360.0
2021-06-25 14:43:17.518,26740.0
2021-06-25 14:43:17.523,26848.0
2021-06-25 14:43:17.528,28342.0
2021-06-25 14:43:17.533,28606.0
2021-06-25 14:43:17.538,26414.0
2021-06-25 14:43:17.543,30384.0
2021-06-25 14:43:17.548,34086.0
2021-06-25 14:43:17.553,34554.0
2021-06-25 14:43:17.558,32372.0
2021-06-25 14:43:17.563,36114.0
2021-06-25 14:43:17.568,33826.0
2021-06-25 14:43:17.573,32376.0
2021-06-25 14:43:17.578,27512.0
2021-06-25 14:43:17.583,31234.0
2021-06-25 14:43:17.588,35266.0
2021-06-25 14:43:17.593,35194.0
2021-06-25 14:43:17.598,34024.0
2021-06-25 14:43:17.603,34400.0
2021-06-25 14:43:17.608,34480.0
2021-06-25 14:43:17.613,35154.0
2021-06-25 14:43:17.618,34164.0
2021-06-25 14:43:17.623,27310.0
2021-06-25 14:43:17.628,27542.0
2021-06-25 14:43:17.633,28188.0
2021-06-25 14:43:17.638,29256.0
2021-06-25 14:43:17.643,29842.0
2021-06-25 14:43:17.648,29268.0
2021-06-25 14:43:17.653,33434.0
2021-06-25 14:43:17.658,30206.0
2021-06-25 14:43:17.663,29062.0
2021-06-25 14:43:17.668,29364.0
2021-06-25 14:43:17.673,31372.0
2021-06-25 14:43:17.678,29452.0
2021-06-25 14:43:17.683,30736.0
2021-06-25 14:43:17.688,30674.0
2021-06-25 14:43:17.693,34436.0
2021-06-25 14:43:17.698,34568.0
2021-06-25 14:43:17.703,33700.0
2021-06-25 14:43:17.708,35400.0
2021-06-25 14:43:17.713,37068.0
2021-06-25 14:43:17.718,36180.0
2021-06-25 14:43:17.723,34388.0
2021-06-25 14:43:17.728,35594.0
2021-06-25 14:43:17.733,33932.0
2021-06-25 14:43:17.738,35026.0
2021-06-25 14:43:17.743,36246.0
2021-06-25 14:43:17.748,34180.0
2021-06-25 14:43:17.753,35308.0
2021-06-25 14:43:17.758,35698.0
2021-06-25 14:43:17.763,34482.0
2021-06-25 14:43:17.768,32434.0
2021-06-25 14:43:17.773,28872.0
2021-06-25 14:43:17.778,27008.0
2021-06-25 14:43:17.783,29004.0
2021-06-25 14:43:17.788,27974.0
2021-06-25 14:43:17.793,28272.0
2021-06-25 14:43:17.799,29106.0
2021-06-25 14:43:17.803,32830.0
2021-06-25 14:43:17.808,28888.0
2021-06-25 14:43:17.813,29132.0
2021-06-25 14:43:17.818,28174.0
2021-06-25 14:43:17.823,29738.0
2021-06-25 14:43:17.828,28630.0
2021-06-25 14:43:17.833,29026.0
2021-06-25 14:43:17.838,28378.0
2021-06-25 14:43:17.843,34040.0
2021-06-25 14:43:17.848,32974.0
2021-06-25 14:43:17.853,34532.0
2021-06-25 14:43:17.858,35846.0
2021-06-25 14:43:17.863,34580.0
2021-06-25 14:43:17.868,34230.0
2021-06-25 14:43:17.873,35150.0
2021-06-25 14:43:17.878,29698.0
2021-06-25 14:43:17.884,32260.0
2021-06-25 14:43:17.888,34010.0
2021-06-25 14:43:17.893,35538.0
2021-06-25 14:43:17.898,34486.0
2021-06-25 14:43:17.903,35966.0
2021-06-25 14:43:17.908,35730.0
2021-06-25 14:43:17.913,35278.0
2021-06-25 14:43:17.918,34516.0
2021-06-25 14:43:17.923,30176.0
2021-06-25 14:43:17.928,29876.0
2021-06-25 14:43:17.933,28922.0
2021-06-25 14:43:17.938,29272.0
2021-06-25 14:43:17.943,28416.0
2021-06-25 14:43:17.948,31176.0
2021-06-25 14:43:17.953,27562.0
2021-06-25 14:43:17.958,26706.0
2021-06-25 14:43:17.963,30232.0
2021-06-25 14:43:17.969,28676.0
2021-06-25 14:43:17.973,29984.0
2021-06-25 14:43:17.978,29866.0
2021-06-25 14:43:17.983,31294.0
2021-06-25 14:43:17.988,27420.0
2021-06-25 14:43:17.993,35338.0
2021-06-25 14:43:17.998,35672.0
2021-06-25 14:43:18.003,35512.0
2021-06-25 14:43:18.008,35006.0
2021-06-25 14:43:18.013,34866.0
2021-06-25 14:43:18.018,35934.0
2021-06-25 14:43:18.023,37424.0
2021-06-25 14:43:18.028,35812.0
2021-06-25 14:43:18.033,34552.0
2021-06-25 14:43:18.038,33754.0
2021-06-25 14:43:18.043,34558.0
2021-06-25 14:43:18.048,34388.0
2021-06-25 14:43:18.053,35974.0
2021-06-25 14:43:18.058,35838.0
2021-06-25 14:43:18.063,30098.0
2021-06-25 14:43:18.068,28662.0
2021-06-25 14:43:18.073,30150.0
2021-06-25 14:43:18.078,31406.0
2021-06-25 14:43:18.083,28616.0
2021-06-25 14:43:18.088,32434.0
2021-06-25 14:43:18.093,29196.0
2021-06-25 14:43:18.098,29168.0
2021-06-25 14:43:18.103,27166.0
2021-06-25 14:43:18.108,30540.0
2021-06-25 14:43:18.113,27844.0
2021-06-25 14:43:18.118,30390.0
2021-06-25 14:43:18.123,29712.0
2021-06-25 14:43:18.128,35062.0
2021-06-25 14:43:18.133,33142.0
2021-06-25 14:43:18.138,35102.0
2021-06-25 14:43:18.143,33664.0
2021-06-25 14:43:18.148,35794.0
2021-06-25 14:43:18.153,33692.0
2021-06-25 14:43:18.158,33142.0
2021-06-25 14:43:18.163,34886.0
2021-06-25 14:43:18.168,34872.0
2021-06-25 14:43:18.173,33356.0
2021-06-25 14:43:18.178,32952.0
2021-06-25 14:43:18.183,33610.0
2021-06-25 14:43:18.188,33040.0
2021-06-25 14:43:18.201,33804.0
2021-06-25 14:43:18.202,36078.0
2021-06-25 14:43:18.204,35558.0
2021-06-25 14:43:18.208,35024.0
2021-06-25 14:43:18.213,28944.0
2021-06-25 14:43:18.218,28624.0
2021-06-25 14:43:18.223,28482.0
2021-06-25 14:43:18.228,31700.0
2021-06-25 14:43:18.233,29576.0
2021-06-25 14:43:18.238,31524.0
2021-06-25 14:43:18.243,27788.0
2021-06-25 14:43:18.248,28656.0
2021-06-25 14:43:18.253,27346.0
2021-06-25 14:43:18.258,28842.0
2021-06-25 14:43:18.263,27794.0
2021-06-25 14:43:18.268,27564.0
2021-06-25 14:43:18.273,29966.0
2021-06-25 14:43:18.278,33722.0
2021-06-25 14:43:18.283,28852.0
2021-06-25 14:43:18.288,32968.0
2021-06-25 14:43:18.293,33656.0
2021-06-25 14:43:18.298,35452.0
2021-06-25 14:43:18.303,33846.0
2021-06-25 14:43:18.308,35420.0
2021-06-25 14:43:18.313,34630.0
2021-06-25 14:43:18.318,30520.0
2021-06-25 14:43:18.323,35118.0
2021-06-25 14:43:18.328,35986.0
2021-06-25 14:43:18.333,31760.0
2021-06-25 14:43:18.338,31962.0
2021-06-25 14:43:18.343,34158.0
2021-06-25 14:43:18.348,37232.0
2021-06-25 14:43:18.353,35426.0
2021-06-25 14:43:18.358,29304.0
2021-06-25 14:43:18.363,26890.0
2021-06-25 14:43:18.368,28082.0
2021-06-25 14:43:18.373,31100.0
2021-06-25 14:43:18.378,28860.0
2021-06-25 14:43:18.383,32474.0
2021-06-25 14:43:18.388,28076.0
2021-06-25 14:43:18.393,28262.0
2021-06-25 14:43:18.398,27562.0
2021-06-25 14:43:18.403,27492.0
2021-06-25 14:43:18.408,29194.0
2021-06-25 14:43:18.413,28430.0
2021-06-25 14:43:18.418,29396.0
2021-06-25 14:43:18.423,35134.0
2021-06-25 14:43:18.428,35476.0
2021-06-25 14:43:18.433,35014.0
2021-06-25 14:43:18.439,32120.0
2021-06-25 14:43:18.443,34892.0
2021-06-25 14:43:18.448,35016.0
2021-06-25 14:43:18.453,34108.0
2021-06-25 14:43:18.458,34624.0
2021-06-25 14:43:18.463,33706.0
2021-06-25 14:43:18.468,32394.0
2021-06-25 14:43:18.473,33300.0
2021-06-25 14:43:18.478,32142.0
2021-06-25 14:43:18.483,30212.0
2021-06-25 14:43:18.488,33296.0
2021-06-25 14:43:18.493,35278.0
2021-06-25 14:43:18.498,32540.0
2021-06-25 14:43:18.503,28424.0
2021-06-25 14:43:18.508,27928.0
2021-06-25 14:43:18.513,29754.0
2021-06-25 14:43:18.518,30350.0
2021-06-25 14:43:18.524,27804.0
2021-06-25 14:43:18.528,26776.0
2021-06-25 14:43:18.533,29148.0
2021-06-25 14:43:18.538,26926.0
2021-06-25 14:43:18.543,27372.0
2021-06-25 14:43:18.548,31592.0
2021-06-25 14:43:18.553,26740.0
2021-06-25 14:43:18.558,27048.0
2021-06-25 14:43:18.563,28394.0
2021-06-25 14:43:18.568,33510.0
2021-06-25 14:43:18.573,34476.0
2021-06-25 14:43:18.578,31002.0
2021-06-25 14:43:18.583,27526.0
2021-06-25 14:43:18.588,31580.0
2021-06-25 14:43:18.593,33742.0
2021-06-25 14:43:18.598,32394.0
2021-06-25 14:43:18.603,34292.0
2021-06-25 14:43:18.609,32972.0
2021-06-25 14:43:18.613,33922.0
2021-06-25 14:43:18.618,36726.0
2021-06-25 14:43:18.623,33646.0
2021-06-25 14:43:18.628,33850.0
2021-06-25 14:43:18.633,29832.0
2021-06-25 14:43:18.638,31432.0
2021-06-25 14:43:18.643,34614.0
2021-06-25 14:43:18.648,34522.0
2021-06-25 14:43:18.653,26794.0
2021-06-25 14:43:18.658,27738.0
2021-06-25 14:43:18.663,27728.0
2021-06-25 14:43:18.668,30570.0
2021-06-25 14:43:18.673,29004.0
2021-06-25 14:43:18.678,28722.0
2021-06-25 14:43:18.683,27002.0
2021-06-25 14:43:18.688,28754.0
2021-06-25 14:43:18.693,28682.0
2021-06-25 14:43:18.698,28626.0
2021-06-25 14:43:18.703,26676.0
2021-06-25 14:43:18.708,29692.0
2021-06-25 14:43:18.713,28896.0
2021-06-25 14:43:18.718,30728.0
2021-06-25 14:43:18.723,33660.0
2021-06-25 14:43:18.728,34172.0
2021-06-25 14:43:18.733,30914.0
2021-06-25 14:43:18.738,30770.0
2021-06-25 14:43:18.743,34502.0
2021-06-25 14:43:18.748,32730.0
2021-06-25 14:43:18.753,34734.0
2021-06-25 14:43:18.758,34044.0
2021-06-25 14:43:18.763,33168.0
2021-06-25 14:43:18.768,36274.0
2021-06-25 14:43:18.773,33908.0
2021-06-25 14:43:18.778,30828.0
2021-06-25 14:43:18.783,33300.0
2021-06-25 14:43:18.788,32956.0
2021-06-25 14:43:18.793,34116.0
2021-06-25 14:43:18.798,33954.0
2021-06-25 14:43:18.803,28676.0
2021-06-25 14:43:18.808,28764.0
2021-06-25 14:43:18.813,31006.0
2021-06-25 14:43:18.818,27404.0
2021-06-25 14:43:18.823,30072.0
2021-06-25 14:43:18.828,33510.0
2021-06-25 14:43:18.833,29230.0
2021-06-25 14:43:18.838,27130.0
2021-06-25 14:43:18.843,28804.0
2021-06-25 14:43:18.848,26458.0
2021-06-25 14:43:18.853,28456.0
2021-06-25 14:43:18.858,27604.0
2021-06-25 14:43:18.863,32388.0
2021-06-25 14:43:18.868,34656.0
2021-06-25 14:43:18.873,34354.0
2021-06-25 14:43:18.878,35656.0
2021-06-25 14:43:18.883,35068.0
2021-06-25 14:43:18.888,31458.0
2021-06-25 14:43:18.893,33964.0
2021-06-25 14:43:18.898,34184.0
2021-06-25 14:43:18.903,33754.0
2021-06-25 14:43:18.908,34368.0
2021-06-25 14:43:18.913,35548.0
2021-06-25 14:43:18.918,35940.0
2021-06-25 14:43:18.923,35052.0
2021-06-25 14:43:18.928,35096.0
2021-06-25 14:43:18.933,33854.0
2021-06-25 14:43:18.938,32332.0
2021-06-25 14:43:18.943,32160.0
2021-06-25 14:43:18.948,26206.0
2021-06-25 14:43:18.953,28394.0
2021-06-25 14:43:18.958,27366.0
2021-06-25 14:43:18.963,28198.0
2021-06-25 14:43:18.968,27188.0
2021-06-25 14:43:18.973,30416.0
2021-06-25 14:43:18.978,33814.0
2021-06-25 14:43:18.983,28246.0
2021-06-25 14:43:18.988,30120.0
2021-06-25 14:43:18.993,30066.0
2021-06-25 14:43:18.998,28600.0
2021-06-25 14:43:19.003,26998.0
2021-06-25 14:43:19.008,26822.0
2021-06-25 14:43:19.013,30648.0
2021-06-25 14:43:19.018,34770.0
2021-06-25 14:43:19.023,35062.0
2021-06-25 14:43:19.028,34102.0
2021-06-25 14:43:19.033,32330.0
2021-06-25 14:43:19.038,35292.0
2021-06-25 14:43:19.043,32558.0
2021-06-25 14:43:19.048,34144.0
2021-06-25 14:43:19.053,34036.0
2021-06-25 14:43:19.058,32748.0
2021-06-25 14:43:19.063,35174.0
2021-06-25 14:43:19.068,35940.0
2021-06-25 14:43:19.073,34426.0
2021-06-25 14:43:19.079,35252.0
2021-06-25 14:43:19.083,33820.0
2021-06-25 14:43:19.088,33040.0
2021-06-25 14:43:19.093,33614.0
2021-06-25 14:43:19.098,26232.0
2021-06-25 14:43:19.103,27686.0
2021-06-25 14:43:19.108,28846.0
2021-06-25 14:43:19.113,29304.0
2021-06-25 14:43:19.118,29102.0
2021-06-25 14:43:19.123,30576.0
2021-06-25 14:43:19.128,28380.0
2021-06-25 14:43:19.133,29322.0
2021-06-25 14:43:19.138,29154.0
2021-06-25 14:43:19.143,27348.0
2021-06-25 14:43:19.148,27764.0
2021-06-25 14:43:19.153,31924.0
2021-06-25 14:43:19.158,34230.0
2021-06-25 14:43:19.164,35082.0
2021-06-25 14:43:19.168,34518.0
2021-06-25 14:43:19.173,34180.0
2021-06-25 14:43:19.178,34666.0
2021-06-25 14:43:19.183,34522.0
2021-06-25 14:43:19.188,33316.0
2021-06-25 14:43:19.193,35412.0
2021-06-25 14:43:19.198,34924.0
2021-06-25 14:43:19.203,33572.0
2021-06-25 14:43:19.208,35118.0
2021-06-25 14:43:19.213,33290.0
2021-06-25 14:43:19.218,34430.0
2021-06-25 14:43:19.223,34352.0
2021-06-25 14:43:19.228,34174.0
2021-06-25 14:43:19.233,33562.0
2021-06-25 14:43:19.238,29668.0
2021-06-25 14:43:19.243,26034.0
2021-06-25 14:43:19.249,26550.0
2021-06-25 14:43:19.253,28164.0
2021-06-25 14:43:19.258,26736.0
2021-06-25 14:43:19.263,33312.0
2021-06-25 14:43:19.268,29278.0
2021-06-25 14:43:19.273,27372.0
2021-06-25 14:43:19.278,27716.0
2021-06-25 14:43:19.283,31506.0
2021-06-25 14:43:19.288,28888.0
2021-06-25 14:43:19.293,26742.0
2021-06-25 14:43:19.298,28290.0
2021-06-25 14:43:19.303,34928.0
2021-06-25 14:43:19.308,34174.0
2021-06-25 14:43:19.313,35088.0
2021-06-25 14:43:19.318,33418.0
2021-06-25 14:43:19.323,33994.0
2021-06-25 14:43:19.328,32716.0
2021-06-25 14:43:19.333,35272.0
2021-06-25 14:43:19.338,35118.0
2021-06-25 14:43:19.343,33254.0
2021-06-25 14:43:19.348,33628.0
2021-06-25 14:43:19.353,33254.0
2021-06-25 14:43:19.358,33656.0
2021-06-25 14:43:19.363,34480.0
2021-06-25 14:43:19.368,33722.0
2021-06-25 14:43:19.373,28136.0
2021-06-25 14:43:19.378,26916.0
2021-06-25 14:43:19.383,28292.0
2021-06-25 14:43:19.388,28246.0
2021-06-25 14:43:19.393,30210.0
2021-06-25 14:43:19.398,27850.0
2021-06-25 14:43:19.403,31362.0
2021-06-25 14:43:19.408,26788.0
2021-06-25 14:43:19.413,27824.0
2021-06-25 14:43:19.418,28390.0
2021-06-25 14:43:19.423,28050.0
2021-06-25 14:43:19.428,29600.0
2021-06-25 14:43:19.433,28482.0
2021-06-25 14:43:19.438,28980.0
2021-06-25 14:43:19.443,34354.0
2021-06-25 14:43:19.448,34126.0
2021-06-25 14:43:19.453,34872.0
2021-06-25 14:43:19.458,33048.0
2021-06-25 14:43:19.463,33882.0
2021-06-25 14:43:19.468,33846.0
2021-06-25 14:43:19.473,30338.0
2021-06-25 14:43:19.478,34446.0
2021-06-25 14:43:19.483,33682.0
2021-06-25 14:43:19.488,28354.0
2021-06-25 14:43:19.493,30462.0
2021-06-25 14:43:19.498,34312.0
2021-06-25 14:43:19.503,34702.0
2021-06-25 14:43:19.508,33234.0
2021-06-25 14:43:19.513,34090.0
2021-06-25 14:43:19.518,27306.0
2021-06-25 14:43:19.523,28144.0
2021-06-25 14:43:19.528,30534.0
2021-06-25 14:43:19.533,30710.0
2021-06-25 14:43:19.538,27592.0
2021-06-25 14:43:19.543,31996.0
2021-06-25 14:43:19.548,28138.0
2021-06-25 14:43:19.553,26418.0
2021-06-25 14:43:19.558,26802.0
2021-06-25 14:43:19.563,27736.0
2021-06-25 14:43:19.568,27130.0
2021-06-25 14:43:19.573,28872.0
2021-06-25 14:43:19.578,28086.0
2021-06-25 14:43:19.583,32566.0
2021-06-25 14:43:19.588,30114.0
2021-06-25 14:43:19.593,33500.0
2021-06-25 14:43:19.598,33254.0
2021-06-25 14:43:19.603,34122.0
2021-06-25 14:43:19.608,33110.0
2021-06-25 14:43:19.613,33700.0
2021-06-25 14:43:19.618,34030.0
2021-06-25 14:43:19.623,31016.0
2021-06-25 14:43:19.628,35278.0
2021-06-25 14:43:19.633,33296.0
2021-06-25 14:43:19.638,31362.0
2021-06-25 14:43:19.643,31868.0
2021-06-25 14:43:19.648,32168.0
2021-06-25 14:43:19.653,33634.0
2021-06-25 14:43:19.658,26332.0
2021-06-25 14:43:19.663,29108.0
2021-06-25 14:43:19.668,28306.0
2021-06-25 14:43:19.673,29488.0
2021-06-25 14:43:19.678,27254.0
2021-06-25 14:43:19.683,29662.0
2021-06-25 14:43:19.688,28492.0
2021-06-25 14:43:19.693,27382.0
2021-06-25 14:43:19.698,28728.0
2021-06-25 14:43:19.703,28800.0
2021-06-25 14:43:19.708,27146.0
2021-06-25 14:43:19.713,29348.0
2021-06-25 14:43:19.719,28348.0
2021-06-25 14:43:19.723,35036.0
2021-06-25 14:43:19.728,34480.0
2021-06-25 14:43:19.733,33916.0
2021-06-25 14:43:19.738,33284.0
2021-06-25 14:43:19.743,31514.0
2021-06-25 14:43:19.748,33574.0
2021-06-25 14:43:19.753,33362.0
2021-06-25 14:43:19.758,33132.0
2021-06-25 14:43:19.763,34030.0
2021-06-25 14:43:19.768,32854.0
2021-06-25 14:43:19.773,34200.0
2021-06-25 14:43:19.778,33972.0
2021-06-25 14:43:19.783,33428.0
2021-06-25 14:43:19.788,34570.0
2021-06-25 14:43:19.793,33762.0
2021-06-25 14:43:19.798,33152.0
2021-06-25 14:43:19.804,27892.0
2021-06-25 14:43:19.808,27250.0
2021-06-25 14:43:19.813,27552.0
2021-06-25 14:43:19.818,29292.0
2021-06-25 14:43:19.823,29770.0
2021-06-25 14:43:19.828,29678.0
2021-06-25 14:43:19.833,28354.0
2021-06-25 14:43:19.838,26972.0
2021-06-25 14:43:19.843,29728.0
2021-06-25 14:43:19.848,27948.0
2021-06-25 14:43:19.853,26786.0
2021-06-25 14:43:19.858,28646.0
2021-06-25 14:43:19.863,26884.0
2021-06-25 14:43:19.868,34020.0
2021-06-25 14:43:19.873,35766.0
2021-06-25 14:43:19.878,35328.0
2021-06-25 14:43:19.883,31422.0
2021-06-25 14:43:19.889,28072.0
2021-06-25 14:43:19.893,30964.0
2021-06-25 14:43:19.898,34446.0
2021-06-25 14:43:19.903,35282.0
2021-06-25 14:43:19.908,33296.0
2021-06-25 14:43:19.913,35774.0
2021-06-25 14:43:19.918,34706.0
2021-06-25 14:43:19.923,36382.0
2021-06-25 14:43:19.928,34244.0
2021-06-25 14:43:19.933,34046.0
2021-06-25 14:43:19.938,34424.0
2021-06-25 14:43:19.943,29344.0
2021-06-25 14:43:19.948,28502.0
2021-06-25 14:43:19.953,27722.0
2021-06-25 14:43:19.958,28018.0
2021-06-25 14:43:19.963,28436.0
2021-06-25 14:43:19.968,29098.0
2021-06-25 14:43:19.973,31052.0
2021-06-25 14:43:19.978,30920.0
2021-06-25 14:43:19.983,31140.0
2021-06-25 14:43:19.988,27990.0
2021-06-25 14:43:19.993,30890.0
2021-06-25 14:43:19.998,28416.0
2021-06-25 14:43:20.003,26804.0
2021-06-25 14:43:20.008,28420.0
2021-06-25 14:43:20.013,33872.0
2021-06-25 14:43:20.018,33906.0
2021-06-25 14:43:20.023,35190.0
2021-06-25 14:43:20.028,34686.0
2021-06-25 14:43:20.033,33358.0
2021-06-25 14:43:20.038,32920.0
2021-06-25 14:43:20.043,34046.0
2021-06-25 14:43:20.048,33210.0
2021-06-25 14:43:20.053,33476.0
2021-06-25 14:43:20.058,33276.0
2021-06-25 14:43:20.063,33178.0
2021-06-25 14:43:20.068,35078.0
2021-06-25 14:43:20.073,34630.0
2021-06-25 14:43:20.078,36120.0
2021-06-25 14:43:20.083,33782.0
2021-06-25 14:43:20.088,27234.0
2021-06-25 14:43:20.093,29046.0
2021-06-25 14:43:20.098,27346.0
2021-06-25 14:43:20.103,30610.0
2021-06-25 14:43:20.108,26694.0
2021-06-25 14:43:20.113,32820.0
2021-06-25 14:43:20.118,28630.0
2021-06-25 14:43:20.123,29692.0
2021-06-25 14:43:20.128,27398.0
2021-06-25 14:43:20.133,28254.0
2021-06-25 14:43:20.138,28190.0
2021-06-25 14:43:20.143,29098.0
2021-06-25 14:43:20.148,29128.0
2021-06-25 14:43:20.153,34532.0
2021-06-25 14:43:20.158,33482.0
2021-06-25 14:43:20.163,33056.0
2021-06-25 14:43:20.168,33024.0
2021-06-25 14:43:20.173,34938.0
2021-06-25 14:43:20.178,33906.0
2021-06-25 14:43:20.183,34312.0
2021-06-25 14:43:20.188,34630.0
2021-06-25 14:43:20.193,32686.0
2021-06-25 14:43:20.198,31392.0
2021-06-25 14:43:20.203,33060.0
2021-06-25 14:43:20.208,34496.0
2021-06-25 14:43:20.213,32140.0
2021-06-25 14:43:20.218,35030.0
2021-06-25 14:43:20.223,35364.0
2021-06-25 14:43:20.228,34752.0
2021-06-25 14:43:20.233,35692.0
2021-06-25 14:43:20.238,28922.0
2021-06-25 14:43:20.243,28178.0
2021-06-25 14:43:20.248,27300.0
2021-06-25 14:43:20.253,30020.0
2021-06-25 14:43:20.258,26378.0
2021-06-25 14:43:20.263,31320.0
2021-06-25 14:43:20.268,30682.0
2021-06-25 14:43:20.273,32902.0
2021-06-25 14:43:20.278,32958.0
2021-06-25 14:43:20.283,32484.0
2021-06-25 14:43:20.288,34620.0
2021-06-25 14:43:20.293,34960.0
2021-06-25 14:43:20.298,35186.0
2021-06-25 14:43:20.303,40414.0
2021-06-25 14:43:20.308,39074.0
2021-06-25 14:43:20.313,41796.0
2021-06-25 14:43:20.318,42064.0
2021-06-25 14:43:20.323,40708.0
2021-06-25 14:43:20.328,40272.0
2021-06-25 14:43:20.333,41030.0
2021-06-25 14:43:20.338,41714.0
2021-06-25 14:43:20.343,39736.0
2021-06-25 14:43:20.348,39962.0
2021-06-25 14:43:20.353,40904.0
2021-06-25 14:43:20.359,38362.0
2021-06-25 14:43:20.363,39404.0
2021-06-25 14:43:20.368,40614.0
2021-06-25 14:43:20.373,40832.0
2021-06-25 14:43:20.378,35020.0
2021-06-25 14:43:20.383,33510.0
2021-06-25 14:43:20.388,33204.0
2021-06-25 14:43:20.393,35944.0
2021-06-25 14:43:20.398,33846.0
2021-06-25 14:43:20.403,38470.0
2021-06-25 14:43:20.408,37002.0
2021-06-25 14:43:20.413,33438.0
2021-06-25 14:43:20.418,32910.0
2021-06-25 14:43:20.423,35150.0
2021-06-25 14:43:20.428,31570.0
2021-06-25 14:43:20.433,33220.0
2021-06-25 14:43:20.438,33764.0
2021-06-25 14:43:20.444,38660.0
2021-06-25 14:43:20.448,38762.0
2021-06-25 14:43:20.453,39020.0
2021-06-25 14:43:20.458,38378.0
2021-06-25 14:43:20.463,38474.0
2021-06-25 14:43:20.468,39774.0
2021-06-25 14:43:20.473,38186.0
2021-06-25 14:43:20.478,37552.0
2021-06-25 14:43:20.483,39436.0
2021-06-25 14:43:20.488,36344.0
2021-06-25 14:43:20.493,32168.0
2021-06-25 14:43:20.498,35548.0
2021-06-25 14:43:20.503,35730.0
2021-06-25 14:43:20.508,36812.0
2021-06-25 14:43:20.513,37094.0
2021-06-25 14:43:20.518,31736.0
2021-06-25 14:43:20.523,32664.0
2021-06-25 14:43:20.529,32186.0
2021-06-25 14:43:20.533,32248.0
2021-06-25 14:43:20.538,31792.0
2021-06-25 14:43:20.543,35036.0
2021-06-25 14:43:20.548,33450.0
2021-06-25 14:43:20.553,30376.0
2021-06-25 14:43:20.558,31832.0
2021-06-25 14:43:20.563,31534.0
2021-06-25 14:43:20.568,32222.0
2021-06-25 14:43:20.573,31550.0
2021-06-25 14:43:20.578,32320.0
2021-06-25 14:43:20.583,38038.0
2021-06-25 14:43:20.588,35530.0
2021-06-25 14:43:20.593,37812.0
2021-06-25 14:43:20.598,35820.0
2021-06-25 14:43:20.603,36068.0
2021-06-25 14:43:20.608,35740.0
2021-06-25 14:43:20.613,37264.0
2021-06-25 14:43:20.618,37274.0
2021-06-25 14:43:20.623,36908.0
2021-06-25 14:43:20.628,38398.0
2021-06-25 14:43:20.633,38086.0
2021-06-25 14:43:20.638,39102.0
2021-06-25 14:43:20.643,38196.0
2021-06-25 14:43:20.648,38778.0
2021-06-25 14:43:20.653,38720.0
2021-06-25 14:43:20.658,37402.0
2021-06-25 14:43:20.663,31360.0
2021-06-25 14:43:20.668,32306.0
2021-06-25 14:43:20.673,35456.0
2021-06-25 14:43:20.678,34796.0
2021-06-25 14:43:20.683,35478.0
2021-06-25 14:43:20.688,34306.0
2021-06-25 14:43:20.693,32686.0
2021-06-25 14:43:20.698,30990.0
2021-06-25 14:43:20.703,31080.0
2021-06-25 14:43:20.708,33430.0
2021-06-25 14:43:20.713,34132.0
2021-06-25 14:43:20.718,34564.0
2021-06-25 14:43:20.723,38530.0
2021-06-25 14:43:20.728,38654.0
2021-06-25 14:43:20.733,38752.0
2021-06-25 14:43:20.738,37044.0
2021-06-25 14:43:20.743,33876.0
2021-06-25 14:43:20.748,34210.0
2021-06-25 14:43:20.761,36704.0
2021-06-25 14:43:20.762,36874.0
2021-06-25 14:43:20.764,36462.0
2021-06-25 14:43:20.768,35740.0
2021-06-25 14:43:20.773,36540.0
2021-06-25 14:43:20.778,38356.0
2021-06-25 14:43:20.783,38516.0
2021-06-25 14:43:20.788,38458.0
2021-06-25 14:43:20.793,36734.0
2021-06-25 14:43:20.798,37180.0
2021-06-25 14:43:20.803,37998.0
2021-06-25 14:43:20.808,37380.0
2021-06-25 14:43:20.813,33352.0
2021-06-25 14:43:20.818,31340.0
2021-06-25 14:43:20.823,30652.0
2021-06-25 14:43:20.828,34488.0
2021-06-25 14:43:20.833,32650.0
2021-06-25 14:43:20.838,34918.0
2021-06-25 14:43:20.843,34020.0
2021-06-25 14:43:20.848,32116.0
2021-06-25 14:43:20.853,31740.0
2021-06-25 14:43:20.858,29098.0
2021-06-25 14:43:20.863,29158.0
2021-06-25 14:43:20.868,28928.0
2021-06-25 14:43:20.873,28378.0
2021-06-25 14:43:20.878,35714.0
2021-06-25 14:43:20.883,34092.0
2021-06-25 14:43:20.888,36092.0
2021-06-25 14:43:20.893,31144.0
2021-06-25 14:43:20.898,32614.0
2021-06-25 14:43:20.903,32866.0
2021-06-25 14:43:20.908,35544.0
2021-06-25 14:43:20.913,37344.0
2021-06-25 14:43:20.918,37906.0
2021-06-25 14:43:20.923,36036.0
2021-06-25 14:43:20.928,36498.0
2021-06-25 14:43:20.933,35032.0
2021-06-25 14:43:20.938,37488.0
2021-06-25 14:43:20.943,33600.0
2021-06-25 14:43:20.948,33310.0
2021-06-25 14:43:20.953,29522.0
2021-06-25 14:43:20.958,29898.0
2021-06-25 14:43:20.963,30056.0
2021-06-25 14:43:20.968,30134.0
2021-06-25 14:43:20.973,29708.0
2021-06-25 14:43:20.978,33536.0
2021-06-25 14:43:20.983,30780.0
2021-06-25 14:43:20.988,32890.0
2021-06-25 14:43:20.993,30180.0
2021-06-25 14:43:20.999,30192.0
2021-06-25 14:43:21.003,28430.0
2021-06-25 14:43:21.008,28552.0
2021-06-25 14:43:21.013,35236.0
2021-06-25 14:43:21.018,35928.0
2021-06-25 14:43:21.023,35436.0
2021-06-25 14:43:21.028,36248.0
2021-06-25 14:43:21.033,36006.0
2021-06-25 14:43:21.038,37776.0
2021-06-25 14:43:21.043,35580.0
2021-06-25 14:43:21.048,36098.0
2021-06-25 14:43:21.053,38198.0
2021-06-25 14:43:21.058,38812.0
2021-06-25 14:43:21.063,37962.0
2021-06-25 14:43:21.068,40220.0
2021-06-25 14:43:21.073,40482.0
2021-06-25 14:43:21.078,40204.0
2021-06-25 14:43:21.084,33142.0
2021-06-25 14:43:21.088,33018.0
2021-06-25 14:43:21.093,32700.0
2021-06-25 14:43:21.098,34604.0
2021-06-25 14:43:21.103,32126.0
2021-06-25 14:43:21.108,37244.0
2021-06-25 14:43:21.113,33502.0
2021-06-25 14:43:21.118,31108.0
2021-06-25 14:43:21.123,33070.0
2021-06-25 14:43:21.128,33844.0
2021-06-25 14:43:21.133,31998.0
2021-06-25 14:43:21.138,33584.0
2021-06-25 14:43:21.143,35036.0
2021-06-25 14:43:21.148,36292.0
2021-06-25 14:43:21.153,36888.0
2021-06-25 14:43:21.158,36592.0
2021-06-25 14:43:21.163,36858.0
2021-06-25 14:43:21.169,36684.0
2021-06-25 14:43:21.173,37084.0
2021-06-25 14:43:21.178,36438.0
2021-06-25 14:43:21.183,37468.0
2021-06-25 14:43:21.188,36302.0
2021-06-25 14:43:21.193,36222.0
2021-06-25 14:43:21.198,35740.0
2021-06-25 14:43:21.203,37182.0
2021-06-25 14:43:21.208,37588.0
2021-06-25 14:43:21.213,39010.0
2021-06-25 14:43:21.218,39274.0
2021-06-25 14:43:21.223,31448.0
2021-06-25 14:43:21.228,34430.0
2021-06-25 14:43:21.233,32296.0
2021-06-25 14:43:21.238,33158.0
2021-06-25 14:43:21.243,30812.0
2021-06-25 14:43:21.248,35242.0
2021-06-25 14:43:21.253,28724.0
2021-06-25 14:43:21.258,28636.0
2021-06-25 14:43:21.263,30854.0
2021-06-25 14:43:21.268,30704.0
2021-06-25 14:43:21.273,33254.0
2021-06-25 14:43:21.278,29308.0
2021-06-25 14:43:21.283,34416.0
2021-06-25 14:43:21.288,36524.0
2021-06-25 14:43:21.293,35566.0
2021-06-25 14:43:21.298,32644.0
2021-06-25 14:43:21.303,33736.0
2021-06-25 14:43:21.308,35216.0
2021-06-25 14:43:21.313,35252.0
2021-06-25 14:43:21.318,34472.0
2021-06-25 14:43:21.323,34938.0
2021-06-25 14:43:21.328,33968.0
2021-06-25 14:43:21.333,35312.0
2021-06-25 14:43:21.338,36622.0
2021-06-25 14:43:21.343,34250.0
2021-06-25 14:43:21.348,33818.0
2021-06-25 14:43:21.353,33428.0
2021-06-25 14:43:21.358,28236.0
2021-06-25 14:43:21.363,28840.0
2021-06-25 14:43:21.368,30484.0
2021-06-25 14:43:21.373,30884.0
2021-06-25 14:43:21.378,30658.0
2021-06-25 14:43:21.383,30030.0
2021-06-25 14:43:21.388,30272.0
2021-06-25 14:43:21.393,31900.0
2021-06-25 14:43:21.398,30954.0
2021-06-25 14:43:21.403,29994.0
2021-06-25 14:43:21.408,28136.0
2021-06-25 14:43:21.413,34154.0
2021-06-25 14:43:21.418,34634.0
2021-06-25 14:43:21.423,35086.0
2021-06-25 14:43:21.428,35566.0
2021-06-25 14:43:21.433,35148.0
2021-06-25 14:43:21.438,35862.0
2021-06-25 14:43:21.443,35016.0
2021-06-25 14:43:21.448,35544.0
2021-06-25 14:43:21.453,34436.0
2021-06-25 14:43:21.458,35298.0
2021-06-25 14:43:21.463,34728.0
2021-06-25 14:43:21.468,34230.0
2021-06-25 14:43:21.473,35642.0
2021-06-25 14:43:21.478,35050.0
2021-06-25 14:43:21.483,30836.0
2021-06-25 14:43:21.488,31048.0
2021-06-25 14:43:21.493,32208.0
2021-06-25 14:43:21.498,33018.0
2021-06-25 14:43:21.503,31586.0
2021-06-25 14:43:21.508,35518.0
2021-06-25 14:43:21.513,31150.0
2021-06-25 14:43:21.518,32002.0
2021-06-25 14:43:21.523,31258.0
2021-06-25 14:43:21.528,30654.0
2021-06-25 14:43:21.533,31044.0
2021-06-25 14:43:21.538,35124.0
2021-06-25 14:43:21.543,36534.0
2021-06-25 14:43:21.548,30112.0
2021-06-25 14:43:21.554,34712.0
2021-06-25 14:43:21.558,35348.0
2021-06-25 14:43:21.563,34444.0
2021-06-25 14:43:21.568,36318.0
2021-06-25 14:43:21.573,37100.0
2021-06-25 14:43:21.578,36920.0
2021-06-25 14:43:21.583,37068.0
2021-06-25 14:43:21.588,38104.0
2021-06-25 14:43:21.593,35672.0
2021-06-25 14:43:21.598,30302.0
2021-06-25 14:43:21.603,34266.0
2021-06-25 14:43:21.608,35888.0
2021-06-25 14:43:21.613,29734.0
2021-06-25 14:43:21.618,30818.0
2021-06-25 14:43:21.623,33712.0
2021-06-25 14:43:21.628,32286.0
2021-06-25 14:43:21.633,29586.0
2021-06-25 14:43:21.639,29918.0
2021-06-25 14:43:21.643,30344.0
2021-06-25 14:43:21.648,30058.0
2021-06-25 14:43:21.653,29030.0
2021-06-25 14:43:21.658,27260.0
2021-06-25 14:43:21.663,29240.0
2021-06-25 14:43:21.668,34476.0
2021-06-25 14:43:21.673,36062.0
2021-06-25 14:43:21.678,35322.0
2021-06-25 14:43:21.683,35304.0
2021-06-25 14:43:21.688,34568.0
2021-06-25 14:43:21.693,33572.0
2021-06-25 14:43:21.698,31462.0
2021-06-25 14:43:21.703,34210.0
2021-06-25 14:43:21.708,34342.0
2021-06-25 14:43:21.713,35954.0
2021-06-25 14:43:21.718,35118.0
2021-06-25 14:43:21.724,38260.0
2021-06-25 14:43:21.728,35822.0
2021-06-25 14:43:21.733,36934.0
2021-06-25 14:43:21.738,37408.0
2021-06-25 14:43:21.743,35600.0
2021-06-25 14:43:21.748,30258.0
2021-06-25 14:43:21.753,30498.0
2021-06-25 14:43:21.758,29810.0
2021-06-25 14:43:21.763,31606.0
2021-06-25 14:43:21.768,30908.0
2021-06-25 14:43:21.773,29944.0
2021-06-25 14:43:21.778,30648.0
2021-06-25 14:43:21.783,32120.0
2021-06-25 14:43:21.788,31352.0
2021-06-25 14:43:21.793,30842.0
2021-06-25 14:43:21.798,31180.0
2021-06-25 14:43:21.803,31536.0
2021-06-25 14:43:21.809,36930.0
2021-06-25 14:43:21.813,37520.0
2021-06-25 14:43:21.818,36966.0
2021-06-25 14:43:21.823,36488.0
2021-06-25 14:43:21.828,36092.0
2021-06-25 14:43:21.833,35170.0
2021-06-25 14:43:21.838,37078.0
2021-06-25 14:43:21.843,36560.0
2021-06-25 14:43:21.848,36828.0
2021-06-25 14:43:21.853,33382.0
2021-06-25 14:43:21.858,37304.0
2021-06-25 14:43:21.863,37270.0
2021-06-25 14:43:21.868,36492.0
2021-06-25 14:43:21.873,36694.0
2021-06-25 14:43:21.878,35956.0
2021-06-25 14:43:21.883,33656.0
2021-06-25 14:43:21.888,30186.0
2021-06-25 14:43:21.893,30868.0
2021-06-25 14:43:21.898,29966.0
2021-06-25 14:43:21.903,32238.0
2021-06-25 14:43:21.908,34516.0
2021-06-25 14:43:21.913,31192.0
2021-06-25 14:43:21.918,31356.0
2021-06-25 14:43:21.923,32356.0
2021-06-25 14:43:21.928,31422.0
2021-06-25 14:43:21.933,33364.0
2021-06-25 14:43:21.938,31786.0
2021-06-25 14:43:21.943,30436.0
2021-06-25 14:43:21.948,33538.0
2021-06-25 14:43:21.953,35368.0
2021-06-25 14:43:21.958,36760.0
2021-06-25 14:43:21.963,36184.0
2021-06-25 14:43:21.968,35904.0
2021-06-25 14:43:21.973,36360.0
2021-06-25 14:43:21.978,34876.0
2021-06-25 14:43:21.983,37208.0
2021-06-25 14:43:21.988,37206.0
2021-06-25 14:43:21.993,36298.0
2021-06-25 14:43:21.998,35812.0
2021-06-25 14:43:22.003,36618.0
2021-06-25 14:43:22.008,35396.0
2021-06-25 14:43:22.013,36734.0
2021-06-25 14:43:22.018,35866.0
2021-06-25 14:43:22.023,35790.0
2021-06-25 14:43:22.028,30560.0
2021-06-25 14:43:22.033,32130.0
2021-06-25 14:43:22.038,30148.0
2021-06-25 14:43:22.043,32886.0
2021-06-25 14:43:22.048,31144.0
2021-06-25 14:43:22.053,34230.0
2021-06-25 14:43:22.058,30694.0
2021-06-25 14:43:22.063,28116.0
2021-06-25 14:43:22.068,28656.0
2021-06-25 14:43:22.073,28794.0
2021-06-25 14:43:22.078,30514.0
2021-06-25 14:43:22.083,31028.0
2021-06-25 14:43:22.088,36772.0
2021-06-25 14:43:22.093,37920.0
2021-06-25 14:43:22.098,32758.0
2021-06-25 14:43:22.103,35754.0
2021-06-25 14:43:22.108,35502.0
2021-06-25 14:43:22.113,35866.0
2021-06-25 14:43:22.118,35620.0
2021-06-25 14:43:22.123,36746.0
2021-06-25 14:43:22.128,37576.0
2021-06-25 14:43:22.133,35498.0
2021-06-25 14:43:22.138,36504.0
2021-06-25 14:43:22.143,38552.0
2021-06-25 14:43:22.148,33718.0
2021-06-25 14:43:22.153,34896.0
2021-06-25 14:43:22.158,36340.0
2021-06-25 14:43:22.163,37008.0
2021-06-25 14:43:22.168,29278.0
2021-06-25 14:43:22.173,31052.0
2021-06-25 14:43:22.178,33536.0
2021-06-25 14:43:22.183,31330.0
2021-06-25 14:43:22.188,31136.0
2021-06-25 14:43:22.193,32188.0
2021-06-25 14:43:22.198,31356.0
2021-06-25 14:43:22.203,31208.0
2021-06-25 14:43:22.208,30062.0
2021-06-25 14:43:22.213,30376.0
2021-06-25 14:43:22.218,30386.0
2021-06-25 14:43:22.223,30498.0
2021-06-25 14:43:22.228,34816.0
2021-06-25 14:43:22.233,34400.0
2021-06-25 14:43:22.238,35574.0
2021-06-25 14:43:22.243,38032.0
2021-06-25 14:43:22.248,35662.0
2021-06-25 14:43:22.253,36110.0
2021-06-25 14:43:22.258,34850.0
2021-06-25 14:43:22.263,35226.0
2021-06-25 14:43:22.268,36982.0
2021-06-25 14:43:22.273,36704.0
2021-06-25 14:43:22.279,35974.0
2021-06-25 14:43:22.283,36458.0
2021-06-25 14:43:22.288,36590.0
2021-06-25 14:43:22.293,38104.0
2021-06-25 14:43:22.298,36364.0
2021-06-25 14:43:22.303,36990.0
2021-06-25 14:43:22.308,29636.0
2021-06-25 14:43:22.313,31344.0
2021-06-25 14:43:22.318,32552.0
2021-06-25 14:43:22.323,29872.0
2021-06-25 14:43:22.328,29810.0
2021-06-25 14:43:22.333,31462.0
2021-06-25 14:43:22.338,32438.0
2021-06-25 14:43:22.343,31582.0
2021-06-25 14:43:22.348,29378.0
2021-06-25 14:43:22.353,31740.0
2021-06-25 14:43:22.358,30150.0
2021-06-25 14:43:22.364,31618.0
2021-06-25 14:43:22.368,37248.0
2021-06-25 14:43:22.373,37346.0
2021-06-25 14:43:22.378,35754.0
2021-06-25 14:43:22.383,35332.0
2021-06-25 14:43:22.388,35970.0
2021-06-25 14:43:22.393,35984.0
2021-06-25 14:43:22.398,35302.0
2021-06-25 14:43:22.403,36546.0
2021-06-25 14:43:22.408,34744.0
2021-06-25 14:43:22.413,34634.0
2021-06-25 14:43:22.418,35456.0
2021-06-25 14:43:22.423,35812.0
2021-06-25 14:43:22.428,37120.0
2021-06-25 14:43:22.433,36956.0
2021-06-25 14:43:22.438,36202.0
2021-06-25 14:43:22.443,36528.0
2021-06-25 14:43:22.449,31140.0
2021-06-25 14:43:22.453,30672.0
2021-06-25 14:43:22.458,29760.0
2021-06-25 14:43:22.463,31356.0
2021-06-25 14:43:22.468,31606.0
2021-06-25 14:43:22.473,31044.0
2021-06-25 14:43:22.478,30930.0
2021-06-25 14:43:22.483,29812.0
2021-06-25 14:43:22.488,31442.0
2021-06-25 14:43:22.493,31258.0
2021-06-25 14:43:22.498,32228.0
2021-06-25 14:43:22.503,29622.0
2021-06-25 14:43:22.508,31044.0
2021-06-25 14:43:22.513,29888.0
2021-06-25 14:43:22.518,34174.0
2021-06-25 14:43:22.523,36914.0
2021-06-25 14:43:22.528,35060.0
2021-06-25 14:43:22.533,35148.0
2021-06-25 14:43:22.538,34616.0
2021-06-25 14:43:22.543,34832.0
2021-06-25 14:43:22.548,35082.0
2021-06-25 14:43:22.553,31114.0
2021-06-25 14:43:22.558,34164.0
2021-06-25 14:43:22.563,35676.0
2021-06-25 14:43:22.568,33994.0
2021-06-25 14:43:22.573,34692.0
2021-06-25 14:43:22.578,35938.0
2021-06-25 14:43:22.583,34606.0
2021-06-25 14:43:22.588,36084.0
2021-06-25 14:43:22.593,36602.0
2021-06-25 14:43:22.598,31634.0
2021-06-25 14:43:22.603,33672.0
2021-06-25 14:43:22.608,32486.0
2021-06-25 14:43:22.613,29060.0
2021-06-25 14:43:22.618,30848.0
2021-06-25 14:43:22.623,28744.0
2021-06-25 14:43:22.628,33818.0
2021-06-25 14:43:22.633,30026.0
2021-06-25 14:43:22.638,30442.0
2021-06-25 14:43:22.643,30088.0
2021-06-25 14:43:22.648,30918.0
2021-06-25 14:43:22.653,31032.0
2021-06-25 14:43:22.658,31864.0
2021-06-25 14:43:22.663,31052.0
2021-06-25 14:43:22.668,37524.0
2021-06-25 14:43:22.673,36844.0
2021-06-25 14:43:22.678,38788.0
2021-06-25 14:43:22.683,37064.0
2021-06-25 14:43:22.688,38890.0
2021-06-25 14:43:22.693,38702.0
2021-06-25 14:43:22.698,35950.0
2021-06-25 14:43:22.703,37540.0
2021-06-25 14:43:22.708,36432.0
2021-06-25 14:43:22.713,37140.0
2021-06-25 14:43:22.718,38012.0
2021-06-25 14:43:22.723,36622.0
2021-06-25 14:43:22.728,37388.0
2021-06-25 14:43:22.733,35210.0
2021-06-25 14:43:22.738,37078.0
2021-06-25 14:43:22.743,30154.0
2021-06-25 14:43:22.748,31806.0
2021-06-25 14:43:22.753,31634.0
2021-06-25 14:43:22.758,33942.0
2021-06-25 14:43:22.763,33328.0
2021-06-25 14:43:22.768,35586.0
2021-06-25 14:43:22.773,30416.0
2021-06-25 14:43:22.778,31428.0
2021-06-25 14:43:22.783,30652.0
2021-06-25 14:43:22.788,33726.0
2021-06-25 14:43:22.793,30674.0
2021-06-25 14:43:22.798,32070.0
2021-06-25 14:43:22.803,36590.0
2021-06-25 14:43:22.808,35980.0
2021-06-25 14:43:22.813,35204.0
2021-06-25 14:43:22.818,37042.0
2021-06-25 14:43:22.823,35642.0
2021-06-25 14:43:22.828,36386.0
2021-06-25 14:43:22.833,37606.0
2021-06-25 14:43:22.838,36284.0
2021-06-25 14:43:22.843,37156.0
2021-06-25 14:43:22.848,35394.0
2021-06-25 14:43:22.853,30456.0
2021-06-25 14:43:22.858,33886.0
2021-06-25 14:43:22.863,36390.0
2021-06-25 14:43:22.868,36528.0
2021-06-25 14:43:22.873,35630.0
2021-06-25 14:43:22.878,37108.0
2021-06-25 14:43:22.883,29970.0
2021-06-25 14:43:22.888,32572.0
2021-06-25 14:43:22.893,32710.0
2021-06-25 14:43:22.898,32628.0
2021-06-25 14:43:22.903,29364.0
2021-06-25 14:43:22.908,34144.0
2021-06-25 14:43:22.913,32198.0
2021-06-25 14:43:22.919,30266.0
2021-06-25 14:43:22.923,29282.0
2021-06-25 14:43:22.928,31678.0
2021-06-25 14:43:22.933,29980.0
2021-06-25 14:43:22.938,30678.0
2021-06-25 14:43:22.943,38166.0
2021-06-25 14:43:22.948,38022.0
2021-06-25 14:43:22.953,38106.0
2021-06-25 14:43:22.958,34768.0
2021-06-25 14:43:22.963,37834.0
2021-06-25 14:43:22.968,35928.0
2021-06-25 14:43:22.973,36472.0
2021-06-25 14:43:22.978,38084.0
2021-06-25 14:43:22.983,37206.0
2021-06-25 14:43:22.988,38948.0
2021-06-25 14:43:22.993,37510.0
2021-06-25 14:43:22.998,36052.0
2021-06-25 14:43:23.004,32048.0
2021-06-25 14:43:23.008,34892.0
2021-06-25 14:43:23.013,35800.0
2021-06-25 14:43:23.018,35386.0
2021-06-25 14:43:23.023,29488.0
2021-06-25 14:43:23.028,31858.0
2021-06-25 14:43:23.033,33328.0
2021-06-25 14:43:23.038,32840.0
2021-06-25 14:43:23.043,35278.0
2021-06-25 14:43:23.048,31736.0
2021-06-25 14:43:23.053,32788.0
2021-06-25 14:43:23.058,34014.0
2021-06-25 14:43:23.063,31838.0
2021-06-25 14:43:23.068,32640.0
2021-06-25 14:43:23.073,32804.0
2021-06-25 14:43:23.078,31680.0
2021-06-25 14:43:23.083,39336.0
2021-06-25 14:43:23.089,39286.0
2021-06-25 14:43:23.093,39988.0
2021-06-25 14:43:23.098,40306.0
2021-06-25 14:43:23.103,34108.0
2021-06-25 14:43:23.108,35740.0
2021-06-25 14:43:23.113,38948.0
2021-06-25 14:43:23.118,36530.0
2021-06-25 14:43:23.123,40636.0
2021-06-25 14:43:23.128,39116.0
2021-06-25 14:43:23.133,40462.0
2021-06-25 14:43:23.138,39066.0
2021-06-25 14:43:23.143,40460.0
2021-06-25 14:43:23.148,39446.0
2021-06-25 14:43:23.153,32464.0
2021-06-25 14:43:23.158,32014.0
2021-06-25 14:43:23.163,31038.0
2021-06-25 14:43:23.168,31078.0
2021-06-25 14:43:23.173,33578.0
2021-06-25 14:43:23.178,31392.0
2021-06-25 14:43:23.183,32386.0
2021-06-25 14:43:23.188,33944.0
2021-06-25 14:43:23.193,33290.0
2021-06-25 14:43:23.198,33640.0
2021-06-25 14:43:23.203,32540.0
2021-06-25 14:43:23.208,29422.0
2021-06-25 14:43:23.213,31904.0
2021-06-25 14:43:23.218,36700.0
2021-06-25 14:43:23.223,37182.0
2021-06-25 14:43:23.228,38584.0
2021-06-25 14:43:23.233,37346.0
2021-06-25 14:43:23.238,37462.0
2021-06-25 14:43:23.243,38376.0
2021-06-25 14:43:23.248,39264.0
2021-06-25 14:43:23.253,34122.0
2021-06-25 14:43:23.258,34606.0
2021-06-25 14:43:23.263,35642.0
2021-06-25 14:43:23.268,31016.0
2021-06-25 14:43:23.273,31930.0
2021-06-25 14:43:23.278,32218.0
2021-06-25 14:43:23.283,29190.0
2021-06-25 14:43:23.288,31382.0
2021-06-25 14:43:23.293,26162.0
2021-06-25 14:43:23.298,26054.0
2021-06-25 14:43:23.303,24964.0
2021-06-25 14:43:23.308,26594.0
2021-06-25 14:43:23.321,28722.0
2021-06-25 14:43:23.322,30956.0
2021-06-25 14:43:23.324,26886.0
2021-06-25 14:43:23.328,26578.0
2021-06-25 14:43:23.333,28062.0
2021-06-25 14:43:23.338,28788.0
2021-06-25 14:43:23.343,28952.0
2021-06-25 14:43:23.348,28954.0
2021-06-25 14:43:23.353,28056.0
2021-06-25 14:43:23.358,32848.0
2021-06-25 14:43:23.363,35322.0
2021-06-25 14:43:23.368,34548.0
2021-06-25 14:43:23.373,34178.0
2021-06-25 14:43:23.378,34560.0
2021-06-25 14:43:23.383,36228.0
2021-06-25 14:43:23.388,34446.0
2021-06-25 14:43:23.393,34138.0
2021-06-25 14:43:23.398,36246.0
2021-06-25 14:43:23.403,33158.0
2021-06-25 14:43:23.408,33928.0
2021-06-25 14:43:23.413,34554.0
2021-06-25 14:43:23.418,35190.0
2021-06-25 14:43:23.423,35014.0
2021-06-25 14:43:23.428,35518.0
2021-06-25 14:43:23.433,34224.0
2021-06-25 14:43:23.438,30310.0
2021-06-25 14:43:23.443,28508.0
2021-06-25 14:43:23.448,31406.0
2021-06-25 14:43:23.453,29580.0
2021-06-25 14:43:23.458,33476.0
2021-06-25 14:43:23.463,32480.0
2021-06-25 14:43:23.468,28506.0
2021-06-25 14:43:23.473,27716.0
2021-06-25 14:43:23.478,28302.0
2021-06-25 14:43:23.483,29596.0
2021-06-25 14:43:23.488,30484.0
2021-06-25 14:43:23.493,29348.0
2021-06-25 14:43:23.498,39398.0
2021-06-25 14:43:23.503,37026.0
2021-06-25 14:43:23.508,38306.0
2021-06-25 14:43:23.513,39066.0
2021-06-25 14:43:23.518,37612.0
2021-06-25 14:43:23.523,39332.0
2021-06-25 14:43:23.528,39660.0
2021-06-25 14:43:23.533,40436.0
2021-06-25 14:43:23.538,41330.0
2021-06-25 14:43:23.543,41822.0
2021-06-25 14:43:23.548,41518.0
2021-06-25 14:43:23.553,42478.0
2021-06-25 14:43:23.559,40580.0
2021-06-25 14:43:23.563,38484.0
2021-06-25 14:43:23.568,43198.0
2021-06-25 14:43:23.573,40964.0
2021-06-25 14:43:23.578,36864.0
2021-06-25 14:43:23.583,36736.0
2021-06-25 14:43:23.588,36242.0
2021-06-25 14:43:23.593,34256.0
2021-06-25 14:43:23.598,37350.0
2021-06-25 14:43:23.603,36956.0
2021-06-25 14:43:23.608,36596.0
2021-06-25 14:43:23.613,36402.0
2021-06-25 14:43:23.618,34990.0
2021-06-25 14:43:23.623,35684.0
2021-06-25 14:43:23.628,34640.0
2021-06-25 14:43:23.633,35014.0
2021-06-25 14:43:23.638,36524.0
2021-06-25 14:43:23.644,40800.0
2021-06-25 14:43:23.648,40462.0
2021-06-25 14:43:23.653,41442.0
2021-06-25 14:43:23.658,38916.0
2021-06-25 14:43:23.663,39998.0
2021-06-25 14:43:23.668,38116.0
2021-06-25 14:43:23.673,39418.0
2021-06-25 14:43:23.678,39430.0
2021-06-25 14:43:23.683,39844.0
2021-06-25 14:43:23.688,38884.0
2021-06-25 14:43:23.693,35266.0
2021-06-25 14:43:23.698,39040.0
2021-06-25 14:43:23.703,36914.0
2021-06-25 14:43:23.708,36000.0
2021-06-25 14:43:23.713,37166.0
2021-06-25 14:43:23.718,31288.0
2021-06-25 14:43:23.723,32186.0
2021-06-25 14:43:23.729,34234.0
2021-06-25 14:43:23.733,32250.0
2021-06-25 14:43:23.738,31760.0
2021-06-25 14:43:23.743,37454.0
2021-06-25 14:43:23.748,33056.0
2021-06-25 14:43:23.753,33728.0
2021-06-25 14:43:23.758,31462.0
2021-06-25 14:43:23.763,31926.0
2021-06-25 14:43:23.768,30350.0
2021-06-25 14:43:23.773,30082.0
2021-06-25 14:43:23.778,31930.0
2021-06-25 14:43:23.783,37632.0
2021-06-25 14:43:23.788,36772.0
2021-06-25 14:43:23.793,35318.0
2021-06-25 14:43:23.798,36396.0
2021-06-25 14:43:23.803,33558.0
2021-06-25 14:43:23.808,32422.0
2021-06-25 14:43:23.813,35750.0
2021-06-25 14:43:23.818,37914.0
2021-06-25 14:43:23.823,37242.0
2021-06-25 14:43:23.828,37382.0
2021-06-25 14:43:23.833,36740.0
2021-06-25 14:43:23.838,38992.0
2021-06-25 14:43:23.843,37788.0
2021-06-25 14:43:23.848,38188.0
2021-06-25 14:43:23.853,36832.0
2021-06-25 14:43:23.858,32214.0
2021-06-25 14:43:23.863,34518.0
2021-06-25 14:43:23.868,31022.0
2021-06-25 14:43:23.873,31026.0
2021-06-25 14:43:23.878,32664.0
2021-06-25 14:43:23.883,31570.0
2021-06-25 14:43:23.888,33778.0
2021-06-25 14:43:23.893,33444.0
2021-06-25 14:43:23.898,30504.0
2021-06-25 14:43:23.903,32648.0
2021-06-25 14:43:23.908,32264.0
2021-06-25 14:43:23.913,33034.0
2021-06-25 14:43:23.918,32300.0
2021-06-25 14:43:23.923,32014.0
2021-06-25 14:43:23.928,37864.0
2021-06-25 14:43:23.933,37926.0
2021-06-25 14:43:23.938,38286.0
2021-06-25 14:43:23.943,38408.0
2021-06-25 14:43:23.948,36648.0
2021-06-25 14:43:23.953,37848.0
2021-06-25 14:43:23.958,34614.0
2021-06-25 14:43:23.963,35612.0
2021-06-25 14:43:23.968,38114.0
2021-06-25 14:43:23.973,37680.0
2021-06-25 14:43:23.978,36658.0
2021-06-25 14:43:23.983,37736.0
2021-06-25 14:43:23.988,37700.0
2021-06-25 14:43:23.993,38032.0
2021-06-25 14:43:23.998,37596.0
2021-06-25 14:43:24.003,34764.0
2021-06-25 14:43:24.008,31190.0
2021-06-25 14:43:24.013,32110.0
2021-06-25 14:43:24.018,32706.0
2021-06-25 14:43:24.023,29332.0
2021-06-25 14:43:24.028,30698.0
2021-06-25 14:43:24.033,30786.0
2021-06-25 14:43:24.038,29848.0
2021-06-25 14:43:24.043,31418.0
2021-06-25 14:43:24.048,31752.0
2021-06-25 14:43:24.053,32356.0
2021-06-25 14:43:24.058,30498.0
2021-06-25 14:43:24.063,31792.0
2021-06-25 14:43:24.068,33710.0
2021-06-25 14:43:24.073,38156.0
2021-06-25 14:43:24.078,37228.0
2021-06-25 14:43:24.083,35872.0
2021-06-25 14:43:24.088,36156.0
2021-06-25 14:43:24.093,36330.0
2021-06-25 14:43:24.098,37524.0
2021-06-25 14:43:24.103,34728.0
2021-06-25 14:43:24.108,31156.0
2021-06-25 14:43:24.113,34244.0
2021-06-25 14:43:24.118,36972.0
2021-06-25 14:43:24.123,35894.0
2021-06-25 14:43:24.128,37484.0
2021-06-25 14:43:24.133,36038.0
2021-06-25 14:43:24.138,36256.0
2021-06-25 14:43:24.143,30478.0
2021-06-25 14:43:24.148,31226.0
2021-06-25 14:43:24.153,30646.0
2021-06-25 14:43:24.158,32640.0
2021-06-25 14:43:24.163,31628.0
2021-06-25 14:43:24.168,34820.0
2021-06-25 14:43:24.173,30318.0
2021-06-25 14:43:24.178,28952.0
2021-06-25 14:43:24.183,31402.0
2021-06-25 14:43:24.188,29066.0
2021-06-25 14:43:24.193,31658.0
2021-06-25 14:43:24.199,32150.0
2021-06-25 14:43:24.203,32824.0
2021-06-25 14:43:24.208,35338.0
2021-06-25 14:43:24.213,34532.0
2021-06-25 14:43:24.218,36482.0
2021-06-25 14:43:24.223,36638.0
2021-06-25 14:43:24.228,35996.0
2021-06-25 14:43:24.233,37422.0
2021-06-25 14:43:24.238,37216.0
2021-06-25 14:43:24.243,36884.0
2021-06-25 14:43:24.248,36536.0
2021-06-25 14:43:24.253,37494.0
2021-06-25 14:43:24.258,36170.0
2021-06-25 14:43:24.263,33908.0
2021-06-25 14:43:24.268,36216.0
2021-06-25 14:43:24.273,35062.0
2021-06-25 14:43:24.278,35888.0
2021-06-25 14:43:24.284,29476.0
2021-06-25 14:43:24.288,31432.0
2021-06-25 14:43:24.293,30930.0
2021-06-25 14:43:24.298,32470.0
2021-06-25 14:43:24.303,31930.0
2021-06-25 14:43:24.308,33510.0
2021-06-25 14:43:24.313,32198.0
2021-06-25 14:43:24.318,30144.0
2021-06-25 14:43:24.323,31324.0
2021-06-25 14:43:24.328,30940.0
2021-06-25 14:43:24.333,29912.0
2021-06-25 14:43:24.338,32902.0
2021-06-25 14:43:24.343,31588.0
2021-06-25 14:43:24.348,31870.0
2021-06-25 14:43:24.353,39074.0
2021-06-25 14:43:24.358,34522.0
2021-06-25 14:43:24.363,36138.0
2021-06-25 14:43:24.369,37704.0
2021-06-25 14:43:24.373,36684.0
2021-06-25 14:43:24.378,36160.0
2021-06-25 14:43:24.383,37510.0
2021-06-25 14:43:24.388,37182.0
2021-06-25 14:43:24.393,37226.0
2021-06-25 14:43:24.398,36088.0
2021-06-25 14:43:24.403,37642.0
2021-06-25 14:43:24.408,35088.0
2021-06-25 14:43:24.413,35524.0
2021-06-25 14:43:24.418,37444.0
2021-06-25 14:43:24.423,37896.0
2021-06-25 14:43:24.428,36022.0
2021-06-25 14:43:24.433,33220.0
2021-06-25 14:43:24.438,31634.0
2021-06-25 14:43:24.443,33900.0
2021-06-25 14:43:24.448,30474.0
2021-06-25 14:43:24.453,35920.0
2021-06-25 14:43:24.458,30862.0
2021-06-25 14:43:24.463,33120.0
2021-06-25 14:43:24.468,30586.0
2021-06-25 14:43:24.473,29276.0
2021-06-25 14:43:24.478,29738.0
2021-06-25 14:43:24.483,30154.0
2021-06-25 14:43:24.488,31340.0
2021-06-25 14:43:24.493,30700.0
2021-06-25 14:43:24.498,37732.0
2021-06-25 14:43:24.503,39318.0
2021-06-25 14:43:24.508,35222.0
2021-06-25 14:43:24.513,37838.0
2021-06-25 14:43:24.518,38222.0
2021-06-25 14:43:24.523,36848.0
2021-06-25 14:43:24.528,35462.0
2021-06-25 14:43:24.533,36038.0
2021-06-25 14:43:24.538,37660.0
2021-06-25 14:43:24.543,38336.0
2021-06-25 14:43:24.548,37726.0
2021-06-25 14:43:24.553,37134.0
2021-06-25 14:43:24.558,35252.0
2021-06-25 14:43:24.563,36114.0
2021-06-25 14:43:24.568,34774.0
2021-06-25 14:43:24.573,37254.0
2021-06-25 14:43:24.578,30432.0
2021-06-25 14:43:24.583,30376.0
2021-06-25 14:43:24.588,32034.0
2021-06-25 14:43:24.593,32336.0
2021-06-25 14:43:24.598,35902.0
2021-06-25 14:43:24.603,36002.0
2021-06-25 14:43:24.608,33394.0
2021-06-25 14:43:24.613,30410.0
2021-06-25 14:43:24.618,30888.0
2021-06-25 14:43:24.623,30816.0
2021-06-25 14:43:24.628,31326.0
2021-06-25 14:43:24.633,29288.0
2021-06-25 14:43:24.638,30196.0
2021-06-25 14:43:24.643,30092.0
2021-06-25 14:43:24.648,35676.0
2021-06-25 14:43:24.653,34882.0
2021-06-25 14:43:24.658,36954.0
2021-06-25 14:43:24.663,37252.0
2021-06-25 14:43:24.668,36088.0
2021-06-25 14:43:24.673,35360.0
2021-06-25 14:43:24.678,37026.0
2021-06-25 14:43:24.683,36638.0
2021-06-25 14:43:24.688,36842.0
2021-06-25 14:43:24.693,35540.0
2021-06-25 14:43:24.698,37432.0
2021-06-25 14:43:24.703,37012.0
2021-06-25 14:43:24.708,35206.0
2021-06-25 14:43:24.713,34876.0
2021-06-25 14:43:24.718,36154.0
2021-06-25 14:43:24.723,34410.0
2021-06-25 14:43:24.728,30416.0
2021-06-25 14:43:24.733,30320.0
2021-06-25 14:43:24.738,32594.0
2021-06-25 14:43:24.743,32300.0
2021-06-25 14:43:24.748,31294.0
2021-06-25 14:43:24.753,34384.0
2021-06-25 14:43:24.758,32152.0
2021-06-25 14:43:24.763,31854.0
2021-06-25 14:43:24.768,32818.0
2021-06-25 14:43:24.773,31408.0
2021-06-25 14:43:24.778,30672.0
2021-06-25 14:43:24.783,30832.0
2021-06-25 14:43:24.788,30114.0
2021-06-25 14:43:24.793,37114.0
2021-06-25 14:43:24.798,35350.0
2021-06-25 14:43:24.803,37258.0
2021-06-25 14:43:24.808,35558.0
2021-06-25 14:43:24.813,32218.0
2021-06-25 14:43:24.818,33512.0
2021-06-25 14:43:24.823,36776.0
2021-06-25 14:43:24.828,36386.0
2021-06-25 14:43:24.833,37632.0
2021-06-25 14:43:24.839,36862.0
2021-06-25 14:43:24.843,34744.0
2021-06-25 14:43:24.848,34604.0
2021-06-25 14:43:24.853,35734.0
2021-06-25 14:43:24.858,36764.0
2021-06-25 14:43:24.863,36174.0
2021-06-25 14:43:24.868,31274.0
2021-06-25 14:43:24.873,31326.0
2021-06-25 14:43:24.878,29888.0
2021-06-25 14:43:24.883,32650.0
2021-06-25 14:43:24.888,32024.0
2021-06-25 14:43:24.893,35472.0
2021-06-25 14:43:24.898,31510.0
2021-06-25 14:43:24.903,31642.0
2021-06-25 14:43:24.908,31458.0
2021-06-25 14:43:24.913,31484.0
2021-06-25 14:43:24.918,31896.0
2021-06-25 14:43:24.924,30258.0
2021-06-25 14:43:24.928,30736.0
2021-06-25 14:43:24.933,35646.0
2021-06-25 14:43:24.938,36646.0
2021-06-25 14:43:24.943,35980.0
2021-06-25 14:43:24.948,36294.0
2021-06-25 14:43:24.953,36802.0
2021-06-25 14:43:24.958,35648.0
2021-06-25 14:43:24.963,37254.0
2021-06-25 14:43:24.968,35332.0
2021-06-25 14:43:24.973,35390.0
2021-06-25 14:43:24.978,34754.0
2021-06-25 14:43:24.983,35636.0
2021-06-25 14:43:24.988,37792.0
2021-06-25 14:43:24.993,37654.0
2021-06-25 14:43:24.998,36508.0
2021-06-25 14:43:25.003,35862.0
2021-06-25 14:43:25.009,33836.0
2021-06-25 14:43:25.013,32812.0
2021-06-25 14:43:25.018,35410.0
2021-06-25 14:43:25.023,31084.0
2021-06-25 14:43:25.028,30416.0
2021-06-25 14:43:25.033,30724.0
2021-06-25 14:43:25.038,32588.0
2021-06-25 14:43:25.043,32032.0
2021-06-25 14:43:25.048,36328.0
2021-06-25 14:43:25.053,30030.0
2021-06-25 14:43:25.058,31018.0
2021-06-25 14:43:25.063,29068.0
2021-06-25 14:43:25.068,30658.0
2021-06-25 14:43:25.073,31294.0
2021-06-25 14:43:25.078,29236.0
2021-06-25 14:43:25.083,30334.0
2021-06-25 14:43:25.088,36488.0
2021-06-25 14:43:25.093,38084.0
2021-06-25 14:43:25.098,39048.0
2021-06-25 14:43:25.103,36492.0
2021-06-25 14:43:25.108,35708.0
2021-06-25 14:43:25.113,30864.0
2021-06-25 14:43:25.118,34634.0
2021-06-25 14:43:25.123,36324.0
2021-06-25 14:43:25.128,37720.0
2021-06-25 14:43:25.133,35154.0
2021-06-25 14:43:25.138,37520.0
2021-06-25 14:43:25.143,37770.0
2021-06-25 14:43:25.148,37760.0
2021-06-25 14:43:25.153,37052.0
2021-06-25 14:43:25.158,34344.0
2021-06-25 14:43:25.163,34640.0
2021-06-25 14:43:25.168,30220.0
2021-06-25 14:43:25.173,30420.0
2021-06-25 14:43:25.178,32398.0
2021-06-25 14:43:25.183,32994.0
2021-06-25 14:43:25.188,30930.0
2021-06-25 14:43:25.193,35970.0
2021-06-25 14:43:25.198,31054.0
2021-06-25 14:43:25.203,32648.0
2021-06-25 14:43:25.208,32742.0
2021-06-25 14:43:25.213,31576.0
2021-06-25 14:43:25.218,31068.0
2021-06-25 14:43:25.223,30828.0
2021-06-25 14:43:25.228,31832.0
2021-06-25 14:43:25.233,37448.0
2021-06-25 14:43:25.238,37576.0
2021-06-25 14:43:25.243,36682.0
2021-06-25 14:43:25.248,36160.0
2021-06-25 14:43:25.253,38270.0
2021-06-25 14:43:25.258,34790.0
2021-06-25 14:43:25.263,37444.0
2021-06-25 14:43:25.268,36468.0
2021-06-25 14:43:25.273,37680.0
2021-06-25 14:43:25.278,37988.0
2021-06-25 14:43:25.283,36294.0
2021-06-25 14:43:25.288,37684.0
2021-06-25 14:43:25.293,37720.0
2021-06-25 14:43:25.298,37072.0
2021-06-25 14:43:25.303,36638.0
2021-06-25 14:43:25.308,32850.0
2021-06-25 14:43:25.313,29482.0
2021-06-25 14:43:25.318,30618.0
2021-06-25 14:43:25.323,31470.0
2021-06-25 14:43:25.328,30344.0
2021-06-25 14:43:25.333,30754.0
2021-06-25 14:43:25.338,35196.0
2021-06-25 14:43:25.343,30366.0
2021-06-25 14:43:25.348,34236.0
2021-06-25 14:43:25.353,31978.0
2021-06-25 14:43:25.358,31084.0
2021-06-25 14:43:25.363,31878.0
2021-06-25 14:43:25.368,33080.0
2021-06-25 14:43:25.373,29656.0
2021-06-25 14:43:25.378,36654.0
2021-06-25 14:43:25.383,37064.0
2021-06-25 14:43:25.388,36862.0
2021-06-25 14:43:25.393,35216.0
2021-06-25 14:43:25.398,35810.0
2021-06-25 14:43:25.403,36818.0
2021-06-25 14:43:25.408,38312.0
2021-06-25 14:43:25.413,33974.0
2021-06-25 14:43:25.418,33818.0
2021-06-25 14:43:25.423,36904.0
2021-06-25 14:43:25.428,36478.0
2021-06-25 14:43:25.433,36324.0
2021-06-25 14:43:25.438,37310.0
2021-06-25 14:43:25.443,36772.0
2021-06-25 14:43:25.448,37596.0
2021-06-25 14:43:25.453,31792.0
2021-06-25 14:43:25.458,30872.0
2021-06-25 14:43:25.463,30384.0
2021-06-25 14:43:25.468,31396.0
2021-06-25 14:43:25.473,30302.0
2021-06-25 14:43:25.479,34244.0
2021-06-25 14:43:25.483,28642.0
2021-06-25 14:43:25.488,29832.0
2021-06-25 14:43:25.493,31412.0
2021-06-25 14:43:25.498,31566.0
2021-06-25 14:43:25.503,33290.0
2021-06-25 14:43:25.508,30658.0
2021-06-25 14:43:25.513,31326.0
2021-06-25 14:43:25.518,37166.0
2021-06-25 14:43:25.523,34430.0
2021-06-25 14:43:25.528,37380.0
2021-06-25 14:43:25.533,35740.0
2021-06-25 14:43:25.538,36882.0
2021-06-25 14:43:25.543,37884.0
2021-06-25 14:43:25.548,38402.0
2021-06-25 14:43:25.553,37868.0
2021-06-25 14:43:25.558,36792.0
2021-06-25 14:43:25.564,36124.0
2021-06-25 14:43:25.568,34908.0
2021-06-25 14:43:25.573,33456.0
2021-06-25 14:43:25.578,37044.0
2021-06-25 14:43:25.583,35426.0
2021-06-25 14:43:25.588,36802.0
2021-06-25 14:43:25.593,31078.0
2021-06-25 14:43:25.598,30448.0
2021-06-25 14:43:25.603,31576.0
2021-06-25 14:43:25.608,34270.0
2021-06-25 14:43:25.613,34328.0
2021-06-25 14:43:25.618,32730.0
2021-06-25 14:43:25.623,33726.0
2021-06-25 14:43:25.628,29482.0
2021-06-25 14:43:25.633,30806.0
2021-06-25 14:43:25.638,30494.0
2021-06-25 14:43:25.643,30032.0
2021-06-25 14:43:25.649,32356.0
2021-06-25 14:43:25.653,29478.0
2021-06-25 14:43:25.658,30514.0
2021-06-25 14:43:25.663,36740.0
2021-06-25 14:43:25.668,33880.0
2021-06-25 14:43:25.673,35632.0
2021-06-25 14:43:25.678,34588.0
2021-06-25 14:43:25.683,37408.0
2021-06-25 14:43:25.688,37264.0
2021-06-25 14:43:25.693,37700.0
2021-06-25 14:43:25.698,38116.0
2021-06-25 14:43:25.703,37936.0
2021-06-25 14:43:25.708,36566.0
2021-06-25 14:43:25.713,36782.0
2021-06-25 14:43:25.718,36524.0
2021-06-25 14:43:25.723,36812.0
2021-06-25 14:43:25.728,37966.0
2021-06-25 14:43:25.733,37732.0
2021-06-25 14:43:25.738,36464.0
2021-06-25 14:43:25.743,30294.0
2021-06-25 14:43:25.748,30330.0
2021-06-25 14:43:25.753,33664.0
2021-06-25 14:43:25.758,31196.0
2021-06-25 14:43:25.763,31088.0
2021-06-25 14:43:25.768,33886.0
2021-06-25 14:43:25.773,29046.0
2021-06-25 14:43:25.778,31412.0
2021-06-25 14:43:25.783,31064.0
2021-06-25 14:43:25.788,30510.0
2021-06-25 14:43:25.793,31946.0
2021-06-25 14:43:25.798,30360.0
2021-06-25 14:43:25.803,33490.0
2021-06-25 14:43:25.808,37940.0
2021-06-25 14:43:25.813,37078.0
2021-06-25 14:43:25.818,32556.0
2021-06-25 14:43:25.823,35744.0
2021-06-25 14:43:25.828,36000.0
2021-06-25 14:43:25.833,37244.0
2021-06-25 14:43:25.838,36406.0
2021-06-25 14:43:25.843,36782.0
2021-06-25 14:43:25.848,34866.0
2021-06-25 14:43:25.853,35974.0
2021-06-25 14:43:25.858,37234.0
2021-06-25 14:43:25.863,35140.0
2021-06-25 14:43:25.868,35476.0
2021-06-25 14:43:25.881,38086.0
2021-06-25 14:43:25.882,36632.0
2021-06-25 14:43:25.884,36990.0
2021-06-25 14:43:25.888,30868.0
2021-06-25 14:43:25.893,29760.0
2021-06-25 14:43:25.898,30606.0
2021-06-25 14:43:25.903,32090.0
2021-06-25 14:43:25.908,33464.0
2021-06-25 14:43:25.913,30002.0
2021-06-25 14:43:25.918,30324.0
2021-06-25 14:43:25.923,32552.0
2021-06-25 14:43:25.928,31006.0
2021-06-25 14:43:25.933,31222.0
2021-06-25 14:43:25.938,29260.0
2021-06-25 14:43:25.943,31022.0
2021-06-25 14:43:25.948,31254.0
2021-06-25 14:43:25.953,29276.0
2021-06-25 14:43:25.958,37126.0
2021-06-25 14:43:25.963,37506.0
2021-06-25 14:43:25.968,35604.0
2021-06-25 14:43:25.973,37258.0
2021-06-25 14:43:25.978,36292.0
2021-06-25 14:43:25.983,38424.0
2021-06-25 14:43:25.988,38158.0
2021-06-25 14:43:25.993,37586.0
2021-06-25 14:43:25.998,38398.0
2021-06-25 14:43:26.003,33630.0
2021-06-25 14:43:26.008,35476.0
2021-06-25 14:43:26.013,36664.0
2021-06-25 14:43:26.018,31386.0
2021-06-25 14:43:26.023,33762.0
2021-06-25 14:43:26.028,37144.0
2021-06-25 14:43:26.033,36836.0
2021-06-25 14:43:26.038,30766.0
2021-06-25 14:43:26.043,28882.0
2021-06-25 14:43:26.048,30672.0
2021-06-25 14:43:26.053,31000.0
2021-06-25 14:43:26.058,30908.0
2021-06-25 14:43:26.063,31674.0
2021-06-25 14:43:26.068,30992.0
2021-06-25 14:43:26.073,31422.0
2021-06-25 14:43:26.078,30898.0
2021-06-25 14:43:26.083,31888.0
2021-06-25 14:43:26.088,29540.0
2021-06-25 14:43:26.093,31956.0
2021-06-25 14:43:26.098,30828.0
2021-06-25 14:43:26.103,36002.0
2021-06-25 14:43:26.108,37186.0
2021-06-25 14:43:26.113,35278.0
2021-06-25 14:43:26.119,34960.0
2021-06-25 14:43:26.123,33746.0
2021-06-25 14:43:26.128,36950.0
2021-06-25 14:43:26.133,36682.0
2021-06-25 14:43:26.138,35872.0
2021-06-25 14:43:26.143,37166.0
2021-06-25 14:43:26.148,37546.0
2021-06-25 14:43:26.153,36032.0
2021-06-25 14:43:26.158,36498.0
2021-06-25 14:43:26.163,38078.0
2021-06-25 14:43:26.168,34148.0
2021-06-25 14:43:26.173,34080.0
2021-06-25 14:43:26.178,37078.0
2021-06-25 14:43:26.183,29082.0
2021-06-25 14:43:26.188,30926.0
2021-06-25 14:43:26.193,34338.0
2021-06-25 14:43:26.198,31288.0
2021-06-25 14:43:26.204,35612.0
2021-06-25 14:43:26.208,33988.0
2021-06-25 14:43:26.213,30730.0
2021-06-25 14:43:26.218,30056.0
2021-06-25 14:43:26.223,31852.0
2021-06-25 14:43:26.228,28394.0
2021-06-25 14:43:26.233,31094.0
2021-06-25 14:43:26.238,27056.0
2021-06-25 14:43:26.243,30560.0
2021-06-25 14:43:26.248,33716.0
2021-06-25 14:43:26.253,35692.0
2021-06-25 14:43:26.258,32284.0
2021-06-25 14:43:26.263,31868.0
2021-06-25 14:43:26.268,31976.0
2021-06-25 14:43:26.273,32486.0
2021-06-25 14:43:26.278,33070.0
2021-06-25 14:43:26.283,32356.0
2021-06-25 14:43:26.289,33384.0
2021-06-25 14:43:26.293,33718.0
2021-06-25 14:43:26.298,35160.0
2021-06-25 14:43:26.303,35242.0
2021-06-25 14:43:26.308,33718.0
2021-06-25 14:43:26.313,30128.0
2021-06-25 14:43:26.318,26100.0
2021-06-25 14:43:26.323,28662.0
2021-06-25 14:43:26.328,29102.0
2021-06-25 14:43:26.333,28650.0
2021-06-25 14:43:26.338,28974.0
2021-06-25 14:43:26.343,30314.0
2021-06-25 14:43:26.348,29812.0
2021-06-25 14:43:26.353,32070.0
2021-06-25 14:43:26.358,29164.0
2021-06-25 14:43:26.363,30038.0
2021-06-25 14:43:26.368,30808.0
2021-06-25 14:43:26.373,30488.0
2021-06-25 14:43:26.378,30944.0
2021-06-25 14:43:26.383,30836.0
2021-06-25 14:43:26.388,36504.0
2021-06-25 14:43:26.393,36842.0
2021-06-25 14:43:26.398,36288.0
2021-06-25 14:43:26.403,36698.0
2021-06-25 14:43:26.408,36554.0
2021-06-25 14:43:26.413,31932.0
2021-06-25 14:43:26.418,32658.0
2021-06-25 14:43:26.423,33712.0
2021-06-25 14:43:26.428,34358.0
2021-06-25 14:43:26.433,35304.0
2021-06-25 14:43:26.438,34026.0
2021-06-25 14:43:26.443,34852.0
2021-06-25 14:43:26.448,36498.0
2021-06-25 14:43:26.453,36792.0
2021-06-25 14:43:26.458,35640.0
2021-06-25 14:43:26.463,30724.0
2021-06-25 14:43:26.468,27974.0
2021-06-25 14:43:26.473,29522.0
2021-06-25 14:43:26.478,29466.0
2021-06-25 14:43:26.483,29242.0
2021-06-25 14:43:26.488,29648.0
2021-06-25 14:43:26.493,30772.0
2021-06-25 14:43:26.498,29138.0
2021-06-25 14:43:26.503,29406.0
2021-06-25 14:43:26.508,31320.0
2021-06-25 14:43:26.513,32314.0
2021-06-25 14:43:26.518,31356.0
2021-06-25 14:43:26.523,33400.0
2021-06-25 14:43:26.528,39172.0
2021-06-25 14:43:26.533,39480.0
2021-06-25 14:43:26.538,38820.0
2021-06-25 14:43:26.543,39290.0
2021-06-25 14:43:26.548,39008.0
2021-06-25 14:43:26.553,39300.0
2021-06-25 14:43:26.558,39336.0
2021-06-25 14:43:26.563,39600.0
2021-06-25 14:43:26.568,39474.0
2021-06-25 14:43:26.573,38602.0
2021-06-25 14:43:26.578,38752.0
2021-06-25 14:43:26.583,39630.0
2021-06-25 14:43:26.588,39782.0
2021-06-25 14:43:26.593,40096.0
2021-06-25 14:43:26.598,38316.0
2021-06-25 14:43:26.603,32638.0
2021-06-25 14:43:26.608,32196.0
2021-06-25 14:43:26.613,35462.0
2021-06-25 14:43:26.618,35468.0
2021-06-25 14:43:26.623,36678.0
2021-06-25 14:43:26.628,31022.0
2021-06-25 14:43:26.633,31016.0
2021-06-25 14:43:26.638,31000.0
2021-06-25 14:43:26.643,33388.0
2021-06-25 14:43:26.648,30842.0
2021-06-25 14:43:26.653,32946.0
2021-06-25 14:43:26.658,31300.0
2021-06-25 14:43:26.663,39744.0
2021-06-25 14:43:26.668,38208.0
2021-06-25 14:43:26.673,39004.0
2021-06-25 14:43:26.678,38664.0
2021-06-25 14:43:26.683,37110.0
2021-06-25 14:43:26.688,37228.0
2021-06-25 14:43:26.693,38204.0
2021-06-25 14:43:26.698,38274.0
2021-06-25 14:43:26.703,38666.0
2021-06-25 14:43:26.708,37366.0
2021-06-25 14:43:26.713,38332.0
2021-06-25 14:43:26.718,35964.0
2021-06-25 14:43:26.723,36206.0
2021-06-25 14:43:26.728,37016.0
2021-06-25 14:43:26.733,37116.0
2021-06-25 14:43:26.738,36956.0
2021-06-25 14:43:26.743,30812.0
2021-06-25 14:43:26.748,32234.0
2021-06-25 14:43:26.753,33474.0
2021-06-25 14:43:26.759,30048.0
2021-06-25 14:43:26.763,36760.0
2021-06-25 14:43:26.768,32434.0
2021-06-25 14:43:26.773,32408.0
2021-06-25 14:43:26.778,30914.0
2021-06-25 14:43:26.783,31028.0
2021-06-25 14:43:26.788,31644.0
2021-06-25 14:43:26.793,30946.0
2021-06-25 14:43:26.798,32628.0
2021-06-25 14:43:26.803,37812.0
2021-06-25 14:43:26.808,38500.0
2021-06-25 14:43:26.813,37002.0
2021-06-25 14:43:26.818,35876.0
2021-06-25 14:43:26.823,33834.0
2021-06-25 14:43:26.828,33912.0
2021-06-25 14:43:26.833,37084.0
2021-06-25 14:43:26.838,35466.0
2021-06-25 14:43:26.844,34388.0
2021-06-25 14:43:26.848,35668.0
2021-06-25 14:43:26.853,37052.0
2021-06-25 14:43:26.858,37100.0
2021-06-25 14:43:26.863,36648.0
2021-06-25 14:43:26.868,36124.0
2021-06-25 14:43:26.873,34358.0
2021-06-25 14:43:26.878,37504.0
2021-06-25 14:43:26.883,29960.0
2021-06-25 14:43:26.888,29708.0
2021-06-25 14:43:26.893,31560.0
2021-06-25 14:43:26.898,30138.0
2021-06-25 14:43:26.903,32922.0
2021-06-25 14:43:26.908,32768.0
2021-06-25 14:43:26.913,29976.0
2021-06-25 14:43:26.918,31880.0
2021-06-25 14:43:26.923,30586.0
2021-06-25 14:43:26.929,31140.0
2021-06-25 14:43:26.933,30852.0
2021-06-25 14:43:26.938,29784.0
2021-06-25 14:43:26.943,36536.0
2021-06-25 14:43:26.948,36400.0
2021-06-25 14:43:26.953,34898.0
2021-06-25 14:43:26.958,36104.0
2021-06-25 14:43:26.963,36616.0
2021-06-25 14:43:26.968,36174.0
2021-06-25 14:43:26.973,35662.0
2021-06-25 14:43:26.978,34598.0
2021-06-25 14:43:26.983,37776.0
2021-06-25 14:43:26.988,36498.0
2021-06-25 14:43:26.993,37582.0
2021-06-25 14:43:26.998,36274.0
2021-06-25 14:43:27.003,37288.0
2021-06-25 14:43:27.008,37674.0
2021-06-25 14:43:27.013,34552.0
2021-06-25 14:43:27.018,30672.0
2021-06-25 14:43:27.023,32516.0
2021-06-25 14:43:27.028,30882.0
2021-06-25 14:43:27.033,31746.0
2021-06-25 14:43:27.038,29642.0
2021-06-25 14:43:27.043,30108.0
2021-06-25 14:43:27.048,29498.0
2021-06-25 14:43:27.053,30554.0
2021-06-25 14:43:27.058,30592.0
2021-06-25 14:43:27.063,29112.0
2021-06-25 14:43:27.068,30452.0
2021-06-25 14:43:27.073,29350.0
2021-06-25 14:43:27.078,32552.0
2021-06-25 14:43:27.083,35584.0
2021-06-25 14:43:27.088,35770.0
2021-06-25 14:43:27.093,36042.0
2021-06-25 14:43:27.098,35272.0
2021-06-25 14:43:27.103,34980.0
2021-06-25 14:43:27.108,38572.0
2021-06-25 14:43:27.113,35364.0
2021-06-25 14:43:27.118,36970.0
2021-06-25 14:43:27.123,35124.0
2021-06-25 14:43:27.128,35954.0
2021-06-25 14:43:27.133,36156.0
2021-06-25 14:43:27.138,36356.0
2021-06-25 14:43:27.143,36402.0
2021-06-25 14:43:27.148,36356.0
2021-06-25 14:43:27.153,37858.0
2021-06-25 14:43:27.158,39008.0
2021-06-25 14:43:27.163,30186.0
2021-06-25 14:43:27.168,31894.0
2021-06-25 14:43:27.173,30478.0
2021-06-25 14:43:27.178,30492.0
2021-06-25 14:43:27.183,31080.0
2021-06-25 14:43:27.188,35794.0
2021-06-25 14:43:27.193,30088.0
2021-06-25 14:43:27.198,32314.0
2021-06-25 14:43:27.203,31982.0
2021-06-25 14:43:27.208,30546.0
2021-06-25 14:43:27.213,31248.0
2021-06-25 14:43:27.218,31438.0
2021-06-25 14:43:27.223,33814.0
2021-06-25 14:43:27.228,35262.0
2021-06-25 14:43:27.233,34482.0
2021-06-25 14:43:27.238,35138.0
2021-06-25 14:43:27.243,37470.0
2021-06-25 14:43:27.248,38238.0
2021-06-25 14:43:27.253,36104.0
2021-06-25 14:43:27.258,37316.0
2021-06-25 14:43:27.263,36304.0
2021-06-25 14:43:27.268,38404.0
2021-06-25 14:43:27.273,32540.0
2021-06-25 14:43:27.278,36596.0
2021-06-25 14:43:27.283,37252.0
2021-06-25 14:43:27.288,36796.0
2021-06-25 14:43:27.293,36324.0
2021-06-25 14:43:27.298,38146.0
2021-06-25 14:43:27.303,35610.0
2021-06-25 14:43:27.308,32628.0
2021-06-25 14:43:27.313,32160.0
2021-06-25 14:43:27.318,32322.0
2021-06-25 14:43:27.323,29508.0
2021-06-25 14:43:27.328,30140.0
2021-06-25 14:43:27.333,34472.0
2021-06-25 14:43:27.338,30364.0
2021-06-25 14:43:27.343,32028.0
2021-06-25 14:43:27.348,30058.0
2021-06-25 14:43:27.353,30386.0
2021-06-25 14:43:27.358,31232.0
2021-06-25 14:43:27.363,32136.0
2021-06-25 14:43:27.368,34810.0
2021-06-25 14:43:27.373,33012.0
2021-06-25 14:43:27.378,36688.0
2021-06-25 14:43:27.383,36478.0
2021-06-25 14:43:27.388,36868.0
2021-06-25 14:43:27.393,37290.0
2021-06-25 14:43:27.399,35652.0
2021-06-25 14:43:27.403,37720.0
2021-06-25 14:43:27.408,38028.0
2021-06-25 14:43:27.413,37336.0
2021-06-25 14:43:27.418,37114.0
2021-06-25 14:43:27.423,33240.0
2021-06-25 14:43:27.428,33788.0
2021-06-25 14:43:27.433,37152.0
2021-06-25 14:43:27.438,37110.0
2021-06-25 14:43:27.443,36380.0
2021-06-25 14:43:27.448,36776.0
2021-06-25 14:43:27.453,33014.0
2021-06-25 14:43:27.458,31914.0
2021-06-25 14:43:27.463,31226.0
2021-06-25 14:43:27.468,33958.0
2021-06-25 14:43:27.473,30914.0
2021-06-25 14:43:27.478,32444.0
2021-06-25 14:43:27.484,29866.0
2021-06-25 14:43:27.488,29194.0
2021-06-25 14:43:27.493,31406.0
2021-06-25 14:43:27.498,30134.0
2021-06-25 14:43:27.503,31766.0
2021-06-25 14:43:27.508,32352.0
2021-06-25 14:43:27.513,30462.0
2021-06-25 14:43:27.518,36998.0
2021-06-25 14:43:27.523,35456.0
2021-06-25 14:43:27.528,33782.0
2021-06-25 14:43:27.533,36700.0
2021-06-25 14:43:27.538,37340.0
2021-06-25 14:43:27.543,36298.0
2021-06-25 14:43:27.548,37294.0
2021-06-25 14:43:27.553,36904.0
2021-06-25 14:43:27.558,38342.0
2021-06-25 14:43:27.563,35892.0
2021-06-25 14:43:27.569,39312.0
2021-06-25 14:43:27.573,36310.0
2021-06-25 14:43:27.578,38182.0
2021-06-25 14:43:27.583,36278.0
2021-06-25 14:43:27.588,36200.0
2021-06-25 14:43:27.593,36998.0
2021-06-25 14:43:27.598,29304.0
2021-06-25 14:43:27.603,30458.0
2021-06-25 14:43:27.608,29256.0
2021-06-25 14:43:27.613,31252.0
2021-06-25 14:43:27.618,30304.0
2021-06-25 14:43:27.623,34754.0
2021-06-25 14:43:27.628,33764.0
2021-06-25 14:43:27.633,29748.0
2021-06-25 14:43:27.638,30884.0
2021-06-25 14:43:27.643,29338.0
2021-06-25 14:43:27.648,31976.0
2021-06-25 14:43:27.653,29216.0
2021-06-25 14:43:27.658,30020.0
2021-06-25 14:43:27.663,29826.0
2021-06-25 14:43:27.668,38568.0
2021-06-25 14:43:27.673,37690.0
2021-06-25 14:43:27.678,36202.0
2021-06-25 14:43:27.683,37152.0
2021-06-25 14:43:27.688,36068.0
2021-06-25 14:43:27.693,34914.0
2021-06-25 14:43:27.698,36032.0
2021-06-25 14:43:27.703,36806.0
2021-06-25 14:43:27.708,34588.0
2021-06-25 14:43:27.713,36412.0
2021-06-25 14:43:27.718,36350.0
2021-06-25 14:43:27.723,34532.0
2021-06-25 14:43:27.728,37380.0
2021-06-25 14:43:27.733,38172.0
2021-06-25 14:43:27.738,36888.0
2021-06-25 14:43:27.743,29868.0
2021-06-25 14:43:27.748,30170.0
2021-06-25 14:43:27.753,31786.0
2021-06-25 14:43:27.758,32014.0
2021-06-25 14:43:27.763,30114.0
2021-06-25 14:43:27.768,31832.0
2021-06-25 14:43:27.773,32956.0
2021-06-25 14:43:27.778,31280.0
2021-06-25 14:43:27.783,30180.0
2021-06-25 14:43:27.788,31986.0
2021-06-25 14:43:27.793,29810.0
2021-06-25 14:43:27.798,32044.0
2021-06-25 14:43:27.803,30658.0
2021-06-25 14:43:27.808,36782.0
2021-06-25 14:43:27.813,35426.0
2021-06-25 14:43:27.818,36432.0
2021-06-25 14:43:27.823,34796.0
2021-06-25 14:43:27.828,32920.0
2021-06-25 14:43:27.833,36222.0
2021-06-25 14:43:27.838,36818.0
2021-06-25 14:43:27.843,37762.0
2021-06-25 14:43:27.848,36806.0
2021-06-25 14:43:27.853,36998.0
2021-06-25 14:43:27.858,37776.0
2021-06-25 14:43:27.863,38122.0
2021-06-25 14:43:27.868,36718.0
2021-06-25 14:43:27.873,36258.0
2021-06-25 14:43:27.878,36104.0
2021-06-25 14:43:27.883,37324.0
2021-06-25 14:43:27.888,29930.0
2021-06-25 14:43:27.893,29370.0
2021-06-25 14:43:27.898,30170.0
2021-06-25 14:43:27.903,32510.0
2021-06-25 14:43:27.908,31160.0
2021-06-25 14:43:27.913,29656.0
2021-06-25 14:43:27.918,29370.0
2021-06-25 14:43:27.923,31310.0
2021-06-25 14:43:27.928,31016.0
2021-06-25 14:43:27.933,30808.0
2021-06-25 14:43:27.938,29574.0
2021-06-25 14:43:27.943,31442.0
2021-06-25 14:43:27.948,32458.0
2021-06-25 14:43:27.953,34656.0
2021-06-25 14:43:27.958,38032.0
2021-06-25 14:43:27.963,38238.0
2021-06-25 14:43:27.968,37146.0
2021-06-25 14:43:27.973,36848.0
2021-06-25 14:43:27.978,35980.0
2021-06-25 14:43:27.983,36586.0
2021-06-25 14:43:27.988,36888.0
2021-06-25 14:43:27.993,36048.0
2021-06-25 14:43:27.998,36478.0
2021-06-25 14:43:28.003,35934.0
2021-06-25 14:43:28.008,37982.0
2021-06-25 14:43:28.013,37290.0
2021-06-25 14:43:28.018,35564.0
2021-06-25 14:43:28.023,34516.0
2021-06-25 14:43:28.028,32802.0
2021-06-25 14:43:28.033,30972.0
2021-06-25 14:43:28.039,31144.0
2021-06-25 14:43:28.043,31778.0
2021-06-25 14:43:28.048,30520.0
2021-06-25 14:43:28.053,30864.0
2021-06-25 14:43:28.058,30448.0
2021-06-25 14:43:28.063,31552.0
2021-06-25 14:43:28.068,29964.0
2021-06-25 14:43:28.073,29004.0
2021-06-25 14:43:28.078,29884.0
2021-06-25 14:43:28.083,31552.0
2021-06-25 14:43:28.088,29024.0
2021-06-25 14:43:28.093,34234.0
2021-06-25 14:43:28.098,35714.0
2021-06-25 14:43:28.103,36046.0
2021-06-25 14:43:28.108,36344.0
2021-06-25 14:43:28.113,36976.0
2021-06-25 14:43:28.118,36520.0
2021-06-25 14:43:28.124,33954.0
2021-06-25 14:43:28.128,30600.0
2021-06-25 14:43:28.133,34676.0
2021-06-25 14:43:28.138,35406.0
2021-06-25 14:43:28.143,36340.0
2021-06-25 14:43:28.148,36328.0
2021-06-25 14:43:28.153,35800.0
2021-06-25 14:43:28.158,37280.0
2021-06-25 14:43:28.163,36308.0
2021-06-25 14:43:28.168,36118.0
2021-06-25 14:43:28.173,34800.0
2021-06-25 14:43:28.178,30360.0
2021-06-25 14:43:28.183,29032.0
2021-06-25 14:43:28.188,29350.0
2021-06-25 14:43:28.193,29286.0
2021-06-25 14:43:28.198,29494.0
2021-06-25 14:43:28.203,31618.0
2021-06-25 14:43:28.209,35370.0
2021-06-25 14:43:28.213,32368.0
2021-06-25 14:43:28.218,29692.0
2021-06-25 14:43:28.223,30500.0
2021-06-25 14:43:28.228,30940.0
2021-06-25 14:43:28.233,31208.0
2021-06-25 14:43:28.238,30184.0
2021-06-25 14:43:28.243,31490.0
2021-06-25 14:43:28.248,37100.0
2021-06-25 14:43:28.253,37752.0
2021-06-25 14:43:28.258,36468.0
2021-06-25 14:43:28.263,37084.0
2021-06-25 14:43:28.268,37366.0
2021-06-25 14:43:28.273,36854.0
2021-06-25 14:43:28.278,31208.0
2021-06-25 14:43:28.283,33434.0
2021-06-25 14:43:28.288,35996.0
2021-06-25 14:43:28.293,36836.0
2021-06-25 14:43:28.298,37982.0
2021-06-25 14:43:28.303,37052.0
2021-06-25 14:43:28.308,38558.0
2021-06-25 14:43:28.313,38510.0
2021-06-25 14:43:28.318,36128.0
2021-06-25 14:43:28.323,33152.0
2021-06-25 14:43:28.328,31190.0
2021-06-25 14:43:28.333,29442.0
2021-06-25 14:43:28.338,31464.0
2021-06-25 14:43:28.343,30524.0
2021-06-25 14:43:28.348,34072.0
2021-06-25 14:43:28.353,30780.0
2021-06-25 14:43:28.358,31654.0
2021-06-25 14:43:28.363,31808.0
2021-06-25 14:43:28.368,32086.0
2021-06-25 14:43:28.373,31884.0
2021-06-25 14:43:28.378,30580.0
2021-06-25 14:43:28.383,32650.0
2021-06-25 14:43:28.388,37546.0
2021-06-25 14:43:28.393,36084.0
2021-06-25 14:43:28.398,38584.0
2021-06-25 14:43:28.403,37874.0
2021-06-25 14:43:28.408,37952.0
2021-06-25 14:43:28.413,38172.0
2021-06-25 14:43:28.418,37454.0
2021-06-25 14:43:28.423,36602.0
2021-06-25 14:43:28.428,32562.0
2021-06-25 14:43:28.441,37100.0
2021-06-25 14:43:28.442,36586.0
2021-06-25 14:43:28.444,35970.0
2021-06-25 14:43:28.448,36134.0
2021-06-25 14:43:28.453,35498.0
2021-06-25 14:43:28.458,28496.0
2021-06-25 14:43:28.463,31844.0
2021-06-25 14:43:28.468,32480.0
2021-06-25 14:43:28.473,32638.0
2021-06-25 14:43:28.478,30618.0
2021-06-25 14:43:28.483,34096.0
2021-06-25 14:43:28.488,31218.0
2021-06-25 14:43:28.493,30954.0
2021-06-25 14:43:28.498,31346.0
2021-06-25 14:43:28.503,31930.0
2021-06-25 14:43:28.508,31072.0
2021-06-25 14:43:28.513,30664.0
2021-06-25 14:43:28.518,31612.0
2021-06-25 14:43:28.523,37684.0
2021-06-25 14:43:28.528,35970.0
2021-06-25 14:43:28.533,35704.0
2021-06-25 14:43:28.538,36456.0
2021-06-25 14:43:28.543,36036.0
2021-06-25 14:43:28.548,35822.0
2021-06-25 14:43:28.553,36740.0
2021-06-25 14:43:28.558,36530.0
2021-06-25 14:43:28.563,36822.0
2021-06-25 14:43:28.568,34522.0
2021-06-25 14:43:28.573,37298.0
2021-06-25 14:43:28.578,36320.0
2021-06-25 14:43:28.583,37628.0
2021-06-25 14:43:28.588,37464.0
2021-06-25 14:43:28.593,36918.0
2021-06-25 14:43:28.598,36946.0
2021-06-25 14:43:28.603,30592.0
2021-06-25 14:43:28.608,32086.0
2021-06-25 14:43:28.613,32880.0
2021-06-25 14:43:28.618,31274.0
2021-06-25 14:43:28.623,30700.0
2021-06-25 14:43:28.628,30236.0
2021-06-25 14:43:28.633,32782.0
2021-06-25 14:43:28.638,31216.0
2021-06-25 14:43:28.643,29060.0
2021-06-25 14:43:28.648,27050.0
2021-06-25 14:43:28.653,28420.0
2021-06-25 14:43:28.658,29912.0
2021-06-25 14:43:28.663,35098.0
2021-06-25 14:43:28.668,34210.0
2021-06-25 14:43:28.673,33182.0
2021-06-25 14:43:28.679,33234.0
2021-06-25 14:43:28.683,32100.0
2021-06-25 14:43:28.688,33132.0
2021-06-25 14:43:28.693,32676.0
2021-06-25 14:43:28.698,34050.0
2021-06-25 14:43:28.703,35144.0
2021-06-25 14:43:28.708,35258.0
2021-06-25 14:43:28.713,36010.0
2021-06-25 14:43:28.718,33112.0
2021-06-25 14:43:28.723,34544.0
2021-06-25 14:43:28.728,32624.0
2021-06-25 14:43:28.733,32340.0
2021-06-25 14:43:28.738,34906.0
2021-06-25 14:43:28.743,27892.0
2021-06-25 14:43:28.748,27722.0
2021-06-25 14:43:28.753,32460.0
2021-06-25 14:43:28.758,27584.0
2021-06-25 14:43:28.764,34840.0
2021-06-25 14:43:28.768,29278.0
2021-06-25 14:43:28.773,29216.0
2021-06-25 14:43:28.778,28526.0
2021-06-25 14:43:28.783,28424.0
2021-06-25 14:43:28.788,28964.0
2021-06-25 14:43:28.793,28506.0
2021-06-25 14:43:28.798,29976.0
2021-06-25 14:43:28.803,34338.0
2021-06-25 14:43:28.808,35072.0
2021-06-25 14:43:28.813,34096.0
2021-06-25 14:43:28.818,34866.0
2021-06-25 14:43:28.823,36652.0
2021-06-25 14:43:28.828,34774.0
2021-06-25 14:43:28.833,30534.0
2021-06-25 14:43:28.838,33820.0
2021-06-25 14:43:28.843,34558.0
2021-06-25 14:43:28.849,34804.0
2021-06-25 14:43:28.853,34524.0
2021-06-25 14:43:28.858,35662.0
2021-06-25 14:43:28.863,33974.0
2021-06-25 14:43:28.868,35262.0
2021-06-25 14:43:28.873,35656.0
2021-06-25 14:43:28.878,33158.0
2021-06-25 14:43:28.883,33440.0
2021-06-25 14:43:28.888,27988.0
2021-06-25 14:43:28.893,27116.0
2021-06-25 14:43:28.898,28434.0
2021-06-25 14:43:28.903,29450.0
2021-06-25 14:43:28.908,27024.0
2021-06-25 14:43:28.913,27948.0
2021-06-25 14:43:28.918,28398.0
2021-06-25 14:43:28.923,28480.0
2021-06-25 14:43:28.928,26116.0
2021-06-25 14:43:28.933,29512.0
2021-06-25 14:43:28.938,25858.0
2021-06-25 14:43:28.943,28322.0
2021-06-25 14:43:28.948,26660.0
2021-06-25 14:43:28.953,35174.0
2021-06-25 14:43:28.958,35446.0
2021-06-25 14:43:28.963,34050.0
2021-06-25 14:43:28.968,34036.0
2021-06-25 14:43:28.973,35006.0
2021-06-25 14:43:28.978,34780.0
2021-06-25 14:43:28.983,33532.0
2021-06-25 14:43:28.988,35052.0
2021-06-25 14:43:28.993,34788.0
2021-06-25 14:43:28.998,35138.0
2021-06-25 14:43:29.003,35646.0
2021-06-25 14:43:29.008,35104.0
2021-06-25 14:43:29.013,34978.0
2021-06-25 14:43:29.018,34220.0
2021-06-25 14:43:29.023,35718.0
2021-06-25 14:43:29.028,31792.0
2021-06-25 14:43:29.033,28888.0
2021-06-25 14:43:29.038,30580.0
2021-06-25 14:43:29.043,29468.0
2021-06-25 14:43:29.048,26758.0
2021-06-25 14:43:29.053,28344.0
2021-06-25 14:43:29.058,33116.0
2021-06-25 14:43:29.063,29440.0
2021-06-25 14:43:29.068,27676.0
2021-06-25 14:43:29.073,29000.0
2021-06-25 14:43:29.078,29894.0
2021-06-25 14:43:29.083,28698.0
2021-06-25 14:43:29.088,28606.0
2021-06-25 14:43:29.093,34836.0
2021-06-25 14:43:29.098,34518.0
2021-06-25 14:43:29.103,35272.0
2021-06-25 14:43:29.108,35432.0
2021-06-25 14:43:29.113,33944.0
2021-06-25 14:43:29.118,34384.0
2021-06-25 14:43:29.123,36174.0
2021-06-25 14:43:29.128,32454.0
2021-06-25 14:43:29.133,32244.0
2021-06-25 14:43:29.138,33676.0
2021-06-25 14:43:29.143,32794.0
2021-06-25 14:43:29.148,32278.0
2021-06-25 14:43:29.153,35052.0
2021-06-25 14:43:29.158,34010.0
2021-06-25 14:43:29.163,34014.0
2021-06-25 14:43:29.168,34282.0
2021-06-25 14:43:29.173,35754.0
2021-06-25 14:43:29.178,29068.0
2021-06-25 14:43:29.183,27892.0
2021-06-25 14:43:29.188,29000.0
2021-06-25 14:43:29.193,30078.0
2021-06-25 14:43:29.198,30980.0
2021-06-25 14:43:29.203,29970.0
2021-06-25 14:43:29.208,27326.0
2021-06-25 14:43:29.213,27692.0
2021-06-25 14:43:29.218,27900.0
2021-06-25 14:43:29.223,28778.0
2021-06-25 14:43:29.228,29790.0
2021-06-25 14:43:29.233,27536.0
2021-06-25 14:43:29.238,34086.0
2021-06-25 14:43:29.243,34696.0
2021-06-25 14:43:29.248,33672.0
2021-06-25 14:43:29.253,32942.0
2021-06-25 14:43:29.258,34814.0
2021-06-25 14:43:29.263,34384.0
2021-06-25 14:43:29.268,33512.0
2021-06-25 14:43:29.273,33854.0
2021-06-25 14:43:29.278,33256.0
2021-06-25 14:43:29.283,31670.0
2021-06-25 14:43:29.288,31634.0
2021-06-25 14:43:29.293,33516.0
2021-06-25 14:43:29.298,34842.0
2021-06-25 14:43:29.303,33410.0
2021-06-25 14:43:29.308,35088.0
2021-06-25 14:43:29.313,33664.0
2021-06-25 14:43:29.319,29806.0
2021-06-25 14:43:29.323,27998.0
2021-06-25 14:43:29.328,29186.0
2021-06-25 14:43:29.333,28748.0
2021-06-25 14:43:29.338,32624.0
2021-06-25 14:43:29.343,31654.0
2021-06-25 14:43:29.348,26346.0
2021-06-25 14:43:29.353,28662.0
2021-06-25 14:43:29.358,27414.0
2021-06-25 14:43:29.363,28306.0
2021-06-25 14:43:29.368,28308.0
2021-06-25 14:43:29.373,29524.0
2021-06-25 14:43:29.378,27102.0
2021-06-25 14:43:29.383,30154.0
2021-06-25 14:43:29.388,31402.0
2021-06-25 14:43:29.393,35518.0
2021-06-25 14:43:29.398,35210.0
2021-06-25 14:43:29.404,34842.0
2021-06-25 14:43:29.408,33502.0
2021-06-25 14:43:29.413,35050.0
2021-06-25 14:43:29.418,35868.0
2021-06-25 14:43:29.423,35030.0
2021-06-25 14:43:29.428,33754.0
2021-06-25 14:43:29.433,28480.0
2021-06-25 14:43:29.438,33328.0
2021-06-25 14:43:29.443,34774.0
2021-06-25 14:43:29.448,34630.0
2021-06-25 14:43:29.453,34152.0
2021-06-25 14:43:29.458,28296.0
2021-06-25 14:43:29.463,30402.0
2021-06-25 14:43:29.468,32240.0
2021-06-25 14:43:29.473,31842.0
2021-06-25 14:43:29.478,29918.0
2021-06-25 14:43:29.483,32270.0
2021-06-25 14:43:29.489,29118.0
2021-06-25 14:43:29.493,31162.0
2021-06-25 14:43:29.498,29032.0
2021-06-25 14:43:29.503,30360.0
2021-06-25 14:43:29.508,29682.0
2021-06-25 14:43:29.513,28712.0
2021-06-25 14:43:29.518,37706.0
2021-06-25 14:43:29.523,36766.0
2021-06-25 14:43:29.528,35658.0
2021-06-25 14:43:29.533,34244.0
2021-06-25 14:43:29.538,34902.0
2021-06-25 14:43:29.543,36492.0
2021-06-25 14:43:29.548,35940.0
2021-06-25 14:43:29.553,36954.0
2021-06-25 14:43:29.558,35010.0
2021-06-25 14:43:29.563,35934.0
2021-06-25 14:43:29.568,36572.0
2021-06-25 14:43:29.573,36586.0
2021-06-25 14:43:29.578,37290.0
2021-06-25 14:43:29.583,36432.0
2021-06-25 14:43:29.588,34768.0
2021-06-25 14:43:29.593,36406.0
2021-06-25 14:43:29.598,29200.0
2021-06-25 14:43:29.603,30026.0
2021-06-25 14:43:29.608,31290.0
2021-06-25 14:43:29.613,31962.0
2021-06-25 14:43:29.618,29266.0
2021-06-25 14:43:29.623,33040.0
2021-06-25 14:43:29.628,31304.0
2021-06-25 14:43:29.633,30016.0
2021-06-25 14:43:29.638,30236.0
2021-06-25 14:43:29.643,29312.0
2021-06-25 14:43:29.648,30016.0
2021-06-25 14:43:29.653,31478.0
2021-06-25 14:43:29.658,34388.0
2021-06-25 14:43:29.663,36764.0
2021-06-25 14:43:29.668,37802.0
2021-06-25 14:43:29.673,35820.0
2021-06-25 14:43:29.678,37920.0
2021-06-25 14:43:29.683,34804.0
2021-06-25 14:43:29.688,35514.0
2021-06-25 14:43:29.693,34958.0
2021-06-25 14:43:29.698,36576.0
2021-06-25 14:43:29.703,34742.0
2021-06-25 14:43:29.708,35132.0
2021-06-25 14:43:29.713,37406.0
2021-06-25 14:43:29.718,38140.0
2021-06-25 14:43:29.723,35630.0
2021-06-25 14:43:29.728,37022.0
2021-06-25 14:43:29.733,31228.0
2021-06-25 14:43:29.738,31036.0
2021-06-25 14:43:29.743,31428.0
2021-06-25 14:43:29.748,32536.0
2021-06-25 14:43:29.753,29996.0
2021-06-25 14:43:29.758,28990.0
2021-06-25 14:43:29.763,30792.0
2021-06-25 14:43:29.768,33148.0
2021-06-25 14:43:29.773,28434.0
2021-06-25 14:43:29.778,32028.0
2021-06-25 14:43:29.783,29776.0
2021-06-25 14:43:29.788,30002.0
2021-06-25 14:43:29.793,29990.0
2021-06-25 14:43:29.798,36262.0
2021-06-25 14:43:29.803,35564.0
2021-06-25 14:43:29.808,36672.0
2021-06-25 14:43:29.813,36878.0
2021-06-25 14:43:29.818,36780.0
2021-06-25 14:43:29.823,37540.0
2021-06-25 14:43:29.828,36020.0
2021-06-25 14:43:29.833,36406.0
2021-06-25 14:43:29.838,33254.0
2021-06-25 14:43:29.843,35170.0
2021-06-25 14:43:29.848,36600.0
2021-06-25 14:43:29.853,36200.0
2021-06-25 14:43:29.858,37192.0
2021-06-25 14:43:29.863,35604.0
2021-06-25 14:43:29.868,38162.0
2021-06-25 14:43:29.873,31488.0
2021-06-25 14:43:29.878,32598.0
2021-06-25 14:43:29.883,30654.0
2021-06-25 14:43:29.888,34044.0
2021-06-25 14:43:29.893,30646.0
2021-06-25 14:43:29.898,34560.0
2021-06-25 14:43:29.903,31376.0
2021-06-25 14:43:29.908,31380.0
2021-06-25 14:43:29.913,31786.0
2021-06-25 14:43:29.918,31652.0
2021-06-25 14:43:29.923,29816.0
2021-06-25 14:43:29.928,33240.0
2021-06-25 14:43:29.933,29332.0
2021-06-25 14:43:29.938,35158.0
2021-06-25 14:43:29.943,35206.0
2021-06-25 14:43:29.948,36068.0
2021-06-25 14:43:29.953,35868.0
2021-06-25 14:43:29.959,36436.0
2021-06-25 14:43:29.963,37638.0
2021-06-25 14:43:29.968,36818.0
2021-06-25 14:43:29.973,37300.0
2021-06-25 14:43:29.978,36894.0
2021-06-25 14:43:29.983,36478.0
2021-06-25 14:43:29.988,35250.0
2021-06-25 14:43:29.993,36098.0
2021-06-25 14:43:29.998,37190.0
2021-06-25 14:43:30.003,35848.0
2021-06-25 14:43:30.008,37988.0
2021-06-25 14:43:30.013,36156.0
2021-06-25 14:43:30.018,30334.0
2021-06-25 14:43:30.023,29072.0
2021-06-25 14:43:30.028,34558.0
2021-06-25 14:43:30.033,32212.0
2021-06-25 14:43:30.038,29088.0
2021-06-25 14:43:30.044,33404.0
2021-06-25 14:43:30.048,32556.0
2021-06-25 14:43:30.053,28968.0
2021-06-25 14:43:30.058,29514.0
2021-06-25 14:43:30.063,30740.0
2021-06-25 14:43:30.068,31268.0
2021-06-25 14:43:30.073,29164.0
2021-06-25 14:43:30.078,30494.0
2021-06-25 14:43:30.083,36310.0
2021-06-25 14:43:30.088,34054.0
2021-06-25 14:43:30.093,34752.0
2021-06-25 14:43:30.098,35200.0
2021-06-25 14:43:30.103,36334.0
2021-06-25 14:43:30.108,36618.0
2021-06-25 14:43:30.113,36478.0
2021-06-25 14:43:30.118,36118.0
2021-06-25 14:43:30.123,37016.0
2021-06-25 14:43:30.129,37674.0
2021-06-25 14:43:30.133,35390.0
2021-06-25 14:43:30.138,35174.0
2021-06-25 14:43:30.143,34770.0
2021-06-25 14:43:30.148,34908.0
2021-06-25 14:43:30.153,34856.0
2021-06-25 14:43:30.158,29004.0
2021-06-25 14:43:30.163,28794.0
2021-06-25 14:43:30.168,29134.0
2021-06-25 14:43:30.173,30540.0
2021-06-25 14:43:30.178,28748.0
2021-06-25 14:43:30.183,29872.0
2021-06-25 14:43:30.188,30042.0
2021-06-25 14:43:30.193,31216.0
2021-06-25 14:43:30.198,29206.0
2021-06-25 14:43:30.203,30006.0
2021-06-25 14:43:30.208,31412.0
2021-06-25 14:43:30.213,29328.0
2021-06-25 14:43:30.218,29226.0
2021-06-25 14:43:30.223,30540.0
2021-06-25 14:43:30.228,34642.0
2021-06-25 14:43:30.233,36048.0
2021-06-25 14:43:30.238,33764.0
2021-06-25 14:43:30.243,33810.0
2021-06-25 14:43:30.248,36002.0
2021-06-25 14:43:30.253,34178.0
2021-06-25 14:43:30.258,33574.0
2021-06-25 14:43:30.263,33414.0
2021-06-25 14:43:30.268,34528.0
2021-06-25 14:43:30.273,32188.0
2021-06-25 14:43:30.278,34482.0
2021-06-25 14:43:30.283,33860.0
2021-06-25 14:43:30.288,33008.0
2021-06-25 14:43:30.293,34578.0
2021-06-25 14:43:30.298,33372.0
2021-06-25 14:43:30.303,34030.0
2021-06-25 14:43:30.308,33210.0
2021-06-25 14:43:30.313,34932.0
2021-06-25 14:43:30.318,34876.0
2021-06-25 14:43:30.323,28250.0
2021-06-25 14:43:30.328,30030.0
2021-06-25 14:43:30.333,32886.0
2021-06-25 14:43:30.338,28218.0
2021-06-25 14:43:30.343,28246.0
2021-06-25 14:43:30.348,32402.0
2021-06-25 14:43:30.353,30808.0
2021-06-25 14:43:30.358,28590.0
2021-06-25 14:43:30.363,28420.0
2021-06-25 14:43:30.368,30112.0
2021-06-25 14:43:30.373,30432.0
2021-06-25 14:43:30.378,29026.0
2021-06-25 14:43:30.383,36844.0
2021-06-25 14:43:30.388,34024.0
2021-06-25 14:43:30.393,34640.0
2021-06-25 14:43:30.398,36130.0
2021-06-25 14:43:30.403,35060.0
2021-06-25 14:43:30.408,35272.0
2021-06-25 14:43:30.413,37432.0
2021-06-25 14:43:30.418,36442.0
2021-06-25 14:43:30.423,35086.0
2021-06-25 14:43:30.428,35980.0
2021-06-25 14:43:30.433,34358.0
2021-06-25 14:43:30.438,30736.0
2021-06-25 14:43:30.443,35678.0
2021-06-25 14:43:30.448,37812.0
2021-06-25 14:43:30.453,35498.0
2021-06-25 14:43:30.458,35324.0
2021-06-25 14:43:30.463,27978.0
2021-06-25 14:43:30.468,30340.0
2021-06-25 14:43:30.473,31146.0
2021-06-25 14:43:30.478,29780.0
2021-06-25 14:43:30.483,27728.0
2021-06-25 14:43:30.488,27876.0
2021-06-25 14:43:30.493,29724.0
2021-06-25 14:43:30.498,27464.0
2021-06-25 14:43:30.503,28564.0
2021-06-25 14:43:30.508,31724.0
2021-06-25 14:43:30.514,28594.0
2021-06-25 14:43:30.518,27892.0
2021-06-25 14:43:30.523,30708.0
2021-06-25 14:43:30.528,34896.0
2021-06-25 14:43:30.533,32748.0
2021-06-25 14:43:30.538,31334.0
2021-06-25 14:43:30.543,34252.0
2021-06-25 14:43:30.548,35006.0
2021-06-25 14:43:30.553,34774.0
2021-06-25 14:43:30.558,35530.0
2021-06-25 14:43:30.563,35386.0
2021-06-25 14:43:30.568,35046.0
2021-06-25 14:43:30.573,35960.0
2021-06-25 14:43:30.578,34878.0
2021-06-25 14:43:30.583,32880.0
2021-06-25 14:43:30.588,34804.0
2021-06-25 14:43:30.593,34276.0
2021-06-25 14:43:30.599,33938.0
2021-06-25 14:43:30.603,35518.0
2021-06-25 14:43:30.608,30174.0
2021-06-25 14:43:30.613,28968.0
2021-06-25 14:43:30.618,32254.0
2021-06-25 14:43:30.623,29046.0
2021-06-25 14:43:30.628,29694.0
2021-06-25 14:43:30.633,28470.0
2021-06-25 14:43:30.638,29730.0
2021-06-25 14:43:30.643,30058.0
2021-06-25 14:43:30.648,28754.0
2021-06-25 14:43:30.653,29068.0
2021-06-25 14:43:30.658,29046.0
2021-06-25 14:43:30.663,29026.0
2021-06-25 14:43:30.668,34018.0
2021-06-25 14:43:30.673,35904.0
2021-06-25 14:43:30.678,34672.0
2021-06-25 14:43:30.684,31870.0
2021-06-25 14:43:30.688,33328.0
2021-06-25 14:43:30.693,30986.0
2021-06-25 14:43:30.698,34882.0
2021-06-25 14:43:30.703,34716.0
2021-06-25 14:43:30.708,34362.0
2021-06-25 14:43:30.713,34734.0
2021-06-25 14:43:30.718,34594.0
2021-06-25 14:43:30.723,34836.0
2021-06-25 14:43:30.728,35770.0
2021-06-25 14:43:30.733,36920.0
2021-06-25 14:43:30.738,34188.0
2021-06-25 14:43:30.743,30006.0
2021-06-25 14:43:30.748,28270.0
2021-06-25 14:43:30.753,29148.0
2021-06-25 14:43:30.758,27474.0
2021-06-25 14:43:30.763,27654.0
2021-06-25 14:43:30.769,28434.0
2021-06-25 14:43:30.773,28912.0
2021-06-25 14:43:30.778,28964.0
2021-06-25 14:43:30.783,30010.0
2021-06-25 14:43:30.788,29930.0
2021-06-25 14:43:30.793,30452.0
2021-06-25 14:43:30.798,30442.0
2021-06-25 14:43:30.803,35780.0
2021-06-25 14:43:30.808,35292.0
2021-06-25 14:43:30.813,34098.0
2021-06-25 14:43:30.818,33738.0
2021-06-25 14:43:30.823,34010.0
2021-06-25 14:43:30.828,35298.0
2021-06-25 14:43:30.833,36134.0
2021-06-25 14:43:30.838,34358.0
2021-06-25 14:43:30.843,34344.0
2021-06-25 14:43:30.848,32946.0
2021-06-25 14:43:30.853,33224.0
2021-06-25 14:43:30.858,35024.0
2021-06-25 14:43:30.863,35050.0
2021-06-25 14:43:30.868,34250.0
2021-06-25 14:43:30.873,33800.0
2021-06-25 14:43:30.878,34532.0
2021-06-25 14:43:30.883,30632.0
2021-06-25 14:43:30.888,28810.0
2021-06-25 14:43:30.893,29194.0
2021-06-25 14:43:30.898,29006.0
2021-06-25 14:43:30.903,27906.0
2021-06-25 14:43:30.908,33106.0
2021-06-25 14:43:30.913,29390.0
2021-06-25 14:43:30.918,27876.0
2021-06-25 14:43:30.923,29730.0
2021-06-25 14:43:30.928,30272.0
2021-06-25 14:43:30.933,31110.0
2021-06-25 14:43:30.938,31036.0
2021-06-25 14:43:30.943,33942.0
2021-06-25 14:43:30.948,34246.0
2021-06-25 14:43:30.953,34096.0
2021-06-25 14:43:30.958,36736.0
2021-06-25 14:43:30.963,37150.0
2021-06-25 14:43:30.968,36946.0
2021-06-25 14:43:30.973,37170.0
2021-06-25 14:43:30.978,36550.0
2021-06-25 14:43:30.983,37696.0
2021-06-25 14:43:30.988,36616.0
2021-06-25 14:43:31.001,36766.0
2021-06-25 14:43:31.002,37562.0
2021-06-25 14:43:31.004,37018.0
2021-06-25 14:43:31.008,37842.0
2021-06-25 14:43:31.013,37644.0
2021-06-25 14:43:31.018,29538.0
2021-06-25 14:43:31.023,31454.0
2021-06-25 14:43:31.028,31386.0
2021-06-25 14:43:31.033,31956.0
2021-06-25 14:43:31.038,33634.0
2021-06-25 14:43:31.043,31566.0
2021-06-25 14:43:31.048,30736.0
2021-06-25 14:43:31.053,32804.0
2021-06-25 14:43:31.058,29640.0
2021-06-25 14:43:31.063,28680.0
2021-06-25 14:43:31.068,27136.0
2021-06-25 14:43:31.073,28732.0
2021-06-25 14:43:31.078,29076.0
2021-06-25 14:43:31.083,34682.0
2021-06-25 14:43:31.088,34070.0
2021-06-25 14:43:31.093,33742.0
2021-06-25 14:43:31.098,33510.0
2021-06-25 14:43:31.103,33722.0
2021-06-25 14:43:31.108,34128.0
2021-06-25 14:43:31.113,33234.0
2021-06-25 14:43:31.118,33054.0
2021-06-25 14:43:31.123,34614.0
2021-06-25 14:43:31.128,35322.0
2021-06-25 14:43:31.133,35524.0
2021-06-25 14:43:31.138,33610.0
2021-06-25 14:43:31.143,31698.0
2021-06-25 14:43:31.148,34866.0
2021-06-25 14:43:31.153,34046.0
2021-06-25 14:43:31.158,27774.0
2021-06-25 14:43:31.163,28760.0
2021-06-25 14:43:31.168,31090.0
2021-06-25 14:43:31.173,28358.0
2021-06-25 14:43:31.178,27312.0
2021-06-25 14:43:31.183,30022.0
2021-06-25 14:43:31.188,29938.0
2021-06-25 14:43:31.193,29914.0
2021-06-25 14:43:31.198,26992.0
2021-06-25 14:43:31.203,28172.0
2021-06-25 14:43:31.208,27152.0
2021-06-25 14:43:31.213,28960.0
2021-06-25 14:43:31.218,33634.0
2021-06-25 14:43:31.223,35846.0
2021-06-25 14:43:31.228,34534.0
2021-06-25 14:43:31.233,35692.0
2021-06-25 14:43:31.239,34886.0
2021-06-25 14:43:31.243,33592.0
2021-06-25 14:43:31.248,33418.0
2021-06-25 14:43:31.253,33634.0
2021-06-25 14:43:31.258,33420.0
2021-06-25 14:43:31.263,35214.0
2021-06-25 14:43:31.268,35364.0
2021-06-25 14:43:31.273,35406.0
2021-06-25 14:43:31.278,34498.0
2021-06-25 14:43:31.283,33410.0
2021-06-25 14:43:31.288,33564.0
2021-06-25 14:43:31.293,33454.0
2021-06-25 14:43:31.298,27880.0
2021-06-25 14:43:31.303,28882.0
2021-06-25 14:43:31.308,30268.0
2021-06-25 14:43:31.313,29458.0
2021-06-25 14:43:31.318,32890.0
2021-06-25 14:43:31.324,28036.0
2021-06-25 14:43:31.328,32050.0
2021-06-25 14:43:31.333,29184.0
2021-06-25 14:43:31.338,27630.0
2021-06-25 14:43:31.343,27528.0
2021-06-25 14:43:31.348,28770.0
2021-06-25 14:43:31.353,29672.0
2021-06-25 14:43:31.358,34008.0
2021-06-25 14:43:31.363,35050.0
2021-06-25 14:43:31.368,31900.0
2021-06-25 14:43:31.373,32690.0
2021-06-25 14:43:31.378,30838.0
2021-06-25 14:43:31.383,31930.0
2021-06-25 14:43:31.388,33202.0
2021-06-25 14:43:31.393,33034.0
2021-06-25 14:43:31.398,30010.0
2021-06-25 14:43:31.403,31778.0
2021-06-25 14:43:31.409,34046.0
2021-06-25 14:43:31.413,33254.0
2021-06-25 14:43:31.418,32660.0
2021-06-25 14:43:31.423,34696.0
2021-06-25 14:43:31.428,31182.0
2021-06-25 14:43:31.433,34384.0
2021-06-25 14:43:31.438,35122.0
2021-06-25 14:43:31.443,33028.0
2021-06-25 14:43:31.448,28722.0
2021-06-25 14:43:31.453,27420.0
2021-06-25 14:43:31.458,30206.0
2021-06-25 14:43:31.463,27958.0
2021-06-25 14:43:31.468,28754.0
2021-06-25 14:43:31.473,32704.0
2021-06-25 14:43:31.478,29014.0
2021-06-25 14:43:31.483,28984.0
2021-06-25 14:43:31.488,26474.0
2021-06-25 14:43:31.493,27156.0
2021-06-25 14:43:31.498,26766.0
2021-06-25 14:43:31.503,29278.0
2021-06-25 14:43:31.508,33090.0
2021-06-25 14:43:31.513,35216.0
2021-06-25 14:43:31.518,34528.0
2021-06-25 14:43:31.523,33624.0
2021-06-25 14:43:31.528,33800.0
2021-06-25 14:43:31.533,35086.0
2021-06-25 14:43:31.538,35206.0
2021-06-25 14:43:31.543,32438.0
2021-06-25 14:43:31.548,32506.0
2021-06-25 14:43:31.553,33512.0
2021-06-25 14:43:31.558,33818.0
2021-06-25 14:43:31.563,32268.0
2021-06-25 14:43:31.568,35174.0
2021-06-25 14:43:31.573,35462.0
2021-06-25 14:43:31.578,33746.0
2021-06-25 14:43:31.583,30032.0
2021-06-25 14:43:31.588,30098.0
2021-06-25 14:43:31.593,26812.0
2021-06-25 14:43:31.598,30786.0
2021-06-25 14:43:31.603,28666.0
2021-06-25 14:43:31.608,27322.0
2021-06-25 14:43:31.613,27876.0
2021-06-25 14:43:31.618,28374.0
2021-06-25 14:43:31.623,27948.0
2021-06-25 14:43:31.628,29760.0
2021-06-25 14:43:31.633,29606.0
2021-06-25 14:43:31.638,31588.0
2021-06-25 14:43:31.643,28112.0
2021-06-25 14:43:31.648,33516.0
2021-06-25 14:43:31.653,35014.0
2021-06-25 14:43:31.658,34990.0
2021-06-25 14:43:31.663,35128.0
2021-06-25 14:43:31.668,34216.0
2021-06-25 14:43:31.673,32838.0
2021-06-25 14:43:31.678,35508.0
2021-06-25 14:43:31.683,35036.0
2021-06-25 14:43:31.688,34414.0
2021-06-25 14:43:31.693,31278.0
2021-06-25 14:43:31.698,33700.0
2021-06-25 14:43:31.703,34298.0
2021-06-25 14:43:31.708,34712.0
2021-06-25 14:43:31.713,33594.0
2021-06-25 14:43:31.718,34512.0
2021-06-25 14:43:31.723,30438.0
2021-06-25 14:43:31.728,30628.0
2021-06-25 14:43:31.733,29600.0
2021-06-25 14:43:31.738,28642.0
2021-06-25 14:43:31.743,28144.0
2021-06-25 14:43:31.748,32032.0
2021-06-25 14:43:31.753,29914.0
2021-06-25 14:43:31.758,27122.0
2021-06-25 14:43:31.763,29082.0
2021-06-25 14:43:31.768,27828.0
2021-06-25 14:43:31.773,29498.0
2021-06-25 14:43:31.778,30682.0
2021-06-25 14:43:31.783,28234.0
2021-06-25 14:43:31.788,32814.0
2021-06-25 14:43:31.793,34934.0
2021-06-25 14:43:31.798,32948.0
2021-06-25 14:43:31.803,35394.0
2021-06-25 14:43:31.808,35348.0
2021-06-25 14:43:31.813,34542.0
2021-06-25 14:43:31.818,33746.0
2021-06-25 14:43:31.823,35688.0
2021-06-25 14:43:31.828,34774.0
2021-06-25 14:43:31.833,34598.0
2021-06-25 14:43:31.838,34040.0
2021-06-25 14:43:31.843,34198.0
2021-06-25 14:43:31.848,35450.0
2021-06-25 14:43:31.853,33752.0
2021-06-25 14:43:31.858,33752.0
2021-06-25 14:43:31.863,33630.0
2021-06-25 14:43:31.868,27470.0
2021-06-25 14:43:31.873,28056.0
2021-06-25 14:43:31.879,28980.0
2021-06-25 14:43:31.883,28436.0
2021-06-25 14:43:31.888,29780.0
2021-06-25 14:43:31.893,31616.0
2021-06-25 14:43:31.898,28532.0
2021-06-25 14:43:31.903,28552.0
2021-06-25 14:43:31.908,27326.0
2021-06-25 14:43:31.913,29822.0
2021-06-25 14:43:31.918,30118.0
2021-06-25 14:43:31.923,27902.0
2021-06-25 14:43:31.928,35776.0
2021-06-25 14:43:31.933,35992.0
2021-06-25 14:43:31.938,35838.0
2021-06-25 14:43:31.943,34742.0
2021-06-25 14:43:31.948,35794.0
2021-06-25 14:43:31.953,33850.0
2021-06-25 14:43:31.958,34018.0
2021-06-25 14:43:31.964,34136.0
2021-06-25 14:43:31.968,35370.0
2021-06-25 14:43:31.973,34614.0
2021-06-25 14:43:31.978,35974.0
2021-06-25 14:43:31.983,35068.0
2021-06-25 14:43:31.988,34316.0
2021-06-25 14:43:31.993,34752.0
2021-06-25 14:43:31.998,32208.0
2021-06-25 14:43:32.003,34290.0
2021-06-25 14:43:32.008,28968.0
2021-06-25 14:43:32.013,27680.0
2021-06-25 14:43:32.018,29600.0
2021-06-25 14:43:32.023,29098.0
2021-06-25 14:43:32.028,28420.0
2021-06-25 14:43:32.033,29994.0
2021-06-25 14:43:32.038,32730.0
2021-06-25 14:43:32.043,31386.0
2021-06-25 14:43:32.049,29832.0
2021-06-25 14:43:32.053,27044.0
2021-06-25 14:43:32.058,28944.0
2021-06-25 14:43:32.063,27870.0
2021-06-25 14:43:32.068,34908.0
2021-06-25 14:43:32.073,35262.0
2021-06-25 14:43:32.078,34060.0
2021-06-25 14:43:32.083,35324.0
2021-06-25 14:43:32.088,35642.0
2021-06-25 14:43:32.093,34568.0
2021-06-25 14:43:32.098,34770.0
2021-06-25 14:43:32.103,32362.0
2021-06-25 14:43:32.108,32306.0
2021-06-25 14:43:32.113,34322.0
2021-06-25 14:43:32.118,36104.0
2021-06-25 14:43:32.123,35996.0
2021-06-25 14:43:32.128,34908.0
2021-06-25 14:43:32.133,33286.0
2021-06-25 14:43:32.138,35790.0
2021-06-25 14:43:32.143,29416.0
2021-06-25 14:43:32.148,27918.0
2021-06-25 14:43:32.153,27322.0
2021-06-25 14:43:32.158,30448.0
2021-06-25 14:43:32.163,27214.0
2021-06-25 14:43:32.168,29396.0
2021-06-25 14:43:32.173,28132.0
2021-06-25 14:43:32.178,28872.0
2021-06-25 14:43:32.183,29450.0
2021-06-25 14:43:32.188,28014.0
2021-06-25 14:43:32.193,29894.0
2021-06-25 14:43:32.198,29668.0
2021-06-25 14:43:32.203,33454.0
2021-06-25 14:43:32.208,32238.0
2021-06-25 14:43:32.213,33882.0
2021-06-25 14:43:32.218,34256.0
2021-06-25 14:43:32.223,34594.0
2021-06-25 14:43:32.228,33158.0
2021-06-25 14:43:32.233,34516.0
2021-06-25 14:43:32.238,35312.0
2021-06-25 14:43:32.243,34406.0
2021-06-25 14:43:32.248,32260.0
2021-06-25 14:43:32.253,33886.0
2021-06-25 14:43:32.258,32484.0
2021-06-25 14:43:32.263,32680.0
2021-06-25 14:43:32.268,35250.0
2021-06-25 14:43:32.273,35668.0
2021-06-25 14:43:32.278,34598.0
2021-06-25 14:43:32.283,34634.0
2021-06-25 14:43:32.288,27480.0
2021-06-25 14:43:32.293,28824.0
2021-06-25 14:43:32.298,27900.0
2021-06-25 14:43:32.303,29662.0
2021-06-25 14:43:32.308,26912.0
2021-06-25 14:43:32.313,31448.0
2021-06-25 14:43:32.318,29282.0
2021-06-25 14:43:32.323,28908.0
2021-06-25 14:43:32.328,28172.0
2021-06-25 14:43:32.333,27614.0
2021-06-25 14:43:32.338,28266.0
2021-06-25 14:43:32.343,29278.0
2021-06-25 14:43:32.348,27336.0
2021-06-25 14:43:32.353,31552.0
2021-06-25 14:43:32.358,33980.0
2021-06-25 14:43:32.363,32602.0
2021-06-25 14:43:32.368,32476.0
2021-06-25 14:43:32.373,33624.0
2021-06-25 14:43:32.378,33202.0
2021-06-25 14:43:32.383,34670.0
2021-06-25 14:43:32.388,35350.0
2021-06-25 14:43:32.393,31442.0
2021-06-25 14:43:32.398,35196.0
2021-06-25 14:43:32.403,32704.0
2021-06-25 14:43:32.408,33882.0
2021-06-25 14:43:32.413,33430.0
2021-06-25 14:43:32.418,33772.0
2021-06-25 14:43:32.423,33800.0
2021-06-25 14:43:32.428,35338.0
2021-06-25 14:43:32.433,30248.0
2021-06-25 14:43:32.438,27654.0
2021-06-25 14:43:32.443,29150.0
2021-06-25 14:43:32.448,30396.0
2021-06-25 14:43:32.453,29954.0
2021-06-25 14:43:32.458,29678.0
2021-06-25 14:43:32.463,28148.0
2021-06-25 14:43:32.468,26258.0
2021-06-25 14:43:32.473,28460.0
2021-06-25 14:43:32.478,28470.0
2021-06-25 14:43:32.483,27496.0
2021-06-25 14:43:32.488,28938.0
2021-06-25 14:43:32.493,33246.0
2021-06-25 14:43:32.498,33732.0
2021-06-25 14:43:32.503,30638.0
2021-06-25 14:43:32.508,33968.0
2021-06-25 14:43:32.513,34342.0
2021-06-25 14:43:32.519,33464.0
2021-06-25 14:43:32.523,34832.0
2021-06-25 14:43:32.528,34106.0
2021-06-25 14:43:32.533,35492.0
2021-06-25 14:43:32.538,35970.0
2021-06-25 14:43:32.543,33578.0
2021-06-25 14:43:32.548,28640.0
2021-06-25 14:43:32.553,32782.0
2021-06-25 14:43:32.558,34090.0
2021-06-25 14:43:32.563,33804.0
2021-06-25 14:43:32.568,33234.0
2021-06-25 14:43:32.573,27122.0
2021-06-25 14:43:32.578,28906.0
2021-06-25 14:43:32.583,32362.0
2021-06-25 14:43:32.588,27126.0
2021-06-25 14:43:32.593,28328.0
2021-06-25 14:43:32.598,30884.0
2021-06-25 14:43:32.604,27584.0
2021-06-25 14:43:32.608,30406.0
2021-06-25 14:43:32.613,29030.0
2021-06-25 14:43:32.618,28744.0
2021-06-25 14:43:32.623,29442.0
2021-06-25 14:43:32.628,27480.0
2021-06-25 14:43:32.633,36006.0
2021-06-25 14:43:32.638,35292.0
2021-06-25 14:43:32.643,34774.0
2021-06-25 14:43:32.648,27936.0
2021-06-25 14:43:32.653,32346.0
2021-06-25 14:43:32.658,33470.0
2021-06-25 14:43:32.663,34702.0
2021-06-25 14:43:32.668,34718.0
2021-06-25 14:43:32.673,31730.0
2021-06-25 14:43:32.678,34626.0
2021-06-25 14:43:32.683,34984.0
2021-06-25 14:43:32.689,32758.0
2021-06-25 14:43:32.693,35406.0
2021-06-25 14:43:32.698,27402.0
2021-06-25 14:43:32.703,31402.0
2021-06-25 14:43:32.708,32676.0
2021-06-25 14:43:32.713,34970.0
2021-06-25 14:43:32.718,27120.0
2021-06-25 14:43:32.723,28452.0
2021-06-25 14:43:32.728,30462.0
2021-06-25 14:43:32.733,28446.0
2021-06-25 14:43:32.738,27352.0
2021-06-25 14:43:32.743,29766.0
2021-06-25 14:43:32.748,27954.0
2021-06-25 14:43:32.753,29222.0
2021-06-25 14:43:32.758,28208.0
2021-06-25 14:43:32.763,28456.0
2021-06-25 14:43:32.768,26222.0
2021-06-25 14:43:32.773,35348.0
2021-06-25 14:43:32.778,35168.0
2021-06-25 14:43:32.783,34066.0
2021-06-25 14:43:32.788,35612.0
2021-06-25 14:43:32.793,35832.0
2021-06-25 14:43:32.798,30602.0
2021-06-25 14:43:32.803,31464.0
2021-06-25 14:43:32.808,34306.0
2021-06-25 14:43:32.813,34860.0
2021-06-25 14:43:32.818,34670.0
2021-06-25 14:43:32.823,34152.0
2021-06-25 14:43:32.828,34506.0
2021-06-25 14:43:32.833,35210.0
2021-06-25 14:43:32.838,35738.0
2021-06-25 14:43:32.843,34154.0
2021-06-25 14:43:32.848,26712.0
2021-06-25 14:43:32.853,28898.0
2021-06-25 14:43:32.858,27326.0
2021-06-25 14:43:32.863,30310.0
2021-06-25 14:43:32.868,29246.0
2021-06-25 14:43:32.873,27102.0
2021-06-25 14:43:32.878,30646.0
2021-06-25 14:43:32.883,30520.0
2021-06-25 14:43:32.888,28534.0
2021-06-25 14:43:32.893,27692.0
2021-06-25 14:43:32.898,28180.0
2021-06-25 14:43:32.903,30066.0
2021-06-25 14:43:32.908,27470.0
2021-06-25 14:43:32.913,32258.0
2021-06-25 14:43:32.918,33892.0
2021-06-25 14:43:32.923,34098.0
2021-06-25 14:43:32.928,32814.0
2021-06-25 14:43:32.933,34452.0
2021-06-25 14:43:32.938,33184.0
2021-06-25 14:43:32.943,36272.0
2021-06-25 14:43:32.948,34400.0
2021-06-25 14:43:32.953,33430.0
2021-06-25 14:43:32.958,33558.0
2021-06-25 14:43:32.963,34092.0
2021-06-25 14:43:32.968,34098.0
2021-06-25 14:43:32.973,35286.0
2021-06-25 14:43:32.978,34578.0
2021-06-25 14:43:32.983,34542.0
2021-06-25 14:43:32.988,33598.0
2021-06-25 14:43:32.993,30038.0
2021-06-25 14:43:32.998,27880.0
2021-06-25 14:43:33.003,29250.0
2021-06-25 14:43:33.008,29504.0
2021-06-25 14:43:33.013,29584.0
2021-06-25 14:43:33.018,28888.0
2021-06-25 14:43:33.023,29302.0
2021-06-25 14:43:33.028,28276.0
2021-06-25 14:43:33.033,29734.0
2021-06-25 14:43:33.038,28224.0
2021-06-25 14:43:33.043,30232.0
2021-06-25 14:43:33.048,29200.0
2021-06-25 14:43:33.053,32936.0
2021-06-25 14:43:33.058,32766.0
2021-06-25 14:43:33.063,33916.0
2021-06-25 14:43:33.068,32124.0
2021-06-25 14:43:33.073,34882.0
2021-06-25 14:43:33.078,35476.0
2021-06-25 14:43:33.083,33906.0
2021-06-25 14:43:33.088,34620.0
2021-06-25 14:43:33.093,35196.0
2021-06-25 14:43:33.098,34142.0
2021-06-25 14:43:33.103,33840.0
2021-06-25 14:43:33.108,33880.0
2021-06-25 14:43:33.113,34486.0
2021-06-25 14:43:33.118,35030.0
2021-06-25 14:43:33.123,33830.0
2021-06-25 14:43:33.128,33456.0
2021-06-25 14:43:33.133,27428.0
2021-06-25 14:43:33.138,27958.0
2021-06-25 14:43:33.143,30042.0
2021-06-25 14:43:33.148,27270.0
2021-06-25 14:43:33.153,32680.0
2021-06-25 14:43:33.159,26782.0
2021-06-25 14:43:33.163,29820.0
2021-06-25 14:43:33.168,27276.0
2021-06-25 14:43:33.173,27774.0
2021-06-25 14:43:33.178,28498.0
2021-06-25 14:43:33.183,28600.0
2021-06-25 14:43:33.188,29442.0
2021-06-25 14:43:33.193,36156.0
2021-06-25 14:43:33.198,35296.0
2021-06-25 14:43:33.203,32660.0
2021-06-25 14:43:33.208,35242.0
2021-06-25 14:43:33.213,33866.0
2021-06-25 14:43:33.218,33866.0
2021-06-25 14:43:33.223,35250.0
2021-06-25 14:43:33.228,35394.0
2021-06-25 14:43:33.233,34030.0
2021-06-25 14:43:33.238,34682.0
2021-06-25 14:43:33.244,36302.0
2021-06-25 14:43:33.248,34768.0
2021-06-25 14:43:33.253,31498.0
2021-06-25 14:43:33.258,34800.0
2021-06-25 14:43:33.263,33460.0
2021-06-25 14:43:33.268,28400.0
2021-06-25 14:43:33.273,30800.0
2021-06-25 14:43:33.278,28404.0
2021-06-25 14:43:33.283,30734.0
2021-06-25 14:43:33.288,29042.0
2021-06-25 14:43:33.293,27454.0
2021-06-25 14:43:33.298,29272.0
2021-06-25 14:43:33.303,28328.0
2021-06-25 14:43:33.308,26178.0
2021-06-25 14:43:33.313,27840.0
2021-06-25 14:43:33.318,26866.0
2021-06-25 14:43:33.323,29492.0
2021-06-25 14:43:33.329,35128.0
2021-06-25 14:43:33.333,35298.0
2021-06-25 14:43:33.338,31878.0
2021-06-25 14:43:33.343,32228.0
2021-06-25 14:43:33.348,36118.0
2021-06-25 14:43:33.353,28374.0
2021-06-25 14:43:33.358,32042.0
2021-06-25 14:43:33.363,32850.0
2021-06-25 14:43:33.368,34626.0
2021-06-25 14:43:33.373,34758.0
2021-06-25 14:43:33.378,34846.0
2021-06-25 14:43:33.383,32866.0
2021-06-25 14:43:33.388,31556.0
2021-06-25 14:43:33.393,32484.0
2021-06-25 14:43:33.398,33300.0
2021-06-25 14:43:33.403,35450.0
2021-06-25 14:43:33.408,33886.0
2021-06-25 14:43:33.413,28970.0
2021-06-25 14:43:33.418,28738.0
2021-06-25 14:43:33.423,30292.0
2021-06-25 14:43:33.428,27594.0
2021-06-25 14:43:33.433,27604.0
2021-06-25 14:43:33.438,31632.0
2021-06-25 14:43:33.443,31150.0
2021-06-25 14:43:33.448,30936.0
2021-06-25 14:43:33.453,28656.0
2021-06-25 14:43:33.458,28354.0
2021-06-25 14:43:33.463,26432.0
2021-06-25 14:43:33.468,28800.0
2021-06-25 14:43:33.473,34938.0
2021-06-25 14:43:33.478,32504.0
2021-06-25 14:43:33.483,32752.0
2021-06-25 14:43:33.488,33092.0
2021-06-25 14:43:33.493,35140.0
2021-06-25 14:43:33.498,33338.0
2021-06-25 14:43:33.503,33044.0
2021-06-25 14:43:33.508,31660.0
2021-06-25 14:43:33.513,33618.0
2021-06-25 14:43:33.518,33490.0
2021-06-25 14:43:33.523,34214.0
2021-06-25 14:43:33.528,34282.0
2021-06-25 14:43:33.533,35360.0
2021-06-25 14:43:33.538,34138.0
2021-06-25 14:43:33.543,33810.0
2021-06-25 14:43:33.548,33374.0
2021-06-25 14:43:33.561,29040.0
2021-06-25 14:43:33.562,29800.0
2021-06-25 14:43:33.564,28862.0
2021-06-25 14:43:33.568,27844.0
2021-06-25 14:43:33.573,31730.0
2021-06-25 14:43:33.578,27618.0
2021-06-25 14:43:33.583,29006.0
2021-06-25 14:43:33.588,28128.0
2021-06-25 14:43:33.593,29648.0
2021-06-25 14:43:33.598,27912.0
2021-06-25 14:43:33.603,29062.0
2021-06-25 14:43:33.608,30058.0
2021-06-25 14:43:33.613,33628.0
2021-06-25 14:43:33.618,33856.0
2021-06-25 14:43:33.623,35056.0
2021-06-25 14:43:33.628,35340.0
2021-06-25 14:43:33.633,35944.0
2021-06-25 14:43:33.638,36500.0
2021-06-25 14:43:33.643,34754.0
2021-06-25 14:43:33.648,32060.0
2021-06-25 14:43:33.653,28004.0
2021-06-25 14:43:33.658,33660.0
2021-06-25 14:43:33.663,33926.0
2021-06-25 14:43:33.668,35052.0
2021-06-25 14:43:33.673,33916.0
2021-06-25 14:43:33.678,33338.0
2021-06-25 14:43:33.683,33004.0
2021-06-25 14:43:33.688,33126.0
2021-06-25 14:43:33.693,32458.0
2021-06-25 14:43:33.698,29686.0
2021-06-25 14:43:33.703,28698.0
2021-06-25 14:43:33.708,28044.0
2021-06-25 14:43:33.713,30550.0
2021-06-25 14:43:33.718,28164.0
2021-06-25 14:43:33.723,31262.0
2021-06-25 14:43:33.728,27148.0
2021-06-25 14:43:33.733,28410.0
2021-06-25 14:43:33.738,28460.0
2021-06-25 14:43:33.743,27536.0
2021-06-25 14:43:33.748,27844.0
2021-06-25 14:43:33.753,28244.0
2021-06-25 14:43:33.758,27388.0
2021-06-25 14:43:33.763,32752.0
2021-06-25 14:43:33.768,33174.0
2021-06-25 14:43:33.773,33502.0
2021-06-25 14:43:33.778,35154.0
2021-06-25 14:43:33.783,34292.0
2021-06-25 14:43:33.788,35740.0
2021-06-25 14:43:33.793,35076.0
2021-06-25 14:43:33.799,34142.0
2021-06-25 14:43:33.803,34152.0
2021-06-25 14:43:33.808,30888.0
2021-06-25 14:43:33.813,35714.0
2021-06-25 14:43:33.818,35072.0
2021-06-25 14:43:33.823,33810.0
2021-06-25 14:43:33.828,35412.0
2021-06-25 14:43:33.833,34764.0
2021-06-25 14:43:33.838,30504.0
2021-06-25 14:43:33.843,29312.0
2021-06-25 14:43:33.848,31252.0
2021-06-25 14:43:33.853,27660.0
2021-06-25 14:43:33.858,28482.0
2021-06-25 14:43:33.863,33378.0
2021-06-25 14:43:33.868,29450.0
2021-06-25 14:43:33.873,28496.0
2021-06-25 14:43:33.878,30294.0
2021-06-25 14:43:33.884,28912.0
2021-06-25 14:43:33.888,30914.0
2021-06-25 14:43:33.893,29092.0
2021-06-25 14:43:33.898,32674.0
2021-06-25 14:43:33.903,32784.0
2021-06-25 14:43:33.908,32250.0
2021-06-25 14:43:33.913,32540.0
2021-06-25 14:43:33.918,32722.0
2021-06-25 14:43:33.923,33650.0
2021-06-25 14:43:33.928,34086.0
2021-06-25 14:43:33.933,34118.0
2021-06-25 14:43:33.938,33564.0
2021-06-25 14:43:33.943,33546.0
2021-06-25 14:43:33.948,37192.0
2021-06-25 14:43:33.953,36628.0
2021-06-25 14:43:33.958,36684.0
2021-06-25 14:43:33.963,38758.0
2021-06-25 14:43:33.969,38248.0
2021-06-25 14:43:33.973,38034.0
2021-06-25 14:43:33.978,40152.0
2021-06-25 14:43:33.983,34174.0
2021-06-25 14:43:33.988,34634.0
2021-06-25 14:43:33.993,34888.0
2021-06-25 14:43:33.998,38106.0
2021-06-25 14:43:34.003,33306.0
2021-06-25 14:43:34.008,34620.0
2021-06-25 14:43:34.013,38568.0
2021-06-25 14:43:34.018,35052.0
2021-06-25 14:43:34.023,33664.0
2021-06-25 14:43:34.028,35042.0
2021-06-25 14:43:34.033,33880.0
2021-06-25 14:43:34.038,36084.0
2021-06-25 14:43:34.043,34210.0
2021-06-25 14:43:34.048,40682.0
2021-06-25 14:43:34.053,39228.0
2021-06-25 14:43:34.058,38856.0
2021-06-25 14:43:34.063,38388.0
2021-06-25 14:43:34.068,39700.0
2021-06-25 14:43:34.073,38464.0
2021-06-25 14:43:34.078,38290.0
2021-06-25 14:43:34.083,40072.0
2021-06-25 14:43:34.088,40276.0
2021-06-25 14:43:34.093,39090.0
2021-06-25 14:43:34.098,38690.0
2021-06-25 14:43:34.103,40342.0
2021-06-25 14:43:34.108,35884.0
2021-06-25 14:43:34.113,37278.0
2021-06-25 14:43:34.118,38336.0
2021-06-25 14:43:34.123,38392.0
2021-06-25 14:43:34.128,36918.0
2021-06-25 14:43:34.133,33664.0
2021-06-25 14:43:34.138,33312.0
2021-06-25 14:43:34.143,33372.0
2021-06-25 14:43:34.148,33634.0
2021-06-25 14:43:34.153,38680.0
2021-06-25 14:43:34.158,34862.0
2021-06-25 14:43:34.163,31860.0
2021-06-25 14:43:34.168,32428.0
2021-06-25 14:43:34.173,31088.0
2021-06-25 14:43:34.178,32658.0
2021-06-25 14:43:34.183,32484.0
2021-06-25 14:43:34.188,33136.0
2021-06-25 14:43:34.193,38212.0
2021-06-25 14:43:34.198,37996.0
2021-06-25 14:43:34.203,37952.0
2021-06-25 14:43:34.208,35298.0
2021-06-25 14:43:34.213,37996.0
2021-06-25 14:43:34.218,35816.0
2021-06-25 14:43:34.223,38150.0
2021-06-25 14:43:34.228,36468.0
2021-06-25 14:43:34.233,38276.0
2021-06-25 14:43:34.238,38326.0
2021-06-25 14:43:34.243,37300.0
2021-06-25 14:43:34.248,38716.0
2021-06-25 14:43:34.253,39954.0
2021-06-25 14:43:34.258,34984.0
2021-06-25 14:43:34.263,37910.0
2021-06-25 14:43:34.268,37412.0
2021-06-25 14:43:34.273,30222.0
2021-06-25 14:43:34.278,31480.0
2021-06-25 14:43:34.283,33440.0
2021-06-25 14:43:34.288,34316.0
2021-06-25 14:43:34.293,40108.0
2021-06-25 14:43:34.298,30560.0
2021-06-25 14:43:34.303,30438.0
2021-06-25 14:43:34.308,29590.0
2021-06-25 14:43:34.313,30698.0
2021-06-25 14:43:34.318,30986.0
2021-06-25 14:43:34.323,29236.0
2021-06-25 14:43:34.328,36092.0
2021-06-25 14:43:34.333,36498.0
2021-06-25 14:43:34.338,37068.0
2021-06-25 14:43:34.343,37986.0
2021-06-25 14:43:34.348,38952.0
2021-06-25 14:43:34.353,36972.0
2021-06-25 14:43:34.358,35158.0
2021-06-25 14:43:34.363,35744.0
2021-06-25 14:43:34.368,37880.0
2021-06-25 14:43:34.373,36632.0
2021-06-25 14:43:34.378,39182.0
2021-06-25 14:43:34.383,36956.0
2021-06-25 14:43:34.388,37936.0
2021-06-25 14:43:34.393,38434.0
2021-06-25 14:43:34.398,38276.0
2021-06-25 14:43:34.403,36582.0
2021-06-25 14:43:34.408,30038.0
2021-06-25 14:43:34.413,30052.0
2021-06-25 14:43:34.418,32804.0
2021-06-25 14:43:34.423,30678.0
2021-06-25 14:43:34.428,30772.0
2021-06-25 14:43:34.433,30150.0
2021-06-25 14:43:34.439,32376.0
2021-06-25 14:43:34.443,32050.0
2021-06-25 14:43:34.448,29450.0
2021-06-25 14:43:34.453,32768.0
2021-06-25 14:43:34.458,31962.0
2021-06-25 14:43:34.463,29902.0
2021-06-25 14:43:34.468,36508.0
2021-06-25 14:43:34.473,35632.0
2021-06-25 14:43:34.478,35360.0
2021-06-25 14:43:34.483,39214.0
2021-06-25 14:43:34.488,36628.0
2021-06-25 14:43:34.493,34482.0
2021-06-25 14:43:34.498,36242.0
2021-06-25 14:43:34.503,36458.0
2021-06-25 14:43:34.508,35226.0
2021-06-25 14:43:34.513,36046.0
2021-06-25 14:43:34.518,35522.0
2021-06-25 14:43:34.524,36346.0
2021-06-25 14:43:34.528,36746.0
2021-06-25 14:43:34.533,36166.0
2021-06-25 14:43:34.538,36664.0
2021-06-25 14:43:34.543,29948.0
2021-06-25 14:43:34.548,31624.0
2021-06-25 14:43:34.553,34480.0
2021-06-25 14:43:34.558,31618.0
2021-06-25 14:43:34.563,30812.0
2021-06-25 14:43:34.568,34816.0
2021-06-25 14:43:34.573,31058.0
2021-06-25 14:43:34.578,29308.0
2021-06-25 14:43:34.583,31890.0
2021-06-25 14:43:34.588,29770.0
2021-06-25 14:43:34.593,31432.0
2021-06-25 14:43:34.598,30842.0
2021-06-25 14:43:34.603,37494.0
2021-06-25 14:43:34.609,37874.0
2021-06-25 14:43:34.613,37678.0
2021-06-25 14:43:34.618,36376.0
2021-06-25 14:43:34.623,37254.0
2021-06-25 14:43:34.628,34886.0
2021-06-25 14:43:34.633,36564.0
2021-06-25 14:43:34.638,36436.0
2021-06-25 14:43:34.643,37494.0
2021-06-25 14:43:34.648,36946.0
2021-06-25 14:43:34.653,35350.0
2021-06-25 14:43:34.658,33064.0
2021-06-25 14:43:34.663,34584.0
2021-06-25 14:43:34.668,37068.0
2021-06-25 14:43:34.673,37884.0
2021-06-25 14:43:34.678,36694.0
2021-06-25 14:43:34.683,33024.0
2021-06-25 14:43:34.688,31706.0
2021-06-25 14:43:34.693,32152.0
2021-06-25 14:43:34.698,31490.0
2021-06-25 14:43:34.703,30832.0
2021-06-25 14:43:34.708,31134.0
2021-06-25 14:43:34.713,30582.0
2021-06-25 14:43:34.718,30422.0
2021-06-25 14:43:34.723,32972.0
2021-06-25 14:43:34.728,30226.0
2021-06-25 14:43:34.733,30484.0
2021-06-25 14:43:34.738,30664.0
2021-06-25 14:43:34.743,35790.0
2021-06-25 14:43:34.748,36710.0
2021-06-25 14:43:34.753,35286.0
2021-06-25 14:43:34.758,33346.0
2021-06-25 14:43:34.763,33954.0
2021-06-25 14:43:34.768,38074.0
2021-06-25 14:43:34.773,35996.0
2021-06-25 14:43:34.778,37386.0
2021-06-25 14:43:34.783,36228.0
2021-06-25 14:43:34.788,38038.0
2021-06-25 14:43:34.793,36314.0
2021-06-25 14:43:34.798,36818.0
2021-06-25 14:43:34.803,34918.0
2021-06-25 14:43:34.808,32178.0
2021-06-25 14:43:34.813,35712.0
2021-06-25 14:43:34.818,37850.0
2021-06-25 14:43:34.823,38120.0
2021-06-25 14:43:34.828,30852.0
2021-06-25 14:43:34.833,32424.0
2021-06-25 14:43:34.838,32894.0
2021-06-25 14:43:34.843,30334.0
2021-06-25 14:43:34.848,35458.0
2021-06-25 14:43:34.853,31330.0
2021-06-25 14:43:34.858,29446.0
2021-06-25 14:43:34.863,32974.0
2021-06-25 14:43:34.868,30000.0
2021-06-25 14:43:34.873,31432.0
2021-06-25 14:43:34.878,29862.0
2021-06-25 14:43:34.883,31608.0
2021-06-25 14:43:34.888,34136.0
2021-06-25 14:43:34.893,36472.0
2021-06-25 14:43:34.898,38214.0
2021-06-25 14:43:34.903,34942.0
2021-06-25 14:43:34.908,34662.0
2021-06-25 14:43:34.913,35216.0
2021-06-25 14:43:34.918,36222.0
2021-06-25 14:43:34.923,37782.0
2021-06-25 14:43:34.928,34878.0
2021-06-25 14:43:34.933,37776.0
2021-06-25 14:43:34.938,36212.0
2021-06-25 14:43:34.943,37388.0
2021-06-25 14:43:34.948,37534.0
2021-06-25 14:43:34.953,38520.0
2021-06-25 14:43:34.958,33270.0
2021-06-25 14:43:34.963,32730.0
2021-06-25 14:43:34.968,31812.0
2021-06-25 14:43:34.973,31238.0
2021-06-25 14:43:34.978,32080.0
2021-06-25 14:43:34.983,31498.0
2021-06-25 14:43:34.988,30800.0
2021-06-25 14:43:34.993,34978.0
2021-06-25 14:43:34.998,31058.0
2021-06-25 14:43:35.003,33572.0
2021-06-25 14:43:35.008,30564.0
2021-06-25 14:43:35.013,31894.0
2021-06-25 14:43:35.018,32094.0
2021-06-25 14:43:35.023,31976.0
2021-06-25 14:43:35.028,35796.0
2021-06-25 14:43:35.033,37694.0
2021-06-25 14:43:35.038,36936.0
2021-06-25 14:43:35.043,36074.0
2021-06-25 14:43:35.048,35668.0
2021-06-25 14:43:35.053,36730.0
2021-06-25 14:43:35.058,35246.0
2021-06-25 14:43:35.063,36120.0
2021-06-25 14:43:35.068,36422.0
2021-06-25 14:43:35.073,36110.0
2021-06-25 14:43:35.079,34914.0
2021-06-25 14:43:35.083,35780.0
2021-06-25 14:43:35.088,38886.0
2021-06-25 14:43:35.093,37654.0
2021-06-25 14:43:35.098,36960.0
2021-06-25 14:43:35.103,36842.0
2021-06-25 14:43:35.108,31884.0
2021-06-25 14:43:35.113,30882.0
2021-06-25 14:43:35.118,30596.0
2021-06-25 14:43:35.123,31828.0
2021-06-25 14:43:35.128,31248.0
2021-06-25 14:43:35.133,30918.0
2021-06-25 14:43:35.138,36124.0
2021-06-25 14:43:35.143,30026.0
2021-06-25 14:43:35.148,31786.0
2021-06-25 14:43:35.153,31218.0
2021-06-25 14:43:35.158,30918.0
2021-06-25 14:43:35.164,32480.0
2021-06-25 14:43:35.168,31388.0
2021-06-25 14:43:35.173,36654.0
2021-06-25 14:43:35.178,35846.0
2021-06-25 14:43:35.183,36746.0
2021-06-25 14:43:35.188,37894.0
2021-06-25 14:43:35.193,36488.0
2021-06-25 14:43:35.198,38100.0
2021-06-25 14:43:35.203,38362.0
2021-06-25 14:43:35.208,37540.0
2021-06-25 14:43:35.213,35738.0
2021-06-25 14:43:35.218,38412.0
2021-06-25 14:43:35.223,35892.0
2021-06-25 14:43:35.228,36698.0
2021-06-25 14:43:35.233,37746.0
2021-06-25 14:43:35.238,38106.0
2021-06-25 14:43:35.243,37806.0
2021-06-25 14:43:35.249,37942.0
2021-06-25 14:43:35.253,30908.0
2021-06-25 14:43:35.258,30292.0
2021-06-25 14:43:35.263,31724.0
2021-06-25 14:43:35.268,32480.0
2021-06-25 14:43:35.273,30790.0
2021-06-25 14:43:35.278,33902.0
2021-06-25 14:43:35.283,31340.0
2021-06-25 14:43:35.288,35086.0
2021-06-25 14:43:35.293,31992.0
2021-06-25 14:43:35.298,31172.0
2021-06-25 14:43:35.303,30390.0
2021-06-25 14:43:35.308,32208.0
2021-06-25 14:43:35.313,35678.0
2021-06-25 14:43:35.318,37546.0
2021-06-25 14:43:35.323,37464.0
2021-06-25 14:43:35.328,37258.0
2021-06-25 14:43:35.333,37026.0
2021-06-25 14:43:35.338,36544.0
2021-06-25 14:43:35.343,37510.0
2021-06-25 14:43:35.348,37704.0
2021-06-25 14:43:35.353,37576.0
2021-06-25 14:43:35.358,36530.0
2021-06-25 14:43:35.363,30410.0
2021-06-25 14:43:35.368,34460.0
2021-06-25 14:43:35.373,37376.0
2021-06-25 14:43:35.378,37700.0
2021-06-25 14:43:35.383,37788.0
2021-06-25 14:43:35.388,35820.0
2021-06-25 14:43:35.393,32342.0
2021-06-25 14:43:35.398,31634.0
2021-06-25 14:43:35.403,33712.0
2021-06-25 14:43:35.408,30704.0
2021-06-25 14:43:35.413,31206.0
2021-06-25 14:43:35.418,29442.0
2021-06-25 14:43:35.423,30836.0
2021-06-25 14:43:35.428,32848.0
2021-06-25 14:43:35.433,29934.0
2021-06-25 14:43:35.438,32736.0
2021-06-25 14:43:35.443,32748.0
2021-06-25 14:43:35.448,31896.0
2021-06-25 14:43:35.453,38346.0
2021-06-25 14:43:35.458,38162.0
2021-06-25 14:43:35.463,36114.0
2021-06-25 14:43:35.468,38130.0
2021-06-25 14:43:35.473,37634.0
2021-06-25 14:43:35.478,36144.0
2021-06-25 14:43:35.483,36144.0
2021-06-25 14:43:35.488,37752.0
2021-06-25 14:43:35.493,37782.0
2021-06-25 14:43:35.498,37028.0
2021-06-25 14:43:35.503,35558.0
2021-06-25 14:43:35.508,33510.0
2021-06-25 14:43:35.513,34860.0
2021-06-25 14:43:35.518,32468.0
2021-06-25 14:43:35.523,33916.0
2021-06-25 14:43:35.528,33492.0
2021-06-25 14:43:35.533,35360.0
2021-06-25 14:43:35.538,30268.0
2021-06-25 14:43:35.543,32258.0
2021-06-25 14:43:35.548,32172.0
2021-06-25 14:43:35.553,32828.0
2021-06-25 14:43:35.558,29590.0
2021-06-25 14:43:35.563,31426.0
2021-06-25 14:43:35.568,31670.0
2021-06-25 14:43:35.573,30438.0
2021-06-25 14:43:35.578,30442.0
2021-06-25 14:43:35.583,30864.0
2021-06-25 14:43:35.588,30730.0
2021-06-25 14:43:35.593,30586.0
2021-06-25 14:43:35.598,32238.0
2021-06-25 14:43:35.603,36770.0
2021-06-25 14:43:35.608,36904.0
2021-06-25 14:43:35.613,35816.0
2021-06-25 14:43:35.618,36314.0
2021-06-25 14:43:35.623,35584.0
2021-06-25 14:43:35.628,35996.0
2021-06-25 14:43:35.633,36304.0
2021-06-25 14:43:35.638,35584.0
2021-06-25 14:43:35.643,37848.0
2021-06-25 14:43:35.648,38120.0
2021-06-25 14:43:35.653,37670.0
2021-06-25 14:43:35.658,36510.0
2021-06-25 14:43:35.663,33284.0
2021-06-25 14:43:35.668,35722.0
2021-06-25 14:43:35.673,36390.0
2021-06-25 14:43:35.678,37198.0
2021-06-25 14:43:35.683,31120.0
2021-06-25 14:43:35.688,31408.0
2021-06-25 14:43:35.693,33980.0
2021-06-25 14:43:35.698,30200.0
2021-06-25 14:43:35.703,32376.0
2021-06-25 14:43:35.708,29524.0
2021-06-25 14:43:35.713,30422.0
2021-06-25 14:43:35.719,28588.0
2021-06-25 14:43:35.723,29292.0
2021-06-25 14:43:35.728,30874.0
2021-06-25 14:43:35.733,30544.0
2021-06-25 14:43:35.738,30760.0
2021-06-25 14:43:35.743,34670.0
2021-06-25 14:43:35.748,37100.0
2021-06-25 14:43:35.753,36180.0
2021-06-25 14:43:35.758,35938.0
2021-06-25 14:43:35.763,32280.0
2021-06-25 14:43:35.768,35148.0
2021-06-25 14:43:35.773,36600.0
2021-06-25 14:43:35.778,36406.0
2021-06-25 14:43:35.783,37156.0
2021-06-25 14:43:35.788,36642.0
2021-06-25 14:43:35.793,37288.0
2021-06-25 14:43:35.798,39112.0
2021-06-25 14:43:35.804,37326.0
2021-06-25 14:43:35.808,36514.0
2021-06-25 14:43:35.813,31806.0
2021-06-25 14:43:35.818,36026.0
2021-06-25 14:43:35.823,30370.0
2021-06-25 14:43:35.828,30812.0
2021-06-25 14:43:35.833,31720.0
2021-06-25 14:43:35.838,32332.0
2021-06-25 14:43:35.843,32124.0
2021-06-25 14:43:35.848,33880.0
2021-06-25 14:43:35.853,32730.0
2021-06-25 14:43:35.858,33712.0
2021-06-25 14:43:35.863,31910.0
2021-06-25 14:43:35.868,33338.0
2021-06-25 14:43:35.873,30380.0
2021-06-25 14:43:35.878,32884.0
2021-06-25 14:43:35.883,36884.0
2021-06-25 14:43:35.889,34944.0
2021-06-25 14:43:35.893,36374.0
2021-06-25 14:43:35.898,36118.0
2021-06-25 14:43:35.903,36432.0
2021-06-25 14:43:35.908,35276.0
2021-06-25 14:43:35.913,32454.0
2021-06-25 14:43:35.918,33418.0
2021-06-25 14:43:35.923,34760.0
2021-06-25 14:43:35.928,36760.0
2021-06-25 14:43:35.933,36448.0
2021-06-25 14:43:35.938,37306.0
2021-06-25 14:43:35.943,37526.0
2021-06-25 14:43:35.948,38014.0
2021-06-25 14:43:35.953,39044.0
2021-06-25 14:43:35.958,38784.0
2021-06-25 14:43:35.963,32958.0
2021-06-25 14:43:35.968,33392.0
2021-06-25 14:43:35.973,32168.0
2021-06-25 14:43:35.978,30842.0
2021-06-25 14:43:35.983,33214.0
2021-06-25 14:43:35.988,32480.0
2021-06-25 14:43:35.993,34476.0
2021-06-25 14:43:35.998,33210.0
2021-06-25 14:43:36.003,30118.0
2021-06-25 14:43:36.008,32752.0
2021-06-25 14:43:36.013,31362.0
2021-06-25 14:43:36.018,32614.0
2021-06-25 14:43:36.023,29800.0
2021-06-25 14:43:36.028,32916.0
2021-06-25 14:43:36.033,34918.0
2021-06-25 14:43:36.038,36318.0
2021-06-25 14:43:36.043,35078.0
2021-06-25 14:43:36.048,38264.0
2021-06-25 14:43:36.053,35646.0
2021-06-25 14:43:36.058,37470.0
2021-06-25 14:43:36.063,35530.0
2021-06-25 14:43:36.068,34732.0
2021-06-25 14:43:36.073,34634.0
2021-06-25 14:43:36.078,36954.0
2021-06-25 14:43:36.083,37192.0
2021-06-25 14:43:36.088,36616.0
2021-06-25 14:43:36.093,36386.0
2021-06-25 14:43:36.098,37398.0
2021-06-25 14:43:36.103,37536.0
2021-06-25 14:43:36.108,38306.0
2021-06-25 14:43:36.121,30166.0
2021-06-25 14:43:36.122,29790.0
2021-06-25 14:43:36.124,30228.0
2021-06-25 14:43:36.128,32398.0
2021-06-25 14:43:36.133,28640.0
2021-06-25 14:43:36.138,34932.0
2021-06-25 14:43:36.143,30284.0
2021-06-25 14:43:36.148,31506.0
2021-06-25 14:43:36.153,29812.0
2021-06-25 14:43:36.158,30410.0
2021-06-25 14:43:36.163,30098.0
2021-06-25 14:43:36.168,31258.0
2021-06-25 14:43:36.173,30582.0
2021-06-25 14:43:36.178,37182.0
2021-06-25 14:43:36.183,36056.0
2021-06-25 14:43:36.188,37150.0
2021-06-25 14:43:36.193,36144.0
2021-06-25 14:43:36.198,37172.0
2021-06-25 14:43:36.203,37478.0
2021-06-25 14:43:36.208,37678.0
2021-06-25 14:43:36.213,36478.0
2021-06-25 14:43:36.218,35974.0
2021-06-25 14:43:36.223,37146.0
2021-06-25 14:43:36.228,36934.0
2021-06-25 14:43:36.233,37868.0
2021-06-25 14:43:36.238,37288.0
2021-06-25 14:43:36.243,37798.0
2021-06-25 14:43:36.248,33864.0
2021-06-25 14:43:36.253,30016.0
2021-06-25 14:43:36.258,33172.0
2021-06-25 14:43:36.263,32018.0
2021-06-25 14:43:36.268,32310.0
2021-06-25 14:43:36.273,34470.0
2021-06-25 14:43:36.278,31186.0
2021-06-25 14:43:36.283,29466.0
2021-06-25 14:43:36.288,29250.0
2021-06-25 14:43:36.293,30786.0
2021-06-25 14:43:36.298,28932.0
2021-06-25 14:43:36.303,28532.0
2021-06-25 14:43:36.308,31618.0
2021-06-25 14:43:36.313,34318.0
2021-06-25 14:43:36.318,34748.0
2021-06-25 14:43:36.323,35104.0
2021-06-25 14:43:36.328,35764.0
2021-06-25 14:43:36.333,35832.0
2021-06-25 14:43:36.338,36356.0
2021-06-25 14:43:36.343,36248.0
2021-06-25 14:43:36.348,37648.0
2021-06-25 14:43:36.353,38022.0
2021-06-25 14:43:36.359,36862.0
2021-06-25 14:43:36.363,35894.0
2021-06-25 14:43:36.368,31264.0
2021-06-25 14:43:36.373,35712.0
2021-06-25 14:43:36.378,37372.0
2021-06-25 14:43:36.383,36124.0
2021-06-25 14:43:36.388,36262.0
2021-06-25 14:43:36.393,34334.0
2021-06-25 14:43:36.398,30796.0
2021-06-25 14:43:36.403,29560.0
2021-06-25 14:43:36.408,30088.0
2021-06-25 14:43:36.413,29754.0
2021-06-25 14:43:36.418,29994.0
2021-06-25 14:43:36.423,33500.0
2021-06-25 14:43:36.428,29000.0
2021-06-25 14:43:36.433,32418.0
2021-06-25 14:43:36.438,30226.0
2021-06-25 14:43:36.444,32900.0
2021-06-25 14:43:36.448,32938.0
2021-06-25 14:43:36.453,30746.0
2021-06-25 14:43:36.458,37658.0
2021-06-25 14:43:36.463,37808.0
2021-06-25 14:43:36.468,37226.0
2021-06-25 14:43:36.473,37172.0
2021-06-25 14:43:36.478,36226.0
2021-06-25 14:43:36.483,35190.0
2021-06-25 14:43:36.488,36898.0
2021-06-25 14:43:36.493,36764.0
2021-06-25 14:43:36.498,36284.0
2021-06-25 14:43:36.503,36654.0
2021-06-25 14:43:36.508,37036.0
2021-06-25 14:43:36.513,35086.0
2021-06-25 14:43:36.518,34378.0
2021-06-25 14:43:36.523,37248.0
2021-06-25 14:43:36.529,35524.0
2021-06-25 14:43:36.533,37380.0
2021-06-25 14:43:36.538,32120.0
2021-06-25 14:43:36.543,30582.0
2021-06-25 14:43:36.548,32658.0
2021-06-25 14:43:36.553,32116.0
2021-06-25 14:43:36.558,30950.0
2021-06-25 14:43:36.563,32280.0
2021-06-25 14:43:36.568,32332.0
2021-06-25 14:43:36.573,31920.0
2021-06-25 14:43:36.578,31156.0
2021-06-25 14:43:36.583,29904.0
2021-06-25 14:43:36.588,31468.0
2021-06-25 14:43:36.593,31870.0
2021-06-25 14:43:36.598,36592.0
2021-06-25 14:43:36.603,37388.0
2021-06-25 14:43:36.608,37746.0
2021-06-25 14:43:36.613,37352.0
2021-06-25 14:43:36.618,38104.0
2021-06-25 14:43:36.623,34590.0
2021-06-25 14:43:36.628,37038.0
2021-06-25 14:43:36.633,37694.0
2021-06-25 14:43:36.638,38048.0
2021-06-25 14:43:36.643,38758.0
2021-06-25 14:43:36.648,37724.0
2021-06-25 14:43:36.653,37940.0
2021-06-25 14:43:36.658,38254.0
2021-06-25 14:43:36.663,34096.0
2021-06-25 14:43:36.668,31324.0
2021-06-25 14:43:36.673,35194.0
2021-06-25 14:43:36.678,29164.0
2021-06-25 14:43:36.683,31026.0
2021-06-25 14:43:36.688,31008.0
2021-06-25 14:43:36.693,32064.0
2021-06-25 14:43:36.698,31268.0
2021-06-25 14:43:36.703,33352.0
2021-06-25 14:43:36.708,31608.0
2021-06-25 14:43:36.713,30914.0
2021-06-25 14:43:36.718,31134.0
2021-06-25 14:43:36.723,30946.0
2021-06-25 14:43:36.728,31382.0
2021-06-25 14:43:36.733,34662.0
2021-06-25 14:43:36.738,34400.0
2021-06-25 14:43:36.743,35760.0
2021-06-25 14:43:36.748,37474.0
2021-06-25 14:43:36.753,36354.0
2021-06-25 14:43:36.758,36800.0
2021-06-25 14:43:36.763,34820.0
2021-06-25 14:43:36.768,32900.0
2021-06-25 14:43:36.773,34334.0
2021-06-25 14:43:36.778,35990.0
2021-06-25 14:43:36.783,35344.0
2021-06-25 14:43:36.788,35640.0
2021-06-25 14:43:36.793,35790.0
2021-06-25 14:43:36.798,37916.0
2021-06-25 14:43:36.803,38060.0
2021-06-25 14:43:36.808,36864.0
2021-06-25 14:43:36.813,31642.0
2021-06-25 14:43:36.818,31782.0
2021-06-25 14:43:36.823,32078.0
2021-06-25 14:43:36.828,33312.0
2021-06-25 14:43:36.833,31222.0
2021-06-25 14:43:36.838,33146.0
2021-06-25 14:43:36.843,31848.0
2021-06-25 14:43:36.848,31192.0
2021-06-25 14:43:36.853,32050.0
2021-06-25 14:43:36.858,31572.0
2021-06-25 14:43:36.863,29606.0
2021-06-25 14:43:36.868,29722.0
2021-06-25 14:43:36.873,36734.0
2021-06-25 14:43:36.878,36808.0
2021-06-25 14:43:36.883,35612.0
2021-06-25 14:43:36.888,35154.0
2021-06-25 14:43:36.893,36770.0
2021-06-25 14:43:36.898,35104.0
2021-06-25 14:43:36.903,36572.0
2021-06-25 14:43:36.908,36166.0
2021-06-25 14:43:36.913,35538.0
2021-06-25 14:43:36.918,37264.0
2021-06-25 14:43:36.923,34708.0
2021-06-25 14:43:36.928,36808.0
2021-06-25 14:43:36.933,36410.0
2021-06-25 14:43:36.938,36390.0
2021-06-25 14:43:36.943,37818.0
2021-06-25 14:43:36.948,35400.0
2021-06-25 14:43:36.953,32794.0
2021-06-25 14:43:36.958,32100.0
2021-06-25 14:43:36.963,32776.0
2021-06-25 14:43:36.968,28624.0
2021-06-25 14:43:36.973,30164.0
2021-06-25 14:43:36.978,34482.0
2021-06-25 14:43:36.983,31426.0
2021-06-25 14:43:36.988,30890.0
2021-06-25 14:43:36.993,30972.0
2021-06-25 14:43:36.999,31372.0
2021-06-25 14:43:37.003,31986.0
2021-06-25 14:43:37.008,31652.0
2021-06-25 14:43:37.013,37108.0
2021-06-25 14:43:37.018,31844.0
2021-06-25 14:43:37.023,34430.0
2021-06-25 14:43:37.028,36524.0
2021-06-25 14:43:37.033,35980.0
2021-06-25 14:43:37.038,37234.0
2021-06-25 14:43:37.043,37566.0
2021-06-25 14:43:37.048,37090.0
2021-06-25 14:43:37.053,39620.0
2021-06-25 14:43:37.058,38594.0
2021-06-25 14:43:37.063,39490.0
2021-06-25 14:43:37.068,35620.0
2021-06-25 14:43:37.073,37334.0
2021-06-25 14:43:37.078,37860.0
2021-06-25 14:43:37.084,36904.0
2021-06-25 14:43:37.088,31324.0
2021-06-25 14:43:37.093,31618.0
2021-06-25 14:43:37.098,32506.0
2021-06-25 14:43:37.103,32902.0
2021-06-25 14:43:37.108,31084.0
2021-06-25 14:43:37.113,30858.0
2021-06-25 14:43:37.118,33270.0
2021-06-25 14:43:37.123,31272.0
2021-06-25 14:43:37.128,32294.0
2021-06-25 14:43:37.133,29970.0
2021-06-25 14:43:37.138,31970.0
2021-06-25 14:43:37.143,30338.0
2021-06-25 14:43:37.148,38392.0
2021-06-25 14:43:37.153,36438.0
2021-06-25 14:43:37.158,38034.0
2021-06-25 14:43:37.163,38788.0
2021-06-25 14:43:37.169,31628.0
2021-06-25 14:43:37.173,34722.0
2021-06-25 14:43:37.178,35522.0
2021-06-25 14:43:37.183,36400.0
2021-06-25 14:43:37.188,37884.0
2021-06-25 14:43:37.193,36646.0
2021-06-25 14:43:37.198,37388.0
2021-06-25 14:43:37.203,38140.0
2021-06-25 14:43:37.208,37416.0
2021-06-25 14:43:37.213,36700.0
2021-06-25 14:43:37.218,36154.0
2021-06-25 14:43:37.223,30304.0
2021-06-25 14:43:37.228,30010.0
2021-06-25 14:43:37.233,31452.0
2021-06-25 14:43:37.238,30678.0
2021-06-25 14:43:37.243,33896.0
2021-06-25 14:43:37.248,33692.0
2021-06-25 14:43:37.253,31860.0
2021-06-25 14:43:37.258,31510.0
2021-06-25 14:43:37.263,32978.0
2021-06-25 14:43:37.268,30032.0
2021-06-25 14:43:37.273,33404.0
2021-06-25 14:43:37.278,31776.0
2021-06-25 14:43:37.283,34902.0
2021-06-25 14:43:37.288,37376.0
2021-06-25 14:43:37.293,36894.0
2021-06-25 14:43:37.298,36402.0
2021-06-25 14:43:37.303,36782.0
2021-06-25 14:43:37.308,35806.0
2021-06-25 14:43:37.313,37428.0
2021-06-25 14:43:37.318,35964.0
2021-06-25 14:43:37.323,35436.0
2021-06-25 14:43:37.328,35718.0
2021-06-25 14:43:37.333,36734.0
2021-06-25 14:43:37.338,36580.0
2021-06-25 14:43:37.343,38418.0
2021-06-25 14:43:37.348,37514.0
2021-06-25 14:43:37.353,38168.0
2021-06-25 14:43:37.358,31642.0
2021-06-25 14:43:37.363,30518.0
2021-06-25 14:43:37.368,30412.0
2021-06-25 14:43:37.373,31042.0
2021-06-25 14:43:37.378,33166.0
2021-06-25 14:43:37.383,30590.0
2021-06-25 14:43:37.388,29862.0
2021-06-25 14:43:37.393,30700.0
2021-06-25 14:43:37.398,32558.0
2021-06-25 14:43:37.403,29292.0
2021-06-25 14:43:37.408,31166.0
2021-06-25 14:43:37.413,30098.0
2021-06-25 14:43:37.418,31196.0
2021-06-25 14:43:37.423,32270.0
2021-06-25 14:43:37.428,37216.0
2021-06-25 14:43:37.433,36622.0
2021-06-25 14:43:37.438,37588.0
2021-06-25 14:43:37.443,36510.0
2021-06-25 14:43:37.448,38002.0
2021-06-25 14:43:37.453,37238.0
2021-06-25 14:43:37.458,36592.0
2021-06-25 14:43:37.463,36636.0
2021-06-25 14:43:37.468,37904.0
2021-06-25 14:43:37.473,35928.0
2021-06-25 14:43:37.478,35430.0
2021-06-25 14:43:37.483,36016.0
2021-06-25 14:43:37.488,38014.0
2021-06-25 14:43:37.493,37258.0
2021-06-25 14:43:37.498,32316.0
2021-06-25 14:43:37.503,32854.0
2021-06-25 14:43:37.508,30482.0
2021-06-25 14:43:37.513,33446.0
2021-06-25 14:43:37.518,32114.0
2021-06-25 14:43:37.523,32286.0
2021-06-25 14:43:37.528,33864.0
2021-06-25 14:43:37.533,31992.0
2021-06-25 14:43:37.538,32486.0
2021-06-25 14:43:37.543,31506.0
2021-06-25 14:43:37.548,33948.0
2021-06-25 14:43:37.553,33034.0
2021-06-25 14:43:37.558,32552.0
2021-06-25 14:43:37.563,36572.0
2021-06-25 14:43:37.568,37344.0
2021-06-25 14:43:37.573,35722.0
2021-06-25 14:43:37.578,36334.0
2021-06-25 14:43:37.583,36036.0
2021-06-25 14:43:37.588,36884.0
2021-06-25 14:43:37.593,37634.0
2021-06-25 14:43:37.598,36330.0
2021-06-25 14:43:37.603,37842.0
2021-06-25 14:43:37.608,34174.0
2021-06-25 14:43:37.613,37566.0
2021-06-25 14:43:37.618,39162.0
2021-06-25 14:43:37.623,32398.0
2021-06-25 14:43:37.628,36020.0
2021-06-25 14:43:37.633,37434.0
2021-06-25 14:43:37.639,37278.0
2021-06-25 14:43:37.643,37854.0
2021-06-25 14:43:37.648,32802.0
2021-06-25 14:43:37.653,32782.0
2021-06-25 14:43:37.658,30874.0
2021-06-25 14:43:37.663,30148.0
2021-06-25 14:43:37.668,31452.0
2021-06-25 14:43:37.673,34558.0
2021-06-25 14:43:37.678,31248.0
2021-06-25 14:43:37.683,30236.0
2021-06-25 14:43:37.688,29092.0
2021-06-25 14:43:37.693,30130.0
2021-06-25 14:43:37.698,31740.0
2021-06-25 14:43:37.703,30806.0
2021-06-25 14:43:37.708,30632.0
2021-06-25 14:43:37.713,37628.0
2021-06-25 14:43:37.718,36130.0
2021-06-25 14:43:37.724,33800.0
2021-06-25 14:43:37.728,36048.0
2021-06-25 14:43:37.733,35740.0
2021-06-25 14:43:37.738,36114.0
2021-06-25 14:43:37.743,36452.0
2021-06-25 14:43:37.748,36294.0
2021-06-25 14:43:37.753,37120.0
2021-06-25 14:43:37.758,36236.0
2021-06-25 14:43:37.763,38140.0
2021-06-25 14:43:37.768,37570.0
2021-06-25 14:43:37.773,36154.0
2021-06-25 14:43:37.778,35786.0
2021-06-25 14:43:37.783,36638.0
2021-06-25 14:43:37.788,34860.0
2021-06-25 14:43:37.793,31272.0
2021-06-25 14:43:37.798,30898.0
2021-06-25 14:43:37.803,32624.0
2021-06-25 14:43:37.809,30082.0
2021-06-25 14:43:37.813,31506.0
2021-06-25 14:43:37.818,32748.0
2021-06-25 14:43:37.823,31552.0
2021-06-25 14:43:37.828,29836.0
2021-06-25 14:43:37.833,31428.0
2021-06-25 14:43:37.838,30482.0
2021-06-25 14:43:37.843,31832.0
2021-06-25 14:43:37.848,31932.0
2021-06-25 14:43:37.853,33420.0
2021-06-25 14:43:37.858,38260.0
2021-06-25 14:43:37.863,38342.0
2021-06-25 14:43:37.868,36662.0
2021-06-25 14:43:37.873,36380.0
2021-06-25 14:43:37.878,35450.0
2021-06-25 14:43:37.883,36190.0
2021-06-25 14:43:37.888,37360.0
2021-06-25 14:43:37.893,35144.0
2021-06-25 14:43:37.898,35416.0
2021-06-25 14:43:37.903,36354.0
2021-06-25 14:43:37.908,37524.0
2021-06-25 14:43:37.913,39080.0
2021-06-25 14:43:37.918,35368.0
2021-06-25 14:43:37.923,31998.0
2021-06-25 14:43:37.928,35196.0
2021-06-25 14:43:37.933,36472.0
2021-06-25 14:43:37.938,29196.0
2021-06-25 14:43:37.943,29812.0
2021-06-25 14:43:37.948,30882.0
2021-06-25 14:43:37.953,33388.0
2021-06-25 14:43:37.958,31314.0
2021-06-25 14:43:37.963,31058.0
2021-06-25 14:43:37.968,31316.0
2021-06-25 14:43:37.973,28820.0
2021-06-25 14:43:37.978,30914.0
2021-06-25 14:43:37.983,30474.0
2021-06-25 14:43:37.988,29378.0
2021-06-25 14:43:37.993,28850.0
2021-06-25 14:43:37.998,31180.0
2021-06-25 14:43:38.003,32766.0
2021-06-25 14:43:38.008,37986.0
2021-06-25 14:43:38.013,37202.0
2021-06-25 14:43:38.018,35928.0
2021-06-25 14:43:38.023,37716.0
2021-06-25 14:43:38.028,34394.0
2021-06-25 14:43:38.033,37562.0
2021-06-25 14:43:38.038,36682.0
2021-06-25 14:43:38.043,37850.0
2021-06-25 14:43:38.048,37602.0
2021-06-25 14:43:38.053,37442.0
2021-06-25 14:43:38.058,37346.0
2021-06-25 14:43:38.063,37670.0
2021-06-25 14:43:38.068,37894.0
2021-06-25 14:43:38.073,38270.0
2021-06-25 14:43:38.078,34886.0
2021-06-25 14:43:38.083,28960.0
2021-06-25 14:43:38.088,30764.0
2021-06-25 14:43:38.093,31924.0
2021-06-25 14:43:38.098,32070.0
2021-06-25 14:43:38.103,31742.0
2021-06-25 14:43:38.108,31308.0
2021-06-25 14:43:38.113,33624.0
2021-06-25 14:43:38.118,30386.0
2021-06-25 14:43:38.123,30890.0
2021-06-25 14:43:38.128,32362.0
2021-06-25 14:43:38.133,30972.0
2021-06-25 14:43:38.138,28974.0
2021-06-25 14:43:38.143,35140.0
2021-06-25 14:43:38.148,35410.0
2021-06-25 14:43:38.153,37716.0
2021-06-25 14:43:38.158,36128.0
2021-06-25 14:43:38.163,36360.0
2021-06-25 14:43:38.168,38424.0
2021-06-25 14:43:38.173,37156.0
2021-06-25 14:43:38.178,35128.0
2021-06-25 14:43:38.183,35340.0
2021-06-25 14:43:38.188,35944.0
2021-06-25 14:43:38.193,36908.0
2021-06-25 14:43:38.198,37644.0
2021-06-25 14:43:38.203,35174.0
2021-06-25 14:43:38.208,36700.0
2021-06-25 14:43:38.213,36294.0
2021-06-25 14:43:38.218,37546.0
2021-06-25 14:43:38.223,37578.0
2021-06-25 14:43:38.228,31562.0
2021-06-25 14:43:38.233,29796.0
2021-06-25 14:43:38.238,32296.0
2021-06-25 14:43:38.243,32058.0
2021-06-25 14:43:38.248,31746.0
2021-06-25 14:43:38.253,32042.0
2021-06-25 14:43:38.258,32812.0
2021-06-25 14:43:38.263,31114.0
2021-06-25 14:43:38.268,33240.0
2021-06-25 14:43:38.273,30256.0
2021-06-25 14:43:38.279,31160.0
2021-06-25 14:43:38.283,29534.0
2021-06-25 14:43:38.288,31036.0
2021-06-25 14:43:38.293,36120.0
2021-06-25 14:43:38.298,36740.0
2021-06-25 14:43:38.303,37192.0
2021-06-25 14:43:38.308,37464.0
2021-06-25 14:43:38.313,36216.0
2021-06-25 14:43:38.318,38332.0
2021-06-25 14:43:38.323,36960.0
2021-06-25 14:43:38.328,33682.0
2021-06-25 14:43:38.333,35712.0
2021-06-25 14:43:38.338,35200.0
2021-06-25 14:43:38.343,37416.0
2021-06-25 14:43:38.348,37398.0
2021-06-25 14:43:38.353,36610.0
2021-06-25 14:43:38.358,37264.0
2021-06-25 14:43:38.364,37144.0
2021-06-25 14:43:38.368,34942.0
2021-06-25 14:43:38.373,28856.0
2021-06-25 14:43:38.378,26772.0
2021-06-25 14:43:38.383,28280.0
2021-06-25 14:43:38.388,29124.0
2021-06-25 14:43:38.393,28764.0
2021-06-25 14:43:38.398,28542.0
2021-06-25 14:43:38.403,27974.0
2021-06-25 14:43:38.408,27076.0
2021-06-25 14:43:38.413,28778.0
2021-06-25 14:43:38.418,27758.0
2021-06-25 14:43:38.423,28676.0
2021-06-25 14:43:38.428,27126.0
2021-06-25 14:43:38.433,26794.0
2021-06-25 14:43:38.438,34144.0
2021-06-25 14:43:38.443,35108.0
2021-06-25 14:43:38.449,34826.0
2021-06-25 14:43:38.453,35222.0
2021-06-25 14:43:38.458,33680.0
2021-06-25 14:43:38.463,33158.0
2021-06-25 14:43:38.468,34548.0
2021-06-25 14:43:38.473,36412.0
2021-06-25 14:43:38.478,31078.0
2021-06-25 14:43:38.483,34554.0
2021-06-25 14:43:38.488,33220.0
2021-06-25 14:43:38.493,34298.0
2021-06-25 14:43:38.498,34852.0
2021-06-25 14:43:38.503,34734.0
2021-06-25 14:43:38.508,34856.0
2021-06-25 14:43:38.513,27854.0
2021-06-25 14:43:38.518,28954.0
2021-06-25 14:43:38.523,29378.0
2021-06-25 14:43:38.528,31894.0
2021-06-25 14:43:38.533,26812.0
2021-06-25 14:43:38.538,33542.0
2021-06-25 14:43:38.543,28888.0
2021-06-25 14:43:38.548,28554.0
2021-06-25 14:43:38.553,28108.0
2021-06-25 14:43:38.558,32316.0
2021-06-25 14:43:38.563,31258.0
2021-06-25 14:43:38.568,31316.0
2021-06-25 14:43:38.573,31988.0
2021-06-25 14:43:38.578,39400.0
2021-06-25 14:43:38.583,37814.0
2021-06-25 14:43:38.588,38814.0
2021-06-25 14:43:38.593,38694.0
2021-06-25 14:43:38.598,39584.0
2021-06-25 14:43:38.603,39762.0
2021-06-25 14:43:38.608,39854.0
2021-06-25 14:43:38.613,39808.0
2021-06-25 14:43:38.618,39398.0
2021-06-25 14:43:38.623,37534.0
2021-06-25 14:43:38.628,37416.0
2021-06-25 14:43:38.633,36920.0
2021-06-25 14:43:38.638,39548.0
2021-06-25 14:43:38.643,39374.0
2021-06-25 14:43:38.648,39876.0
2021-06-25 14:43:38.653,35014.0
2021-06-25 14:43:38.658,33362.0
2021-06-25 14:43:38.663,35016.0
2021-06-25 14:43:38.668,33706.0
2021-06-25 14:43:38.681,33106.0
2021-06-25 14:43:38.682,34496.0
2021-06-25 14:43:38.684,31834.0
2021-06-25 14:43:38.688,33012.0
2021-06-25 14:43:38.693,31036.0
2021-06-25 14:43:38.698,33284.0
2021-06-25 14:43:38.703,33574.0
2021-06-25 14:43:38.708,33388.0
2021-06-25 14:43:38.713,33240.0
2021-06-25 14:43:38.718,39192.0
2021-06-25 14:43:38.723,38578.0
2021-06-25 14:43:38.728,38054.0
2021-06-25 14:43:38.733,35822.0
2021-06-25 14:43:38.738,37080.0
2021-06-25 14:43:38.743,36406.0
2021-06-25 14:43:38.748,36894.0
2021-06-25 14:43:38.753,36972.0
2021-06-25 14:43:38.758,37120.0
2021-06-25 14:43:38.763,39784.0
2021-06-25 14:43:38.768,38756.0
2021-06-25 14:43:38.773,36744.0
2021-06-25 14:43:38.778,37684.0
2021-06-25 14:43:38.783,35370.0
2021-06-25 14:43:38.788,37678.0
2021-06-25 14:43:38.793,34224.0
2021-06-25 14:43:38.798,30292.0
2021-06-25 14:43:38.803,31822.0
2021-06-25 14:43:38.808,33604.0
2021-06-25 14:43:38.813,32994.0
2021-06-25 14:43:38.818,32458.0
2021-06-25 14:43:38.823,32014.0
2021-06-25 14:43:38.828,30836.0
2021-06-25 14:43:38.833,33166.0
2021-06-25 14:43:38.838,32756.0
2021-06-25 14:43:38.843,30944.0
2021-06-25 14:43:38.848,30478.0
2021-06-25 14:43:38.853,32336.0
2021-06-25 14:43:38.858,36418.0
2021-06-25 14:43:38.863,39512.0
2021-06-25 14:43:38.868,36672.0
2021-06-25 14:43:38.873,35712.0
2021-06-25 14:43:38.878,37388.0
2021-06-25 14:43:38.883,35240.0
2021-06-25 14:43:38.888,36642.0
2021-06-25 14:43:38.893,37586.0
2021-06-25 14:43:38.898,37736.0
2021-06-25 14:43:38.903,36764.0
2021-06-25 14:43:38.908,37222.0
2021-06-25 14:43:38.913,38254.0
2021-06-25 14:43:38.919,38260.0
2021-06-25 14:43:38.923,35528.0
2021-06-25 14:43:38.928,36302.0
2021-06-25 14:43:38.933,35406.0
2021-06-25 14:43:38.938,30222.0
2021-06-25 14:43:38.943,30310.0
2021-06-25 14:43:38.948,30692.0
2021-06-25 14:43:38.953,31212.0
2021-06-25 14:43:38.958,33050.0
2021-06-25 14:43:38.963,32496.0
2021-06-25 14:43:38.968,35984.0
2021-06-25 14:43:38.973,30504.0
2021-06-25 14:43:38.978,31078.0
2021-06-25 14:43:38.983,30606.0
2021-06-25 14:43:38.988,30452.0
2021-06-25 14:43:38.993,31352.0
2021-06-25 14:43:38.998,31526.0
2021-06-25 14:43:39.004,35478.0
2021-06-25 14:43:39.008,35714.0
2021-06-25 14:43:39.013,38326.0
2021-06-25 14:43:39.018,37700.0
2021-06-25 14:43:39.023,36894.0
2021-06-25 14:43:39.028,35920.0
2021-06-25 14:43:39.033,37278.0
2021-06-25 14:43:39.038,36294.0
2021-06-25 14:43:39.043,37136.0
2021-06-25 14:43:39.048,37078.0
2021-06-25 14:43:39.053,36602.0
2021-06-25 14:43:39.058,38828.0
2021-06-25 14:43:39.063,37704.0
2021-06-25 14:43:39.068,37290.0
2021-06-25 14:43:39.073,37730.0
2021-06-25 14:43:39.078,36636.0
2021-06-25 14:43:39.083,31814.0
2021-06-25 14:43:39.089,29194.0
2021-06-25 14:43:39.093,30508.0
2021-06-25 14:43:39.098,32506.0
2021-06-25 14:43:39.103,29512.0
2021-06-25 14:43:39.108,34984.0
2021-06-25 14:43:39.113,32382.0
2021-06-25 14:43:39.118,28866.0
2021-06-25 14:43:39.123,30792.0
2021-06-25 14:43:39.128,32178.0
2021-06-25 14:43:39.133,32948.0
2021-06-25 14:43:39.138,29596.0
2021-06-25 14:43:39.143,31084.0
2021-06-25 14:43:39.148,37454.0
2021-06-25 14:43:39.153,38090.0
2021-06-25 14:43:39.158,37062.0
2021-06-25 14:43:39.163,36936.0
2021-06-25 14:43:39.168,36190.0
2021-06-25 14:43:39.173,37700.0
2021-06-25 14:43:39.178,37362.0
2021-06-25 14:43:39.183,35422.0
2021-06-25 14:43:39.188,36346.0
2021-06-25 14:43:39.193,35586.0
2021-06-25 14:43:39.198,38224.0
2021-06-25 14:43:39.203,36908.0
2021-06-25 14:43:39.208,36446.0
2021-06-25 14:43:39.213,37232.0
2021-06-25 14:43:39.218,34696.0
2021-06-25 14:43:39.223,31192.0
2021-06-25 14:43:39.228,30744.0
2021-06-25 14:43:39.233,32012.0
2021-06-25 14:43:39.238,33194.0
2021-06-25 14:43:39.243,30002.0
2021-06-25 14:43:39.248,34334.0
2021-06-25 14:43:39.253,32884.0
2021-06-25 14:43:39.258,31802.0
2021-06-25 14:43:39.263,31760.0
2021-06-25 14:43:39.268,30674.0
2021-06-25 14:43:39.273,32516.0
2021-06-25 14:43:39.278,30818.0
2021-06-25 14:43:39.283,33352.0
2021-06-25 14:43:39.288,36500.0
2021-06-25 14:43:39.293,36176.0
2021-06-25 14:43:39.298,35590.0
2021-06-25 14:43:39.303,36530.0
2021-06-25 14:43:39.308,36790.0
2021-06-25 14:43:39.313,35776.0
2021-06-25 14:43:39.318,36292.0
2021-06-25 14:43:39.323,35642.0
2021-06-25 14:43:39.328,35658.0
2021-06-25 14:43:39.333,34246.0
2021-06-25 14:43:39.338,35956.0
2021-06-25 14:43:39.343,37100.0
2021-06-25 14:43:39.348,37032.0
2021-06-25 14:43:39.353,38172.0
2021-06-25 14:43:39.358,37986.0
2021-06-25 14:43:39.363,37432.0
2021-06-25 14:43:39.368,38404.0
2021-06-25 14:43:39.373,33342.0
2021-06-25 14:43:39.378,31494.0
2021-06-25 14:43:39.383,28830.0
2021-06-25 14:43:39.388,31252.0
2021-06-25 14:43:39.393,31648.0
2021-06-25 14:43:39.398,30546.0
2021-06-25 14:43:39.403,34164.0
2021-06-25 14:43:39.408,30338.0
2021-06-25 14:43:39.413,29282.0
2021-06-25 14:43:39.418,29308.0
2021-06-25 14:43:39.423,30862.0
2021-06-25 14:43:39.428,30540.0
2021-06-25 14:43:39.433,30566.0
2021-06-25 14:43:39.438,30970.0
2021-06-25 14:43:39.443,34970.0
2021-06-25 14:43:39.448,36310.0
2021-06-25 14:43:39.453,36216.0
2021-06-25 14:43:39.458,37952.0
2021-06-25 14:43:39.463,36572.0
2021-06-25 14:43:39.468,37776.0
2021-06-25 14:43:39.473,39364.0
2021-06-25 14:43:39.478,38630.0
2021-06-25 14:43:39.483,37320.0
2021-06-25 14:43:39.488,37854.0
2021-06-25 14:43:39.493,36764.0
2021-06-25 14:43:39.498,37190.0
2021-06-25 14:43:39.503,36878.0
2021-06-25 14:43:39.508,38070.0
2021-06-25 14:43:39.513,35440.0
2021-06-25 14:43:39.518,31588.0
2021-06-25 14:43:39.523,29780.0
2021-06-25 14:43:39.528,30766.0
2021-06-25 14:43:39.533,31530.0
2021-06-25 14:43:39.538,32198.0
2021-06-25 14:43:39.543,29230.0
2021-06-25 14:43:39.548,29252.0
2021-06-25 14:43:39.553,31680.0
2021-06-25 14:43:39.559,30934.0
2021-06-25 14:43:39.563,30596.0
2021-06-25 14:43:39.568,31868.0
2021-06-25 14:43:39.573,31602.0
2021-06-25 14:43:39.578,30622.0
2021-06-25 14:43:39.583,30674.0
2021-06-25 14:43:39.588,37208.0
2021-06-25 14:43:39.593,37262.0
2021-06-25 14:43:39.598,36374.0
2021-06-25 14:43:39.603,37706.0
2021-06-25 14:43:39.608,37264.0
2021-06-25 14:43:39.613,38104.0
2021-06-25 14:43:39.618,36560.0
2021-06-25 14:43:39.623,36428.0
2021-06-25 14:43:39.628,34226.0
2021-06-25 14:43:39.633,34752.0
2021-06-25 14:43:39.638,34552.0
2021-06-25 14:43:39.644,37878.0
2021-06-25 14:43:39.648,38422.0
2021-06-25 14:43:39.653,38142.0
2021-06-25 14:43:39.658,31772.0
2021-06-25 14:43:39.663,30782.0
2021-06-25 14:43:39.668,31288.0
2021-06-25 14:43:39.673,31396.0
2021-06-25 14:43:39.678,30874.0
2021-06-25 14:43:39.683,30282.0
2021-06-25 14:43:39.688,30890.0
2021-06-25 14:43:39.693,29584.0
2021-06-25 14:43:39.698,30806.0
2021-06-25 14:43:39.703,29800.0
2021-06-25 14:43:39.708,31742.0
2021-06-25 14:43:39.713,29754.0
2021-06-25 14:43:39.718,32280.0
2021-06-25 14:43:39.723,32942.0
2021-06-25 14:43:39.729,34158.0
2021-06-25 14:43:39.733,33378.0
2021-06-25 14:43:39.738,34532.0
2021-06-25 14:43:39.743,37520.0
2021-06-25 14:43:39.748,35722.0
2021-06-25 14:43:39.753,36690.0
2021-06-25 14:43:39.758,37442.0
2021-06-25 14:43:39.763,37306.0
2021-06-25 14:43:39.768,37968.0
2021-06-25 14:43:39.773,37278.0
2021-06-25 14:43:39.778,36442.0
2021-06-25 14:43:39.783,32618.0
2021-06-25 14:43:39.788,34676.0
2021-06-25 14:43:39.793,38306.0
2021-06-25 14:43:39.798,34642.0
2021-06-25 14:43:39.803,36272.0
2021-06-25 14:43:39.808,37114.0
2021-06-25 14:43:39.813,30926.0
2021-06-25 14:43:39.818,31160.0
2021-06-25 14:43:39.823,30802.0
2021-06-25 14:43:39.828,32224.0
2021-06-25 14:43:39.833,30038.0
2021-06-25 14:43:39.838,35668.0
2021-06-25 14:43:39.843,31824.0
2021-06-25 14:43:39.848,32366.0
2021-06-25 14:43:39.853,30736.0
2021-06-25 14:43:39.858,31736.0
2021-06-25 14:43:39.863,34054.0
2021-06-25 14:43:39.868,32566.0
2021-06-25 14:43:39.873,30926.0
2021-06-25 14:43:39.878,36992.0
2021-06-25 14:43:39.883,38594.0
2021-06-25 14:43:39.888,36990.0
2021-06-25 14:43:39.893,38162.0
2021-06-25 14:43:39.898,38268.0
2021-06-25 14:43:39.903,36652.0
2021-06-25 14:43:39.908,37270.0
2021-06-25 14:43:39.913,36344.0
2021-06-25 14:43:39.918,38766.0
2021-06-25 14:43:39.923,38048.0
2021-06-25 14:43:39.928,36730.0
2021-06-25 14:43:39.933,31976.0
2021-06-25 14:43:39.938,34580.0
2021-06-25 14:43:39.943,36690.0
2021-06-25 14:43:39.948,37674.0
2021-06-25 14:43:39.953,37746.0
2021-06-25 14:43:39.958,33028.0
2021-06-25 14:43:39.963,33906.0
2021-06-25 14:43:39.968,34154.0
2021-06-25 14:43:39.973,32070.0
2021-06-25 14:43:39.978,30320.0
2021-06-25 14:43:39.983,33944.0
2021-06-25 14:43:39.988,30386.0
2021-06-25 14:43:39.993,30498.0
2021-06-25 14:43:39.998,29540.0
2021-06-25 14:43:40.003,30936.0
2021-06-25 14:43:40.008,30088.0
2021-06-25 14:43:40.013,31162.0
2021-06-25 14:43:40.018,36072.0
2021-06-25 14:43:40.023,37602.0
2021-06-25 14:43:40.028,37470.0
2021-06-25 14:43:40.033,35894.0
2021-06-25 14:43:40.038,35328.0
2021-06-25 14:43:40.043,37808.0
2021-06-25 14:43:40.048,36030.0
2021-06-25 14:43:40.053,36392.0
2021-06-25 14:43:40.058,35596.0
2021-06-25 14:43:40.063,38286.0
2021-06-25 14:43:40.068,36970.0
2021-06-25 14:43:40.073,36452.0
2021-06-25 14:43:40.078,39476.0
2021-06-25 14:43:40.083,36146.0
2021-06-25 14:43:40.088,36252.0
2021-06-25 14:43:40.093,36324.0
2021-06-25 14:43:40.098,37006.0
2021-06-25 14:43:40.103,29652.0
2021-06-25 14:43:40.108,31444.0
2021-06-25 14:43:40.113,32566.0
2021-06-25 14:43:40.118,32592.0
2021-06-25 14:43:40.123,31616.0
2021-06-25 14:43:40.128,33912.0
2021-06-25 14:43:40.133,31428.0
2021-06-25 14:43:40.138,31926.0
2021-06-25 14:43:40.143,31634.0
2021-06-25 14:43:40.148,30344.0
2021-06-25 14:43:40.153,30956.0
2021-06-25 14:43:40.158,29252.0
2021-06-25 14:43:40.163,37078.0
2021-06-25 14:43:40.168,37556.0
2021-06-25 14:43:40.173,36612.0
2021-06-25 14:43:40.178,38424.0
2021-06-25 14:43:40.183,35014.0
2021-06-25 14:43:40.188,35838.0
2021-06-25 14:43:40.193,36328.0
2021-06-25 14:43:40.199,36210.0
2021-06-25 14:43:40.203,36972.0
2021-06-25 14:43:40.208,38068.0
2021-06-25 14:43:40.213,37202.0
2021-06-25 14:43:40.218,39224.0
2021-06-25 14:43:40.223,36370.0
2021-06-25 14:43:40.228,39562.0
2021-06-25 14:43:40.233,36282.0
2021-06-25 14:43:40.238,36228.0
2021-06-25 14:43:40.243,30144.0
2021-06-25 14:43:40.248,31506.0
2021-06-25 14:43:40.253,32176.0
2021-06-25 14:43:40.258,33372.0
2021-06-25 14:43:40.263,30174.0
2021-06-25 14:43:40.268,32286.0
2021-06-25 14:43:40.273,32484.0
2021-06-25 14:43:40.278,32896.0
2021-06-25 14:43:40.284,30256.0
2021-06-25 14:43:40.288,32280.0
2021-06-25 14:43:40.293,30328.0
2021-06-25 14:43:40.298,34594.0
2021-06-25 14:43:40.303,30740.0
2021-06-25 14:43:40.308,38042.0
2021-06-25 14:43:40.313,37422.0
2021-06-25 14:43:40.318,38670.0
2021-06-25 14:43:40.323,37914.0
2021-06-25 14:43:40.328,39620.0
2021-06-25 14:43:40.333,36678.0
2021-06-25 14:43:40.338,35846.0
2021-06-25 14:43:40.343,36940.0
2021-06-25 14:43:40.348,37596.0
2021-06-25 14:43:40.353,37542.0
2021-06-25 14:43:40.358,35180.0
2021-06-25 14:43:40.363,37526.0
2021-06-25 14:43:40.369,38276.0
2021-06-25 14:43:40.373,36046.0
2021-06-25 14:43:40.378,37022.0
2021-06-25 14:43:40.383,38078.0
2021-06-25 14:43:40.388,33502.0
2021-06-25 14:43:40.393,28970.0
2021-06-25 14:43:40.398,29430.0
2021-06-25 14:43:40.403,28958.0
2021-06-25 14:43:40.408,32900.0
2021-06-25 14:43:40.413,31498.0
2021-06-25 14:43:40.418,31978.0
2021-06-25 14:43:40.423,32304.0
2021-06-25 14:43:40.428,31316.0
2021-06-25 14:43:40.433,31160.0
2021-06-25 14:43:40.438,31088.0
2021-06-25 14:43:40.443,31814.0
2021-06-25 14:43:40.448,31130.0
2021-06-25 14:43:40.453,30242.0
2021-06-25 14:43:40.458,36790.0
2021-06-25 14:43:40.463,37356.0
2021-06-25 14:43:40.468,36996.0
2021-06-25 14:43:40.473,36698.0
2021-06-25 14:43:40.478,37038.0
2021-06-25 14:43:40.483,36140.0
2021-06-25 14:43:40.488,36500.0
2021-06-25 14:43:40.493,35986.0
2021-06-25 14:43:40.498,35462.0
2021-06-25 14:43:40.503,36046.0
2021-06-25 14:43:40.508,37072.0
2021-06-25 14:43:40.513,36672.0
2021-06-25 14:43:40.518,35494.0
2021-06-25 14:43:40.523,36492.0
2021-06-25 14:43:40.528,37654.0
2021-06-25 14:43:40.533,38074.0
2021-06-25 14:43:40.538,35620.0
2021-06-25 14:43:40.543,30524.0
2021-06-25 14:43:40.548,29822.0
2021-06-25 14:43:40.553,31098.0
2021-06-25 14:43:40.558,32848.0
2021-06-25 14:43:40.563,29314.0
2021-06-25 14:43:40.568,31274.0
2021-06-25 14:43:40.573,30534.0
2021-06-25 14:43:40.578,32150.0
2021-06-25 14:43:40.583,29272.0
2021-06-25 14:43:40.588,31474.0
2021-06-25 14:43:40.593,32746.0
2021-06-25 14:43:40.598,29242.0
2021-06-25 14:43:40.603,31844.0
2021-06-25 14:43:40.608,37654.0
2021-06-25 14:43:40.613,38126.0
2021-06-25 14:43:40.618,38136.0
2021-06-25 14:43:40.623,36110.0
2021-06-25 14:43:40.628,36338.0
2021-06-25 14:43:40.633,35980.0
2021-06-25 14:43:40.638,35882.0
2021-06-25 14:43:40.643,35334.0
2021-06-25 14:43:40.648,36456.0
2021-06-25 14:43:40.653,34728.0
2021-06-25 14:43:40.658,36894.0
2021-06-25 14:43:40.663,38358.0
2021-06-25 14:43:40.668,37582.0
2021-06-25 14:43:40.673,34098.0
2021-06-25 14:43:40.678,37120.0
2021-06-25 14:43:40.683,31802.0
2021-06-25 14:43:40.688,33174.0
2021-06-25 14:43:40.693,31234.0
2021-06-25 14:43:40.698,32894.0
2021-06-25 14:43:40.703,29902.0
2021-06-25 14:43:40.708,36786.0
2021-06-25 14:43:40.713,32586.0
2021-06-25 14:43:40.718,30908.0
2021-06-25 14:43:40.723,31462.0
2021-06-25 14:43:40.728,29332.0
2021-06-25 14:43:40.733,30966.0
2021-06-25 14:43:40.738,30760.0
2021-06-25 14:43:40.743,28852.0
2021-06-25 14:43:40.748,34606.0
2021-06-25 14:43:40.753,36042.0
2021-06-25 14:43:40.758,34416.0
2021-06-25 14:43:40.763,33928.0
2021-06-25 14:43:40.768,34214.0
2021-06-25 14:43:40.773,31798.0
2021-06-25 14:43:40.778,34046.0
2021-06-25 14:43:40.783,31396.0
2021-06-25 14:43:40.788,31516.0
2021-06-25 14:43:40.793,30996.0
2021-06-25 14:43:40.798,33984.0
2021-06-25 14:43:40.803,34312.0
2021-06-25 14:43:40.808,33686.0
2021-06-25 14:43:40.813,35386.0
2021-06-25 14:43:40.818,33932.0
2021-06-25 14:43:40.823,32568.0
2021-06-25 14:43:40.828,28716.0
2021-06-25 14:43:40.833,27850.0
2021-06-25 14:43:40.839,29132.0
2021-06-25 14:43:40.843,30406.0
2021-06-25 14:43:40.848,29776.0
2021-06-25 14:43:40.853,28014.0
2021-06-25 14:43:40.858,31352.0
2021-06-25 14:43:40.863,29596.0
2021-06-25 14:43:40.868,28118.0
2021-06-25 14:43:40.873,30154.0
2021-06-25 14:43:40.878,30816.0
2021-06-25 14:43:40.883,30554.0
2021-06-25 14:43:40.888,29590.0
2021-06-25 14:43:40.893,30400.0
2021-06-25 14:43:40.898,35754.0
2021-06-25 14:43:40.903,35604.0
2021-06-25 14:43:40.908,36228.0
2021-06-25 14:43:40.913,34820.0
2021-06-25 14:43:40.918,34934.0
2021-06-25 14:43:40.924,35836.0
2021-06-25 14:43:40.928,35354.0
2021-06-25 14:43:40.933,32778.0
2021-06-25 14:43:40.938,30884.0
2021-06-25 14:43:40.943,34642.0
2021-06-25 14:43:40.948,31778.0
2021-06-25 14:43:40.953,33672.0
2021-06-25 14:43:40.958,32820.0
2021-06-25 14:43:40.963,31488.0
2021-06-25 14:43:40.968,33788.0
2021-06-25 14:43:40.973,26772.0
2021-06-25 14:43:40.978,25874.0
2021-06-25 14:43:40.983,28224.0
2021-06-25 14:43:40.988,26540.0
2021-06-25 14:43:40.993,28958.0
2021-06-25 14:43:40.998,27050.0
2021-06-25 14:43:41.003,31352.0
2021-06-25 14:43:41.009,25916.0
2021-06-25 14:43:41.013,26578.0
2021-06-25 14:43:41.018,27640.0
2021-06-25 14:43:41.023,29724.0
2021-06-25 14:43:41.028,29888.0
2021-06-25 14:43:41.033,26618.0
2021-06-25 14:43:41.038,27664.0
2021-06-25 14:43:41.043,32700.0
2021-06-25 14:43:41.048,33864.0
2021-06-25 14:43:41.053,32408.0
2021-06-25 14:43:41.058,34266.0
2021-06-25 14:43:41.063,34508.0
2021-06-25 14:43:41.068,35086.0
2021-06-25 14:43:41.073,35806.0
2021-06-25 14:43:41.078,35580.0
2021-06-25 14:43:41.083,33470.0
2021-06-25 14:43:41.088,34656.0
2021-06-25 14:43:41.093,33964.0
2021-06-25 14:43:41.098,33192.0
2021-06-25 14:43:41.103,34860.0
2021-06-25 14:43:41.108,33558.0
2021-06-25 14:43:41.113,34642.0
2021-06-25 14:43:41.118,35006.0
2021-06-25 14:43:41.123,28460.0
2021-06-25 14:43:41.128,27450.0
2021-06-25 14:43:41.133,27978.0
2021-06-25 14:43:41.138,28236.0
2021-06-25 14:43:41.143,30232.0
2021-06-25 14:43:41.148,26648.0
2021-06-25 14:43:41.153,30330.0
2021-06-25 14:43:41.158,27846.0
2021-06-25 14:43:41.163,28508.0
2021-06-25 14:43:41.168,27270.0
2021-06-25 14:43:41.173,29458.0
2021-06-25 14:43:41.178,30868.0
2021-06-25 14:43:41.183,29468.0
2021-06-25 14:43:41.188,26870.0
2021-06-25 14:43:41.193,34076.0
2021-06-25 14:43:41.198,34630.0
2021-06-25 14:43:41.203,34824.0
2021-06-25 14:43:41.208,33342.0
2021-06-25 14:43:41.213,35170.0
2021-06-25 14:43:41.218,33536.0
2021-06-25 14:43:41.223,33594.0
2021-06-25 14:43:41.228,33618.0
2021-06-25 14:43:41.241,34996.0
2021-06-25 14:43:41.242,34116.0
2021-06-25 14:43:41.244,32150.0
2021-06-25 14:43:41.248,33728.0
2021-06-25 14:43:41.253,33572.0
2021-06-25 14:43:41.258,34184.0
2021-06-25 14:43:41.263,34338.0
2021-06-25 14:43:41.268,27296.0
2021-06-25 14:43:41.273,29170.0
2021-06-25 14:43:41.278,28152.0
2021-06-25 14:43:41.283,31258.0
2021-06-25 14:43:41.288,28408.0
2021-06-25 14:43:41.293,31982.0
2021-06-25 14:43:41.298,27650.0
2021-06-25 14:43:41.303,29068.0
2021-06-25 14:43:41.308,28174.0
2021-06-25 14:43:41.313,28928.0
2021-06-25 14:43:41.318,30200.0
2021-06-25 14:43:41.323,27882.0
2021-06-25 14:43:41.328,29032.0
2021-06-25 14:43:41.333,35712.0
2021-06-25 14:43:41.338,34190.0
2021-06-25 14:43:41.343,35194.0
2021-06-25 14:43:41.348,33008.0
2021-06-25 14:43:41.353,32552.0
2021-06-25 14:43:41.358,34518.0
2021-06-25 14:43:41.363,33808.0
2021-06-25 14:43:41.368,32280.0
2021-06-25 14:43:41.373,33790.0
2021-06-25 14:43:41.378,33860.0
2021-06-25 14:43:41.383,36386.0
2021-06-25 14:43:41.388,34866.0
2021-06-25 14:43:41.393,35832.0
2021-06-25 14:43:41.398,32660.0
2021-06-25 14:43:41.403,33788.0
2021-06-25 14:43:41.408,32942.0
2021-06-25 14:43:41.413,30410.0
2021-06-25 14:43:41.418,29466.0
2021-06-25 14:43:41.423,29378.0
2021-06-25 14:43:41.428,29672.0
2021-06-25 14:43:41.433,28076.0
2021-06-25 14:43:41.438,30564.0
2021-06-25 14:43:41.443,31376.0
2021-06-25 14:43:41.448,28688.0
2021-06-25 14:43:41.453,26650.0
2021-06-25 14:43:41.458,28944.0
2021-06-25 14:43:41.463,27034.0
2021-06-25 14:43:41.468,30518.0
2021-06-25 14:43:41.473,30156.0
2021-06-25 14:43:41.479,32930.0
2021-06-25 14:43:41.483,33864.0
2021-06-25 14:43:41.488,35672.0
2021-06-25 14:43:41.493,34348.0
2021-06-25 14:43:41.498,34932.0
2021-06-25 14:43:41.503,34296.0
2021-06-25 14:43:41.508,31972.0
2021-06-25 14:43:41.513,34384.0
2021-06-25 14:43:41.518,33636.0
2021-06-25 14:43:41.523,33972.0
2021-06-25 14:43:41.528,34624.0
2021-06-25 14:43:41.533,33834.0
2021-06-25 14:43:41.538,34660.0
2021-06-25 14:43:41.543,34168.0
2021-06-25 14:43:41.548,33820.0
2021-06-25 14:43:41.553,35302.0
2021-06-25 14:43:41.558,33636.0
2021-06-25 14:43:41.564,27358.0
2021-06-25 14:43:41.568,26658.0
2021-06-25 14:43:41.573,29096.0
2021-06-25 14:43:41.578,28774.0
2021-06-25 14:43:41.583,31598.0
2021-06-25 14:43:41.588,30610.0
2021-06-25 14:43:41.593,28240.0
2021-06-25 14:43:41.598,28594.0
2021-06-25 14:43:41.603,26992.0
2021-06-25 14:43:41.608,28698.0
2021-06-25 14:43:41.613,28860.0
2021-06-25 14:43:41.618,26906.0
2021-06-25 14:43:41.623,29190.0
2021-06-25 14:43:41.628,34614.0
2021-06-25 14:43:41.633,35344.0
2021-06-25 14:43:41.638,35882.0
2021-06-25 14:43:41.643,32608.0
2021-06-25 14:43:41.649,33654.0
2021-06-25 14:43:41.653,33516.0
2021-06-25 14:43:41.658,35164.0
2021-06-25 14:43:41.663,33846.0
2021-06-25 14:43:41.668,34780.0
2021-06-25 14:43:41.673,34996.0
2021-06-25 14:43:41.678,32880.0
2021-06-25 14:43:41.683,34138.0
2021-06-25 14:43:41.688,34852.0
2021-06-25 14:43:41.693,34322.0
2021-06-25 14:43:41.698,34856.0
2021-06-25 14:43:41.703,28870.0
2021-06-25 14:43:41.708,27224.0
2021-06-25 14:43:41.713,29386.0
2021-06-25 14:43:41.718,31852.0
2021-06-25 14:43:41.723,27002.0
2021-06-25 14:43:41.728,31052.0
2021-06-25 14:43:41.733,26972.0
2021-06-25 14:43:41.738,29286.0
2021-06-25 14:43:41.743,26976.0
2021-06-25 14:43:41.748,28066.0
2021-06-25 14:43:41.753,29132.0
2021-06-25 14:43:41.758,27840.0
2021-06-25 14:43:41.763,27954.0
2021-06-25 14:43:41.768,33588.0
2021-06-25 14:43:41.773,34020.0
2021-06-25 14:43:41.778,35308.0
2021-06-25 14:43:41.783,33928.0
2021-06-25 14:43:41.788,33536.0
2021-06-25 14:43:41.793,33148.0
2021-06-25 14:43:41.798,31622.0
2021-06-25 14:43:41.803,34144.0
2021-06-25 14:43:41.808,33846.0
2021-06-25 14:43:41.813,33230.0
2021-06-25 14:43:41.818,34682.0
2021-06-25 14:43:41.823,34072.0
2021-06-25 14:43:41.828,34748.0
2021-06-25 14:43:41.833,34270.0
2021-06-25 14:43:41.838,31470.0
2021-06-25 14:43:41.843,34066.0
2021-06-25 14:43:41.848,28994.0
2021-06-25 14:43:41.853,27020.0
2021-06-25 14:43:41.858,29072.0
2021-06-25 14:43:41.863,29128.0
2021-06-25 14:43:41.868,27264.0
2021-06-25 14:43:41.873,31002.0
2021-06-25 14:43:41.878,28790.0
2021-06-25 14:43:41.883,28136.0
2021-06-25 14:43:41.888,28322.0
2021-06-25 14:43:41.893,27958.0
2021-06-25 14:43:41.898,30812.0
2021-06-25 14:43:41.903,28780.0
2021-06-25 14:43:41.908,26550.0
2021-06-25 14:43:41.913,28752.0
2021-06-25 14:43:41.918,35304.0
2021-06-25 14:43:41.923,35538.0
2021-06-25 14:43:41.928,35430.0
2021-06-25 14:43:41.933,34108.0
2021-06-25 14:43:41.938,34344.0
2021-06-25 14:43:41.943,35266.0
2021-06-25 14:43:41.948,32858.0
2021-06-25 14:43:41.953,34008.0
2021-06-25 14:43:41.958,33322.0
2021-06-25 14:43:41.963,34852.0
2021-06-25 14:43:41.968,33634.0
2021-06-25 14:43:41.973,33528.0
2021-06-25 14:43:41.978,35226.0
2021-06-25 14:43:41.983,33834.0
2021-06-25 14:43:41.988,29538.0
2021-06-25 14:43:41.993,26362.0
2021-06-25 14:43:41.998,28348.0
2021-06-25 14:43:42.003,26206.0
2021-06-25 14:43:42.008,29672.0
2021-06-25 14:43:42.013,27312.0
2021-06-25 14:43:42.018,28450.0
2021-06-25 14:43:42.023,27264.0
2021-06-25 14:43:42.028,29730.0
2021-06-25 14:43:42.033,27080.0
2021-06-25 14:43:42.038,28224.0
2021-06-25 14:43:42.043,28036.0
2021-06-25 14:43:42.048,28426.0
2021-06-25 14:43:42.053,27446.0
2021-06-25 14:43:42.058,32536.0
2021-06-25 14:43:42.063,33218.0
2021-06-25 14:43:42.068,33418.0
2021-06-25 14:43:42.073,34764.0
2021-06-25 14:43:42.078,36458.0
2021-06-25 14:43:42.083,34906.0
2021-06-25 14:43:42.088,35640.0
2021-06-25 14:43:42.093,34716.0
2021-06-25 14:43:42.098,32794.0
2021-06-25 14:43:42.103,34046.0
2021-06-25 14:43:42.108,32684.0
2021-06-25 14:43:42.113,33552.0
2021-06-25 14:43:42.119,34214.0
2021-06-25 14:43:42.123,34528.0
2021-06-25 14:43:42.128,34768.0
2021-06-25 14:43:42.133,33310.0
2021-06-25 14:43:42.138,34122.0
2021-06-25 14:43:42.143,26958.0
2021-06-25 14:43:42.148,27604.0
2021-06-25 14:43:42.153,27158.0
2021-06-25 14:43:42.158,29240.0
2021-06-25 14:43:42.163,28230.0
2021-06-25 14:43:42.168,28508.0
2021-06-25 14:43:42.173,31234.0
2021-06-25 14:43:42.178,29332.0
2021-06-25 14:43:42.183,28076.0
2021-06-25 14:43:42.188,27546.0
2021-06-25 14:43:42.193,28230.0
2021-06-25 14:43:42.198,30806.0
2021-06-25 14:43:42.204,30428.0
2021-06-25 14:43:42.208,26922.0
2021-06-25 14:43:42.213,34558.0
2021-06-25 14:43:42.218,34850.0
2021-06-25 14:43:42.223,33978.0
2021-06-25 14:43:42.228,35518.0
2021-06-25 14:43:42.233,35150.0
2021-06-25 14:43:42.238,35456.0
2021-06-25 14:43:42.243,30926.0
2021-06-25 14:43:42.248,32618.0
2021-06-25 14:43:42.253,34852.0
2021-06-25 14:43:42.258,35020.0
2021-06-25 14:43:42.263,32900.0
2021-06-25 14:43:42.268,33346.0
2021-06-25 14:43:42.273,33944.0
2021-06-25 14:43:42.278,35694.0
2021-06-25 14:43:42.283,34200.0
2021-06-25 14:43:42.289,27982.0
2021-06-25 14:43:42.293,29606.0
2021-06-25 14:43:42.298,28810.0
2021-06-25 14:43:42.303,30564.0
2021-06-25 14:43:42.308,26834.0
2021-06-25 14:43:42.313,31228.0
2021-06-25 14:43:42.318,32516.0
2021-06-25 14:43:42.323,26762.0
2021-06-25 14:43:42.328,29840.0
2021-06-25 14:43:42.333,26768.0
2021-06-25 14:43:42.338,28934.0
2021-06-25 14:43:42.343,28728.0
2021-06-25 14:43:42.348,28680.0
2021-06-25 14:43:42.353,28538.0
2021-06-25 14:43:42.358,33886.0
2021-06-25 14:43:42.363,34512.0
2021-06-25 14:43:42.368,34616.0
2021-06-25 14:43:42.373,31752.0
2021-06-25 14:43:42.378,34142.0
2021-06-25 14:43:42.383,34814.0
2021-06-25 14:43:42.388,34050.0
2021-06-25 14:43:42.393,34588.0
2021-06-25 14:43:42.398,35262.0
2021-06-25 14:43:42.403,32802.0
2021-06-25 14:43:42.408,32700.0
2021-06-25 14:43:42.413,33132.0
2021-06-25 14:43:42.418,35298.0
2021-06-25 14:43:42.423,34722.0
2021-06-25 14:43:42.428,34090.0
2021-06-25 14:43:42.433,29030.0
2021-06-25 14:43:42.438,28472.0
2021-06-25 14:43:42.443,28974.0
2021-06-25 14:43:42.448,29708.0
2021-06-25 14:43:42.453,26214.0
2021-06-25 14:43:42.458,28164.0
2021-06-25 14:43:42.463,26858.0
2021-06-25 14:43:42.468,29554.0
2021-06-25 14:43:42.473,29426.0
2021-06-25 14:43:42.478,26546.0
2021-06-25 14:43:42.483,29550.0
2021-06-25 14:43:42.488,29594.0
2021-06-25 14:43:42.493,28388.0
2021-06-25 14:43:42.498,29414.0
2021-06-25 14:43:42.503,34250.0
2021-06-25 14:43:42.508,34568.0
2021-06-25 14:43:42.513,36918.0
2021-06-25 14:43:42.518,38178.0
2021-06-25 14:43:42.523,37098.0
2021-06-25 14:43:42.528,39168.0
2021-06-25 14:43:42.533,38060.0
2021-06-25 14:43:42.538,39358.0
2021-06-25 14:43:42.543,40498.0
2021-06-25 14:43:42.548,39120.0
2021-06-25 14:43:42.553,40318.0
2021-06-25 14:43:42.558,39876.0
2021-06-25 14:43:42.563,39318.0
2021-06-25 14:43:42.568,39748.0
2021-06-25 14:43:42.573,39018.0
2021-06-25 14:43:42.578,33284.0
2021-06-25 14:43:42.583,33972.0
2021-06-25 14:43:42.588,33424.0
2021-06-25 14:43:42.593,35594.0
2021-06-25 14:43:42.598,32512.0
2021-06-25 14:43:42.603,38716.0
2021-06-25 14:43:42.608,34888.0
2021-06-25 14:43:42.613,33762.0
2021-06-25 14:43:42.618,33800.0
2021-06-25 14:43:42.623,34436.0
2021-06-25 14:43:42.628,34706.0
2021-06-25 14:43:42.633,33774.0
2021-06-25 14:43:42.638,35462.0
2021-06-25 14:43:42.643,33474.0
2021-06-25 14:43:42.648,34024.0
2021-06-25 14:43:42.653,37140.0
2021-06-25 14:43:42.658,38598.0
2021-06-25 14:43:42.663,37110.0
2021-06-25 14:43:42.668,40528.0
2021-06-25 14:43:42.673,41304.0
2021-06-25 14:43:42.678,40152.0
2021-06-25 14:43:42.683,37094.0
2021-06-25 14:43:42.688,37542.0
2021-06-25 14:43:42.693,38802.0
2021-06-25 14:43:42.698,37978.0
2021-06-25 14:43:42.703,36418.0
2021-06-25 14:43:42.708,39656.0
2021-06-25 14:43:42.713,38686.0
2021-06-25 14:43:42.718,37996.0
2021-06-25 14:43:42.723,38758.0
2021-06-25 14:43:42.728,33188.0
2021-06-25 14:43:42.733,33172.0
2021-06-25 14:43:42.738,33754.0
2021-06-25 14:43:42.743,34460.0
2021-06-25 14:43:42.748,31134.0
2021-06-25 14:43:42.753,35610.0
2021-06-25 14:43:42.759,32506.0
2021-06-25 14:43:42.763,31824.0
2021-06-25 14:43:42.768,30396.0
2021-06-25 14:43:42.773,30882.0
2021-06-25 14:43:42.778,32838.0
2021-06-25 14:43:42.783,32654.0
2021-06-25 14:43:42.788,31036.0
2021-06-25 14:43:42.793,31596.0
2021-06-25 14:43:42.798,37028.0
2021-06-25 14:43:42.803,34112.0
2021-06-25 14:43:42.808,35836.0
2021-06-25 14:43:42.813,37688.0
2021-06-25 14:43:42.818,37396.0
2021-06-25 14:43:42.823,36094.0
2021-06-25 14:43:42.828,38332.0
2021-06-25 14:43:42.833,37192.0
2021-06-25 14:43:42.838,38050.0
2021-06-25 14:43:42.844,36586.0
2021-06-25 14:43:42.848,35364.0
2021-06-25 14:43:42.853,34236.0
2021-06-25 14:43:42.858,36900.0
2021-06-25 14:43:42.863,36610.0
2021-06-25 14:43:42.868,37442.0
2021-06-25 14:43:42.873,30154.0
2021-06-25 14:43:42.878,31462.0
2021-06-25 14:43:42.883,31772.0
2021-06-25 14:43:42.888,33400.0
2021-06-25 14:43:42.893,31438.0
2021-06-25 14:43:42.898,34954.0
2021-06-25 14:43:42.903,31838.0
2021-06-25 14:43:42.908,30766.0
2021-06-25 14:43:42.913,30036.0
2021-06-25 14:43:42.918,31064.0
2021-06-25 14:43:42.923,30180.0
2021-06-25 14:43:42.929,30002.0
2021-06-25 14:43:42.933,30114.0
2021-06-25 14:43:42.938,30068.0
2021-06-25 14:43:42.943,36456.0
2021-06-25 14:43:42.948,33064.0
2021-06-25 14:43:42.953,36832.0
2021-06-25 14:43:42.958,35888.0
2021-06-25 14:43:42.963,34026.0
2021-06-25 14:43:42.968,36626.0
2021-06-25 14:43:42.973,37458.0
2021-06-25 14:43:42.978,35842.0
2021-06-25 14:43:42.983,37306.0
2021-06-25 14:43:42.988,37484.0
2021-06-25 14:43:42.993,34986.0
2021-06-25 14:43:42.998,31828.0
2021-06-25 14:43:43.003,33362.0
2021-06-25 14:43:43.008,36074.0
2021-06-25 14:43:43.013,37048.0
2021-06-25 14:43:43.018,36910.0
2021-06-25 14:43:43.023,31298.0
2021-06-25 14:43:43.028,31770.0
2021-06-25 14:43:43.033,34620.0
2021-06-25 14:43:43.038,35350.0
2021-06-25 14:43:43.043,30606.0
2021-06-25 14:43:43.048,33300.0
2021-06-25 14:43:43.053,32876.0
2021-06-25 14:43:43.058,30442.0
2021-06-25 14:43:43.063,31340.0
2021-06-25 14:43:43.068,31802.0
2021-06-25 14:43:43.073,30662.0
2021-06-25 14:43:43.078,34722.0
2021-06-25 14:43:43.083,32340.0
2021-06-25 14:43:43.088,35750.0
2021-06-25 14:43:43.093,37714.0
2021-06-25 14:43:43.098,36832.0
2021-06-25 14:43:43.103,36908.0
2021-06-25 14:43:43.108,37424.0
2021-06-25 14:43:43.113,37288.0
2021-06-25 14:43:43.118,35458.0
2021-06-25 14:43:43.123,36802.0
2021-06-25 14:43:43.128,38100.0
2021-06-25 14:43:43.133,37592.0
2021-06-25 14:43:43.138,37156.0
2021-06-25 14:43:43.143,38732.0
2021-06-25 14:43:43.148,37152.0
2021-06-25 14:43:43.153,37952.0
2021-06-25 14:43:43.158,36206.0
2021-06-25 14:43:43.163,37084.0
2021-06-25 14:43:43.168,30252.0
2021-06-25 14:43:43.173,30180.0
2021-06-25 14:43:43.178,31724.0
2021-06-25 14:43:43.183,34076.0
2021-06-25 14:43:43.188,32860.0
2021-06-25 14:43:43.193,36718.0
2021-06-25 14:43:43.198,32014.0
2021-06-25 14:43:43.203,31936.0
2021-06-25 14:43:43.208,31438.0
2021-06-25 14:43:43.213,32782.0
2021-06-25 14:43:43.218,31346.0
2021-06-25 14:43:43.223,30390.0
2021-06-25 14:43:43.228,30318.0
2021-06-25 14:43:43.233,38648.0
2021-06-25 14:43:43.238,37186.0
2021-06-25 14:43:43.243,38326.0
2021-06-25 14:43:43.248,37598.0
2021-06-25 14:43:43.253,33532.0
2021-06-25 14:43:43.258,36746.0
2021-06-25 14:43:43.263,36156.0
2021-06-25 14:43:43.268,37534.0
2021-06-25 14:43:43.273,37910.0
2021-06-25 14:43:43.278,38208.0
2021-06-25 14:43:43.283,39178.0
2021-06-25 14:43:43.288,36998.0
2021-06-25 14:43:43.293,37432.0
2021-06-25 14:43:43.298,36914.0
2021-06-25 14:43:43.303,35802.0
2021-06-25 14:43:43.308,37674.0
2021-06-25 14:43:43.313,31798.0
2021-06-25 14:43:43.318,31858.0
2021-06-25 14:43:43.323,32202.0
2021-06-25 14:43:43.328,32248.0
2021-06-25 14:43:43.333,31894.0
2021-06-25 14:43:43.338,34666.0
2021-06-25 14:43:43.343,30550.0
2021-06-25 14:43:43.348,29686.0
2021-06-25 14:43:43.353,33148.0
2021-06-25 14:43:43.358,33352.0
2021-06-25 14:43:43.363,31058.0
2021-06-25 14:43:43.368,30246.0
2021-06-25 14:43:43.373,30294.0
2021-06-25 14:43:43.378,37946.0
2021-06-25 14:43:43.383,37438.0
2021-06-25 14:43:43.388,36986.0
2021-06-25 14:43:43.393,36950.0
2021-06-25 14:43:43.399,36836.0
2021-06-25 14:43:43.403,35096.0
2021-06-25 14:43:43.408,36318.0
2021-06-25 14:43:43.413,36764.0
2021-06-25 14:43:43.418,37258.0
2021-06-25 14:43:43.423,38290.0
2021-06-25 14:43:43.428,36400.0
2021-06-25 14:43:43.433,38214.0
2021-06-25 14:43:43.438,36098.0
2021-06-25 14:43:43.443,38572.0
2021-06-25 14:43:43.448,35884.0
2021-06-25 14:43:43.453,35076.0
2021-06-25 14:43:43.458,31370.0
2021-06-25 14:43:43.463,30498.0
2021-06-25 14:43:43.468,30854.0
2021-06-25 14:43:43.473,31442.0
2021-06-25 14:43:43.478,32392.0
2021-06-25 14:43:43.484,32168.0
2021-06-25 14:43:43.488,31080.0
2021-06-25 14:43:43.493,32008.0
2021-06-25 14:43:43.498,31300.0
2021-06-25 14:43:43.503,31154.0
2021-06-25 14:43:43.508,29682.0
2021-06-25 14:43:43.513,29432.0
2021-06-25 14:43:43.518,31406.0
2021-06-25 14:43:43.523,38114.0
2021-06-25 14:43:43.528,36334.0
2021-06-25 14:43:43.533,37874.0
2021-06-25 14:43:43.538,37028.0
2021-06-25 14:43:43.543,37806.0
2021-06-25 14:43:43.548,35996.0
2021-06-25 14:43:43.553,35056.0
2021-06-25 14:43:43.558,35150.0
2021-06-25 14:43:43.563,37314.0
2021-06-25 14:43:43.569,35288.0
2021-06-25 14:43:43.573,36000.0
2021-06-25 14:43:43.578,36724.0
2021-06-25 14:43:43.583,36760.0
2021-06-25 14:43:43.588,36972.0
2021-06-25 14:43:43.593,38142.0
2021-06-25 14:43:43.598,31490.0
2021-06-25 14:43:43.603,32120.0
2021-06-25 14:43:43.608,30772.0
2021-06-25 14:43:43.613,34996.0
2021-06-25 14:43:43.618,31494.0
2021-06-25 14:43:43.623,30000.0
2021-06-25 14:43:43.628,30576.0
2021-06-25 14:43:43.633,32106.0
2021-06-25 14:43:43.638,30206.0
2021-06-25 14:43:43.643,31798.0
2021-06-25 14:43:43.648,30764.0
2021-06-25 14:43:43.653,31470.0
2021-06-25 14:43:43.658,31480.0
2021-06-25 14:43:43.663,29476.0
2021-06-25 14:43:43.668,37280.0
2021-06-25 14:43:43.673,36002.0
2021-06-25 14:43:43.678,36754.0
2021-06-25 14:43:43.683,37140.0
2021-06-25 14:43:43.688,35060.0
2021-06-25 14:43:43.693,36524.0
2021-06-25 14:43:43.698,37058.0
2021-06-25 14:43:43.703,36478.0
2021-06-25 14:43:43.708,38604.0
2021-06-25 14:43:43.713,37098.0
2021-06-25 14:43:43.718,37776.0
2021-06-25 14:43:43.723,37274.0
2021-06-25 14:43:43.728,38392.0
2021-06-25 14:43:43.733,38650.0
2021-06-25 14:43:43.738,38358.0
2021-06-25 14:43:43.743,37612.0
2021-06-25 14:43:43.748,31530.0
2021-06-25 14:43:43.753,31160.0
2021-06-25 14:43:43.758,31842.0
2021-06-25 14:43:43.763,33284.0
2021-06-25 14:43:43.768,30616.0
2021-06-25 14:43:43.773,31340.0
2021-06-25 14:43:43.778,30200.0
2021-06-25 14:43:43.783,30396.0
2021-06-25 14:43:43.788,31996.0
2021-06-25 14:43:43.801,30520.0
2021-06-25 14:43:43.802,30488.0
2021-06-25 14:43:43.804,33584.0
2021-06-25 14:43:43.808,32510.0
2021-06-25 14:43:43.813,36236.0
2021-06-25 14:43:43.818,37298.0
2021-06-25 14:43:43.823,35902.0
2021-06-25 14:43:43.828,34800.0
2021-06-25 14:43:43.833,38378.0
2021-06-25 14:43:43.838,35144.0
2021-06-25 14:43:43.843,35802.0
2021-06-25 14:43:43.848,37982.0
2021-06-25 14:43:43.853,38576.0
2021-06-25 14:43:43.858,38414.0
2021-06-25 14:43:43.863,37054.0
2021-06-25 14:43:43.868,36400.0
2021-06-25 14:43:43.873,38330.0
2021-06-25 14:43:43.878,36954.0
2021-06-25 14:43:43.883,37920.0
2021-06-25 14:43:43.888,34902.0
2021-06-25 14:43:43.893,38388.0
2021-06-25 14:43:43.898,34092.0
2021-06-25 14:43:43.903,31088.0
2021-06-25 14:43:43.908,32454.0
2021-06-25 14:43:43.913,33132.0
2021-06-25 14:43:43.918,31504.0
2021-06-25 14:43:43.923,31798.0
2021-06-25 14:43:43.928,34558.0
2021-06-25 14:43:43.933,32248.0
2021-06-25 14:43:43.938,34118.0
2021-06-25 14:43:43.943,32890.0
2021-06-25 14:43:43.948,34024.0
2021-06-25 14:43:43.953,31622.0
2021-06-25 14:43:43.958,31242.0
2021-06-25 14:43:43.963,30838.0
2021-06-25 14:43:43.968,38100.0
2021-06-25 14:43:43.973,36540.0
2021-06-25 14:43:43.978,37772.0
2021-06-25 14:43:43.983,36750.0
2021-06-25 14:43:43.988,36258.0
2021-06-25 14:43:43.993,37750.0
2021-06-25 14:43:43.998,38576.0
2021-06-25 14:43:44.003,37470.0
2021-06-25 14:43:44.008,34718.0
2021-06-25 14:43:44.013,37490.0
2021-06-25 14:43:44.018,36998.0
2021-06-25 14:43:44.023,37130.0
2021-06-25 14:43:44.028,38086.0
2021-06-25 14:43:44.033,37130.0
2021-06-25 14:43:44.039,35524.0
2021-06-25 14:43:44.043,33028.0
2021-06-25 14:43:44.048,32730.0
2021-06-25 14:43:44.053,32156.0
2021-06-25 14:43:44.058,32536.0
2021-06-25 14:43:44.063,29400.0
2021-06-25 14:43:44.068,32366.0
2021-06-25 14:43:44.073,30176.0
2021-06-25 14:43:44.078,32296.0
2021-06-25 14:43:44.083,31684.0
2021-06-25 14:43:44.088,33374.0
2021-06-25 14:43:44.093,29938.0
2021-06-25 14:43:44.098,31976.0
2021-06-25 14:43:44.103,29928.0
2021-06-25 14:43:44.108,35312.0
2021-06-25 14:43:44.113,38418.0
2021-06-25 14:43:44.118,37116.0
2021-06-25 14:43:44.124,36098.0
2021-06-25 14:43:44.128,36844.0
2021-06-25 14:43:44.133,36828.0
2021-06-25 14:43:44.138,37756.0
2021-06-25 14:43:44.143,37162.0
2021-06-25 14:43:44.148,36586.0
2021-06-25 14:43:44.153,36498.0
2021-06-25 14:43:44.158,36688.0
2021-06-25 14:43:44.163,34158.0
2021-06-25 14:43:44.168,36220.0
2021-06-25 14:43:44.173,35954.0
2021-06-25 14:43:44.178,36058.0
2021-06-25 14:43:44.183,30740.0
2021-06-25 14:43:44.188,31372.0
2021-06-25 14:43:44.193,31118.0
2021-06-25 14:43:44.198,32028.0
2021-06-25 14:43:44.203,29504.0
2021-06-25 14:43:44.209,32490.0
2021-06-25 14:43:44.213,31534.0
2021-06-25 14:43:44.218,30944.0
2021-06-25 14:43:44.223,31464.0
2021-06-25 14:43:44.228,31058.0
2021-06-25 14:43:44.233,31638.0
2021-06-25 14:43:44.238,31782.0
2021-06-25 14:43:44.243,30432.0
2021-06-25 14:43:44.248,29898.0
2021-06-25 14:43:44.253,34470.0
2021-06-25 14:43:44.258,34466.0
2021-06-25 14:43:44.263,36836.0
2021-06-25 14:43:44.268,37858.0
2021-06-25 14:43:44.273,36718.0
2021-06-25 14:43:44.278,36192.0
2021-06-25 14:43:44.283,36410.0
2021-06-25 14:43:44.288,37596.0
2021-06-25 14:43:44.293,37742.0
2021-06-25 14:43:44.298,37976.0
2021-06-25 14:43:44.303,37468.0
2021-06-25 14:43:44.308,33106.0
2021-06-25 14:43:44.313,36222.0
2021-06-25 14:43:44.318,36652.0
2021-06-25 14:43:44.323,38074.0
2021-06-25 14:43:44.328,36556.0
2021-06-25 14:43:44.333,30982.0
2021-06-25 14:43:44.338,30652.0
2021-06-25 14:43:44.343,31950.0
2021-06-25 14:43:44.348,32930.0
2021-06-25 14:43:44.353,35564.0
2021-06-25 14:43:44.358,34896.0
2021-06-25 14:43:44.363,31226.0
2021-06-25 14:43:44.368,32464.0
2021-06-25 14:43:44.373,31402.0
2021-06-25 14:43:44.378,30256.0
2021-06-25 14:43:44.383,31864.0
2021-06-25 14:43:44.388,30554.0
2021-06-25 14:43:44.393,31078.0
2021-06-25 14:43:44.398,39056.0
2021-06-25 14:43:44.403,36038.0
2021-06-25 14:43:44.408,35894.0
2021-06-25 14:43:44.413,37314.0
2021-06-25 14:43:44.418,35830.0
2021-06-25 14:43:44.423,37654.0
2021-06-25 14:43:44.428,36908.0
2021-06-25 14:43:44.433,36338.0
2021-06-25 14:43:44.438,37012.0
2021-06-25 14:43:44.443,36258.0
2021-06-25 14:43:44.448,37828.0
2021-06-25 14:43:44.453,37930.0
2021-06-25 14:43:44.458,33804.0
2021-06-25 14:43:44.463,36318.0
2021-06-25 14:43:44.468,36386.0
2021-06-25 14:43:44.473,28430.0
2021-06-25 14:43:44.478,30498.0
2021-06-25 14:43:44.483,30668.0
2021-06-25 14:43:44.488,33048.0
2021-06-25 14:43:44.493,31642.0
2021-06-25 14:43:44.498,33146.0
2021-06-25 14:43:44.503,34616.0
2021-06-25 14:43:44.508,33538.0
2021-06-25 14:43:44.513,31428.0
2021-06-25 14:43:44.518,30206.0
2021-06-25 14:43:44.523,31680.0
2021-06-25 14:43:44.528,30128.0
2021-06-25 14:43:44.533,30754.0
2021-06-25 14:43:44.538,38296.0
2021-06-25 14:43:44.543,37104.0
2021-06-25 14:43:44.548,37956.0
2021-06-25 14:43:44.553,38362.0
2021-06-25 14:43:44.558,35904.0
2021-06-25 14:43:44.563,37606.0
2021-06-25 14:43:44.568,37798.0
2021-06-25 14:43:44.573,37560.0
2021-06-25 14:43:44.578,39536.0
2021-06-25 14:43:44.583,38968.0
2021-06-25 14:43:44.588,38870.0
2021-06-25 14:43:44.593,39810.0
2021-06-25 14:43:44.598,38824.0
2021-06-25 14:43:44.603,39158.0
2021-06-25 14:43:44.608,37884.0
2021-06-25 14:43:44.613,31156.0
2021-06-25 14:43:44.618,32690.0
2021-06-25 14:43:44.623,32358.0
2021-06-25 14:43:44.628,33342.0
2021-06-25 14:43:44.633,32014.0
2021-06-25 14:43:44.638,32124.0
2021-06-25 14:43:44.643,32902.0
2021-06-25 14:43:44.648,32886.0
2021-06-25 14:43:44.653,33510.0
2021-06-25 14:43:44.658,31376.0
2021-06-25 14:43:44.663,29570.0
2021-06-25 14:43:44.668,31160.0
2021-06-25 14:43:44.673,30104.0
2021-06-25 14:43:44.679,37986.0
2021-06-25 14:43:44.683,37808.0
2021-06-25 14:43:44.688,36730.0
2021-06-25 14:43:44.693,37190.0
2021-06-25 14:43:44.698,37274.0
2021-06-25 14:43:44.703,38666.0
2021-06-25 14:43:44.708,36482.0
2021-06-25 14:43:44.713,37634.0
2021-06-25 14:43:44.718,37932.0
2021-06-25 14:43:44.723,37972.0
2021-06-25 14:43:44.728,35940.0
2021-06-25 14:43:44.733,36992.0
2021-06-25 14:43:44.738,36908.0
2021-06-25 14:43:44.743,37274.0
2021-06-25 14:43:44.748,37720.0
2021-06-25 14:43:44.753,31300.0
2021-06-25 14:43:44.758,31120.0
2021-06-25 14:43:44.764,30646.0
2021-06-25 14:43:44.768,31920.0
2021-06-25 14:43:44.773,29862.0
2021-06-25 14:43:44.778,34774.0
2021-06-25 14:43:44.783,32366.0
2021-06-25 14:43:44.788,31316.0
2021-06-25 14:43:44.793,32068.0
2021-06-25 14:43:44.798,30330.0
2021-06-25 14:43:44.803,32550.0
2021-06-25 14:43:44.808,29730.0
2021-06-25 14:43:44.813,30832.0
2021-06-25 14:43:44.818,38332.0
2021-06-25 14:43:44.823,37654.0
2021-06-25 14:43:44.828,37750.0
2021-06-25 14:43:44.833,36664.0
2021-06-25 14:43:44.838,37494.0
2021-06-25 14:43:44.843,33850.0
2021-06-25 14:43:44.849,38582.0
2021-06-25 14:43:44.853,34974.0
2021-06-25 14:43:44.858,37588.0
2021-06-25 14:43:44.863,35980.0
2021-06-25 14:43:44.868,37032.0
2021-06-25 14:43:44.873,36664.0
2021-06-25 14:43:44.878,38434.0
2021-06-25 14:43:44.883,38802.0
2021-06-25 14:43:44.888,34692.0
2021-06-25 14:43:44.893,32070.0
2021-06-25 14:43:44.898,31498.0
2021-06-25 14:43:44.903,32520.0
2021-06-25 14:43:44.908,32096.0
2021-06-25 14:43:44.913,31756.0
2021-06-25 14:43:44.918,31814.0
2021-06-25 14:43:44.923,31822.0
2021-06-25 14:43:44.928,31978.0
2021-06-25 14:43:44.933,30734.0
2021-06-25 14:43:44.938,30894.0
2021-06-25 14:43:44.943,32358.0
2021-06-25 14:43:44.948,32120.0
2021-06-25 14:43:44.953,37750.0
2021-06-25 14:43:44.958,37380.0
2021-06-25 14:43:44.963,37294.0
2021-06-25 14:43:44.968,37680.0
2021-06-25 14:43:44.973,37750.0
2021-06-25 14:43:44.978,36646.0
2021-06-25 14:43:44.983,37428.0
2021-06-25 14:43:44.988,36314.0
2021-06-25 14:43:44.993,37740.0
2021-06-25 14:43:44.998,36292.0
2021-06-25 14:43:45.003,36848.0
2021-06-25 14:43:45.008,36344.0
2021-06-25 14:43:45.013,35000.0
2021-06-25 14:43:45.018,37478.0
2021-06-25 14:43:45.023,36858.0
2021-06-25 14:43:45.028,35800.0
2021-06-25 14:43:45.033,31044.0
2021-06-25 14:43:45.038,31998.0
2021-06-25 14:43:45.043,32044.0
2021-06-25 14:43:45.048,29648.0
2021-06-25 14:43:45.053,30668.0
2021-06-25 14:43:45.058,33286.0
2021-06-25 14:43:45.063,31170.0
2021-06-25 14:43:45.068,31330.0
2021-06-25 14:43:45.073,29204.0
2021-06-25 14:43:45.078,31166.0
2021-06-25 14:43:45.083,30006.0
2021-06-25 14:43:45.088,29918.0
2021-06-25 14:43:45.093,31930.0
2021-06-25 14:43:45.098,37182.0
2021-06-25 14:43:45.103,37812.0
2021-06-25 14:43:45.108,37080.0
2021-06-25 14:43:45.113,33198.0
2021-06-25 14:43:45.118,36464.0
2021-06-25 14:43:45.123,37032.0
2021-06-25 14:43:45.128,36436.0
2021-06-25 14:43:45.133,37144.0
2021-06-25 14:43:45.138,38244.0
2021-06-25 14:43:45.143,38130.0
2021-06-25 14:43:45.148,36934.0
2021-06-25 14:43:45.153,36678.0
2021-06-25 14:43:45.158,36592.0
2021-06-25 14:43:45.163,35894.0
2021-06-25 14:43:45.168,36488.0
2021-06-25 14:43:45.173,36508.0
2021-06-25 14:43:45.178,30576.0
2021-06-25 14:43:45.183,31016.0
2021-06-25 14:43:45.188,31734.0
2021-06-25 14:43:45.193,33438.0
2021-06-25 14:43:45.198,30052.0
2021-06-25 14:43:45.203,31352.0
2021-06-25 14:43:45.208,30792.0
2021-06-25 14:43:45.213,32346.0
2021-06-25 14:43:45.218,29580.0
2021-06-25 14:43:45.223,31428.0
2021-06-25 14:43:45.228,29220.0
2021-06-25 14:43:45.233,31946.0
2021-06-25 14:43:45.238,30320.0
2021-06-25 14:43:45.243,38204.0
2021-06-25 14:43:45.248,38234.0
2021-06-25 14:43:45.253,36382.0
2021-06-25 14:43:45.258,35174.0
2021-06-25 14:43:45.263,33388.0
2021-06-25 14:43:45.268,36780.0
2021-06-25 14:43:45.273,37664.0
2021-06-25 14:43:45.278,37386.0
2021-06-25 14:43:45.283,35888.0
2021-06-25 14:43:45.288,36468.0
2021-06-25 14:43:45.293,36750.0
2021-06-25 14:43:45.298,38542.0
2021-06-25 14:43:45.303,37506.0
2021-06-25 14:43:45.308,34584.0
2021-06-25 14:43:45.313,34652.0
2021-06-25 14:43:45.319,36032.0
2021-06-25 14:43:45.323,30818.0
2021-06-25 14:43:45.328,30256.0
2021-06-25 14:43:45.333,34296.0
2021-06-25 14:43:45.338,32706.0
2021-06-25 14:43:45.343,31670.0
2021-06-25 14:43:45.348,34406.0
2021-06-25 14:43:45.353,32618.0
2021-06-25 14:43:45.358,30908.0
2021-06-25 14:43:45.363,33090.0
2021-06-25 14:43:45.368,31520.0
2021-06-25 14:43:45.373,31416.0
2021-06-25 14:43:45.378,33024.0
2021-06-25 14:43:45.383,30292.0
2021-06-25 14:43:45.388,35766.0
2021-06-25 14:43:45.393,39588.0
2021-06-25 14:43:45.398,38254.0
2021-06-25 14:43:45.404,39048.0
2021-06-25 14:43:45.408,36962.0
2021-06-25 14:43:45.413,36950.0
2021-06-25 14:43:45.418,37042.0
2021-06-25 14:43:45.423,36838.0
2021-06-25 14:43:45.428,36720.0
2021-06-25 14:43:45.433,36956.0
2021-06-25 14:43:45.438,36382.0
2021-06-25 14:43:45.443,38438.0
2021-06-25 14:43:45.448,37182.0
2021-06-25 14:43:45.453,38766.0
2021-06-25 14:43:45.458,37920.0
2021-06-25 14:43:45.463,34106.0
2021-06-25 14:43:45.468,31468.0
2021-06-25 14:43:45.473,32090.0
2021-06-25 14:43:45.478,32910.0
2021-06-25 14:43:45.483,30698.0
2021-06-25 14:43:45.489,31966.0
2021-06-25 14:43:45.493,31182.0
2021-06-25 14:43:45.498,31936.0
2021-06-25 14:43:45.503,32234.0
2021-06-25 14:43:45.508,34018.0
2021-06-25 14:43:45.513,32586.0
2021-06-25 14:43:45.518,32140.0
2021-06-25 14:43:45.523,33408.0
2021-06-25 14:43:45.528,35790.0
2021-06-25 14:43:45.533,37796.0
2021-06-25 14:43:45.538,36190.0
2021-06-25 14:43:45.543,37140.0
2021-06-25 14:43:45.548,36918.0
2021-06-25 14:43:45.553,38844.0
2021-06-25 14:43:45.558,38280.0
2021-06-25 14:43:45.563,37854.0
2021-06-25 14:43:45.568,35278.0
2021-06-25 14:43:45.573,36216.0
2021-06-25 14:43:45.578,37642.0
2021-06-25 14:43:45.583,37616.0
2021-06-25 14:43:45.588,38670.0
2021-06-25 14:43:45.593,37084.0
2021-06-25 14:43:45.598,38074.0
2021-06-25 14:43:45.603,35744.0
2021-06-25 14:43:45.608,30338.0
2021-06-25 14:43:45.613,32002.0
2021-06-25 14:43:45.618,30202.0
2021-06-25 14:43:45.623,34116.0
2021-06-25 14:43:45.628,31724.0
2021-06-25 14:43:45.633,35508.0
2021-06-25 14:43:45.638,29996.0
2021-06-25 14:43:45.643,32044.0
2021-06-25 14:43:45.648,30030.0
2021-06-25 14:43:45.653,33706.0
2021-06-25 14:43:45.658,30160.0
2021-06-25 14:43:45.663,31018.0
2021-06-25 14:43:45.668,31868.0
2021-06-25 14:43:45.673,36646.0
2021-06-25 14:43:45.678,35728.0
2021-06-25 14:43:45.683,35114.0
2021-06-25 14:43:45.688,36806.0
2021-06-25 14:43:45.693,36344.0
2021-06-25 14:43:45.698,37254.0
2021-06-25 14:43:45.703,37786.0
2021-06-25 14:43:45.708,35210.0
2021-06-25 14:43:45.713,38752.0
2021-06-25 14:43:45.718,36530.0
2021-06-25 14:43:45.723,38166.0
2021-06-25 14:43:45.728,37458.0
2021-06-25 14:43:45.733,36308.0
2021-06-25 14:43:45.738,36710.0
2021-06-25 14:43:45.743,38228.0
2021-06-25 14:43:45.748,31952.0
2021-06-25 14:43:45.753,30308.0
2021-06-25 14:43:45.758,31734.0
2021-06-25 14:43:45.763,29944.0
2021-06-25 14:43:45.768,35416.0
2021-06-25 14:43:45.773,28990.0
2021-06-25 14:43:45.778,32234.0
2021-06-25 14:43:45.783,29502.0
2021-06-25 14:43:45.788,29766.0
2021-06-25 14:43:45.793,33110.0
2021-06-25 14:43:45.798,29830.0
2021-06-25 14:43:45.803,30862.0
2021-06-25 14:43:45.808,35580.0
2021-06-25 14:43:45.813,37668.0
2021-06-25 14:43:45.818,38032.0
2021-06-25 14:43:45.823,38732.0
2021-06-25 14:43:45.828,36782.0
2021-06-25 14:43:45.833,37202.0
2021-06-25 14:43:45.838,38004.0
2021-06-25 14:43:45.843,37434.0
2021-06-25 14:43:45.848,36124.0
2021-06-25 14:43:45.853,39582.0
2021-06-25 14:43:45.858,36242.0
2021-06-25 14:43:45.863,33012.0
2021-06-25 14:43:45.868,34830.0
2021-06-25 14:43:45.873,37870.0
2021-06-25 14:43:45.878,38860.0
2021-06-25 14:43:45.883,36700.0
2021-06-25 14:43:45.888,38224.0
2021-06-25 14:43:45.893,39162.0
2021-06-25 14:43:45.898,32074.0
2021-06-25 14:43:45.903,31824.0
2021-06-25 14:43:45.908,32382.0
2021-06-25 14:43:45.913,32438.0
2021-06-25 14:43:45.918,33166.0
2021-06-25 14:43:45.923,34708.0
2021-06-25 14:43:45.928,31996.0
2021-06-25 14:43:45.933,29994.0
2021-06-25 14:43:45.938,32530.0
2021-06-25 14:43:45.943,33132.0
2021-06-25 14:43:45.948,31914.0
2021-06-25 14:43:45.953,31516.0
2021-06-25 14:43:45.959,35086.0
2021-06-25 14:43:45.963,35622.0
2021-06-25 14:43:45.968,34594.0
2021-06-25 14:43:45.973,36790.0
2021-06-25 14:43:45.978,36592.0
2021-06-25 14:43:45.983,36858.0
2021-06-25 14:43:45.988,36944.0
2021-06-25 14:43:45.993,36078.0
2021-06-25 14:43:45.998,35646.0
2021-06-25 14:43:46.003,36138.0
2021-06-25 14:43:46.008,35934.0
2021-06-25 14:43:46.013,33830.0
2021-06-25 14:43:46.018,34672.0
2021-06-25 14:43:46.023,37242.0
2021-06-25 14:43:46.028,36852.0
2021-06-25 14:43:46.033,37398.0
2021-06-25 14:43:46.038,38166.0
2021-06-25 14:43:46.044,37586.0
2021-06-25 14:43:46.048,30324.0
2021-06-25 14:43:46.053,30566.0
2021-06-25 14:43:46.058,33582.0
2021-06-25 14:43:46.063,31386.0
2021-06-25 14:43:46.068,29990.0
2021-06-25 14:43:46.073,30838.0
2021-06-25 14:43:46.078,29806.0
2021-06-25 14:43:46.083,31802.0
2021-06-25 14:43:46.088,31834.0
2021-06-25 14:43:46.093,29714.0
2021-06-25 14:43:46.098,33326.0
2021-06-25 14:43:46.103,33994.0
2021-06-25 14:43:46.108,34256.0
2021-06-25 14:43:46.113,33706.0
2021-06-25 14:43:46.118,34286.0
2021-06-25 14:43:46.123,36226.0
2021-06-25 14:43:46.129,37838.0
2021-06-25 14:43:46.133,37136.0
2021-06-25 14:43:46.138,38568.0
2021-06-25 14:43:46.143,36766.0
2021-06-25 14:43:46.148,36546.0
2021-06-25 14:43:46.153,37144.0
2021-06-25 14:43:46.158,33162.0
2021-06-25 14:43:46.163,36682.0
2021-06-25 14:43:46.168,37706.0
2021-06-25 14:43:46.173,37480.0
2021-06-25 14:43:46.178,34686.0
2021-06-25 14:43:46.183,35702.0
2021-06-25 14:43:46.188,31524.0
2021-06-25 14:43:46.193,31660.0
2021-06-25 14:43:46.198,34106.0
2021-06-25 14:43:46.203,30890.0
2021-06-25 14:43:46.208,30108.0
2021-06-25 14:43:46.213,30534.0
2021-06-25 14:43:46.218,31698.0
2021-06-25 14:43:46.223,29466.0
2021-06-25 14:43:46.228,31624.0
2021-06-25 14:43:46.233,30966.0
2021-06-25 14:43:46.238,30754.0
2021-06-25 14:43:46.243,30636.0
2021-06-25 14:43:46.248,32966.0
2021-06-25 14:43:46.253,35462.0
2021-06-25 14:43:46.258,36350.0
2021-06-25 14:43:46.263,35576.0
2021-06-25 14:43:46.268,36550.0
2021-06-25 14:43:46.273,37494.0
2021-06-25 14:43:46.278,35560.0
2021-06-25 14:43:46.283,36278.0
2021-06-25 14:43:46.288,35894.0
2021-06-25 14:43:46.293,36492.0
2021-06-25 14:43:46.298,38856.0
2021-06-25 14:43:46.303,37242.0
2021-06-25 14:43:46.308,38824.0
2021-06-25 14:43:46.313,36390.0
2021-06-25 14:43:46.318,35738.0
2021-06-25 14:43:46.323,36990.0
2021-06-25 14:43:46.328,36354.0
2021-06-25 14:43:46.333,31078.0
2021-06-25 14:43:46.338,33174.0
2021-06-25 14:43:46.343,31346.0
2021-06-25 14:43:46.348,34292.0
2021-06-25 14:43:46.361,30184.0
2021-06-25 14:43:46.362,31660.0
2021-06-25 14:43:46.364,30616.0
2021-06-25 14:43:46.368,32248.0
2021-06-25 14:43:46.373,29898.0
2021-06-25 14:43:46.378,30038.0
2021-06-25 14:43:46.383,31906.0
2021-06-25 14:43:46.388,31664.0
2021-06-25 14:43:46.393,36992.0
2021-06-25 14:43:46.398,38260.0
2021-06-25 14:43:46.403,36944.0
2021-06-25 14:43:46.408,38778.0
2021-06-25 14:43:46.413,36274.0
2021-06-25 14:43:46.418,36164.0
2021-06-25 14:43:46.423,34158.0
2021-06-25 14:43:46.428,35296.0
2021-06-25 14:43:46.433,37406.0
2021-06-25 14:43:46.438,38208.0
2021-06-25 14:43:46.443,38150.0
2021-06-25 14:43:46.448,38212.0
2021-06-25 14:43:46.453,35712.0
2021-06-25 14:43:46.458,37864.0
2021-06-25 14:43:46.463,37588.0
2021-06-25 14:43:46.468,33466.0
2021-06-25 14:43:46.473,29390.0
2021-06-25 14:43:46.478,30812.0
2021-06-25 14:43:46.483,31144.0
2021-06-25 14:43:46.488,30488.0
2021-06-25 14:43:46.493,35810.0
2021-06-25 14:43:46.498,33092.0
2021-06-25 14:43:46.503,32060.0
2021-06-25 14:43:46.508,31860.0
2021-06-25 14:43:46.513,33378.0
2021-06-25 14:43:46.518,32640.0
2021-06-25 14:43:46.523,29704.0
2021-06-25 14:43:46.528,31504.0
2021-06-25 14:43:46.533,35030.0
2021-06-25 14:43:46.538,37262.0
2021-06-25 14:43:46.543,37090.0
2021-06-25 14:43:46.548,38608.0
2021-06-25 14:43:46.553,38188.0
2021-06-25 14:43:46.558,39574.0
2021-06-25 14:43:46.563,37252.0
2021-06-25 14:43:46.568,37536.0
2021-06-25 14:43:46.573,38096.0
2021-06-25 14:43:46.578,34564.0
2021-06-25 14:43:46.583,36228.0
2021-06-25 14:43:46.588,37926.0
2021-06-25 14:43:46.593,38526.0
2021-06-25 14:43:46.599,37988.0
2021-06-25 14:43:46.603,35606.0
2021-06-25 14:43:46.608,36694.0
2021-06-25 14:43:46.613,30918.0
2021-06-25 14:43:46.618,30294.0
2021-06-25 14:43:46.623,30560.0
2021-06-25 14:43:46.628,32510.0
2021-06-25 14:43:46.633,29560.0
2021-06-25 14:43:46.638,32018.0
2021-06-25 14:43:46.643,36078.0
2021-06-25 14:43:46.648,30042.0
2021-06-25 14:43:46.653,31962.0
2021-06-25 14:43:46.658,32720.0
2021-06-25 14:43:46.663,30410.0
2021-06-25 14:43:46.668,29532.0
2021-06-25 14:43:46.673,29884.0
2021-06-25 14:43:46.678,36494.0
2021-06-25 14:43:46.684,36904.0
2021-06-25 14:43:46.688,36724.0
2021-06-25 14:43:46.693,37634.0
2021-06-25 14:43:46.698,36884.0
2021-06-25 14:43:46.703,37268.0
2021-06-25 14:43:46.708,37982.0
2021-06-25 14:43:46.713,35606.0
2021-06-25 14:43:46.718,35296.0
2021-06-25 14:43:46.723,36818.0
2021-06-25 14:43:46.728,37802.0
2021-06-25 14:43:46.733,35754.0
2021-06-25 14:43:46.738,37018.0
2021-06-25 14:43:46.743,36708.0
2021-06-25 14:43:46.748,37190.0
2021-06-25 14:43:46.753,35068.0
2021-06-25 14:43:46.758,33166.0
2021-06-25 14:43:46.763,32454.0
2021-06-25 14:43:46.769,32520.0
2021-06-25 14:43:46.773,28896.0
2021-06-25 14:43:46.778,34968.0
2021-06-25 14:43:46.783,31226.0
2021-06-25 14:43:46.788,30766.0
2021-06-25 14:43:46.793,32268.0
2021-06-25 14:43:46.798,29308.0
2021-06-25 14:43:46.803,31218.0
2021-06-25 14:43:46.808,31008.0
2021-06-25 14:43:46.813,30216.0
2021-06-25 14:43:46.818,34578.0
2021-06-25 14:43:46.823,36546.0
2021-06-25 14:43:46.828,36468.0
2021-06-25 14:43:46.833,37694.0
2021-06-25 14:43:46.838,36418.0
2021-06-25 14:43:46.843,36920.0
2021-06-25 14:43:46.848,35806.0
2021-06-25 14:43:46.853,34070.0
2021-06-25 14:43:46.858,36010.0
2021-06-25 14:43:46.863,37762.0
2021-06-25 14:43:46.868,36494.0
2021-06-25 14:43:46.873,36210.0
2021-06-25 14:43:46.878,35970.0
2021-06-25 14:43:46.883,36836.0
2021-06-25 14:43:46.888,34624.0
2021-06-25 14:43:46.893,37114.0
2021-06-25 14:43:46.898,30084.0
2021-06-25 14:43:46.903,31888.0
2021-06-25 14:43:46.908,33066.0
2021-06-25 14:43:46.913,32458.0
2021-06-25 14:43:46.918,31664.0
2021-06-25 14:43:46.923,34738.0
2021-06-25 14:43:46.928,29754.0
2021-06-25 14:43:46.933,30812.0
2021-06-25 14:43:46.938,31196.0
2021-06-25 14:43:46.943,31566.0
2021-06-25 14:43:46.948,30848.0
2021-06-25 14:43:46.953,30308.0
2021-06-25 14:43:46.958,31822.0
2021-06-25 14:43:46.963,38304.0
2021-06-25 14:43:46.968,36410.0
2021-06-25 14:43:46.973,36288.0
2021-06-25 14:43:46.978,37540.0
2021-06-25 14:43:46.983,35846.0
2021-06-25 14:43:46.988,35354.0
2021-06-25 14:43:46.993,36560.0
2021-06-25 14:43:46.998,36908.0
2021-06-25 14:43:47.003,32746.0
2021-06-25 14:43:47.008,36642.0
2021-06-25 14:43:47.013,36764.0
2021-06-25 14:43:47.018,37360.0
2021-06-25 14:43:47.023,35934.0
2021-06-25 14:43:47.028,35866.0
2021-06-25 14:43:47.033,34852.0
2021-06-25 14:43:47.038,35992.0
2021-06-25 14:43:47.043,31956.0
2021-06-25 14:43:47.048,30416.0
2021-06-25 14:43:47.053,30384.0
2021-06-25 14:43:47.058,29594.0
2021-06-25 14:43:47.063,32054.0
2021-06-25 14:43:47.068,31828.0
2021-06-25 14:43:47.073,32932.0
2021-06-25 14:43:47.078,31090.0
2021-06-25 14:43:47.083,31042.0
2021-06-25 14:43:47.088,29348.0
2021-06-25 14:43:47.093,32096.0
2021-06-25 14:43:47.098,29958.0
2021-06-25 14:43:47.103,34244.0
2021-06-25 14:43:47.108,36724.0
2021-06-25 14:43:47.113,35186.0
2021-06-25 14:43:47.118,31412.0
2021-06-25 14:43:47.123,33798.0
2021-06-25 14:43:47.128,37104.0
2021-06-25 14:43:47.133,37130.0
2021-06-25 14:43:47.138,35144.0
2021-06-25 14:43:47.143,37018.0
2021-06-25 14:43:47.148,38542.0
2021-06-25 14:43:47.153,38382.0
2021-06-25 14:43:47.158,37314.0
2021-06-25 14:43:47.163,37968.0
2021-06-25 14:43:47.168,37290.0
2021-06-25 14:43:47.173,35684.0
2021-06-25 14:43:47.178,37858.0
2021-06-25 14:43:47.183,36048.0
2021-06-25 14:43:47.188,31110.0
2021-06-25 14:43:47.193,31680.0
2021-06-25 14:43:47.198,30816.0
2021-06-25 14:43:47.203,32676.0
2021-06-25 14:43:47.208,30904.0
2021-06-25 14:43:47.213,34004.0
2021-06-25 14:43:47.218,31664.0
2021-06-25 14:43:47.223,31144.0
2021-06-25 14:43:47.228,29560.0
2021-06-25 14:43:47.233,31002.0
2021-06-25 14:43:47.239,32264.0
2021-06-25 14:43:47.243,29852.0
2021-06-25 14:43:47.248,31868.0
2021-06-25 14:43:47.253,39148.0
2021-06-25 14:43:47.258,38270.0
2021-06-25 14:43:47.263,36528.0
2021-06-25 14:43:47.268,37372.0
2021-06-25 14:43:47.273,35370.0
2021-06-25 14:43:47.278,36628.0
2021-06-25 14:43:47.283,36674.0
2021-06-25 14:43:47.288,36792.0
2021-06-25 14:43:47.293,38408.0
2021-06-25 14:43:47.298,38696.0
2021-06-25 14:43:47.303,37996.0
2021-06-25 14:43:47.308,38860.0
2021-06-25 14:43:47.313,36510.0
2021-06-25 14:43:47.318,33952.0
2021-06-25 14:43:47.324,35426.0
2021-06-25 14:43:47.328,37462.0
2021-06-25 14:43:47.333,32486.0
2021-06-25 14:43:47.338,30822.0
2021-06-25 14:43:47.343,32412.0
2021-06-25 14:43:47.348,33182.0
2021-06-25 14:43:47.353,36380.0
2021-06-25 14:43:47.358,32650.0
2021-06-25 14:43:47.363,30302.0
2021-06-25 14:43:47.368,32064.0
2021-06-25 14:43:47.373,31950.0
2021-06-25 14:43:47.378,29692.0
2021-06-25 14:43:47.383,29882.0
2021-06-25 14:43:47.388,31870.0
2021-06-25 14:43:47.393,38804.0
2021-06-25 14:43:47.398,36816.0
2021-06-25 14:43:47.403,36500.0
2021-06-25 14:43:47.409,37196.0
2021-06-25 14:43:47.413,38132.0
2021-06-25 14:43:47.418,37668.0
2021-06-25 14:43:47.423,36180.0
2021-06-25 14:43:47.428,35544.0
2021-06-25 14:43:47.433,36396.0
2021-06-25 14:43:47.438,37406.0
2021-06-25 14:43:47.443,38422.0
2021-06-25 14:43:47.448,38428.0
2021-06-25 14:43:47.453,37946.0
2021-06-25 14:43:47.458,36674.0
2021-06-25 14:43:47.463,37520.0
2021-06-25 14:43:47.468,30808.0
2021-06-25 14:43:47.473,29560.0
2021-06-25 14:43:47.478,30900.0
2021-06-25 14:43:47.483,31176.0
2021-06-25 14:43:47.488,30622.0
2021-06-25 14:43:47.493,31226.0
2021-06-25 14:43:47.498,32188.0
2021-06-25 14:43:47.503,32182.0
2021-06-25 14:43:47.508,30386.0
2021-06-25 14:43:47.513,32598.0
2021-06-25 14:43:47.518,32388.0
2021-06-25 14:43:47.523,29250.0
2021-06-25 14:43:47.528,32120.0
2021-06-25 14:43:47.533,34036.0
2021-06-25 14:43:47.538,37306.0
2021-06-25 14:43:47.543,37314.0
2021-06-25 14:43:47.548,37874.0
2021-06-25 14:43:47.553,37740.0
2021-06-25 14:43:47.558,36530.0
2021-06-25 14:43:47.563,38726.0
2021-06-25 14:43:47.568,37162.0
2021-06-25 14:43:47.573,35534.0
2021-06-25 14:43:47.578,37612.0
2021-06-25 14:43:47.583,35800.0
2021-06-25 14:43:47.588,37850.0
2021-06-25 14:43:47.593,36292.0
2021-06-25 14:43:47.598,36164.0
2021-06-25 14:43:47.603,35430.0
2021-06-25 14:43:47.608,35704.0
2021-06-25 14:43:47.613,32146.0
2021-06-25 14:43:47.618,29158.0
2021-06-25 14:43:47.623,31478.0
2021-06-25 14:43:47.628,33286.0
2021-06-25 14:43:47.633,31350.0
2021-06-25 14:43:47.638,29394.0
2021-06-25 14:43:47.643,35384.0
2021-06-25 14:43:47.648,30068.0
2021-06-25 14:43:47.653,31592.0
2021-06-25 14:43:47.658,31670.0
2021-06-25 14:43:47.663,32546.0
2021-06-25 14:43:47.668,31468.0
2021-06-25 14:43:47.673,31726.0
2021-06-25 14:43:47.678,35370.0
2021-06-25 14:43:47.683,31452.0
2021-06-25 14:43:47.688,31674.0
2021-06-25 14:43:47.693,32448.0
2021-06-25 14:43:47.698,32946.0
2021-06-25 14:43:47.703,33526.0
2021-06-25 14:43:47.708,33178.0
2021-06-25 14:43:47.713,35478.0
2021-06-25 14:43:47.718,34528.0
2021-06-25 14:43:47.723,34616.0
2021-06-25 14:43:47.728,35482.0
2021-06-25 14:43:47.733,35838.0
2021-06-25 14:43:47.738,35072.0
2021-06-25 14:43:47.743,38120.0
2021-06-25 14:43:47.748,37838.0
2021-06-25 14:43:47.753,36452.0
2021-06-25 14:43:47.758,38070.0
2021-06-25 14:43:47.763,35376.0
2021-06-25 14:43:47.768,33562.0
2021-06-25 14:43:47.773,35406.0
2021-06-25 14:43:47.778,32404.0
2021-06-25 14:43:47.783,36246.0
2021-06-25 14:43:47.788,32952.0
2021-06-25 14:43:47.793,31680.0
2021-06-25 14:43:47.798,32346.0
2021-06-25 14:43:47.803,31248.0
2021-06-25 14:43:47.808,31028.0
2021-06-25 14:43:47.813,33276.0
2021-06-25 14:43:47.818,31052.0
2021-06-25 14:43:47.823,38250.0
2021-06-25 14:43:47.828,37012.0
2021-06-25 14:43:47.833,35140.0
2021-06-25 14:43:47.838,38386.0
2021-06-25 14:43:47.843,38684.0
2021-06-25 14:43:47.848,37838.0
2021-06-25 14:43:47.853,38290.0
2021-06-25 14:43:47.858,37336.0
2021-06-25 14:43:47.863,38212.0
2021-06-25 14:43:47.868,35512.0
2021-06-25 14:43:47.873,34482.0
2021-06-25 14:43:47.879,36618.0
2021-06-25 14:43:47.883,35984.0
2021-06-25 14:43:47.888,35812.0
2021-06-25 14:43:47.893,37330.0
2021-06-25 14:43:47.898,38480.0
2021-06-25 14:43:47.903,31864.0
2021-06-25 14:43:47.908,33184.0
2021-06-25 14:43:47.913,34236.0
2021-06-25 14:43:47.918,32604.0
2021-06-25 14:43:47.923,34152.0
2021-06-25 14:43:47.928,36862.0
2021-06-25 14:43:47.933,31910.0
2021-06-25 14:43:47.938,33568.0
2021-06-25 14:43:47.943,33372.0
2021-06-25 14:43:47.948,31612.0
2021-06-25 14:43:47.953,34518.0
2021-06-25 14:43:47.958,32132.0
2021-06-25 14:43:47.964,39374.0
2021-06-25 14:43:47.968,38938.0
2021-06-25 14:43:47.973,39184.0
2021-06-25 14:43:47.978,39450.0
2021-06-25 14:43:47.983,38090.0
2021-06-25 14:43:47.988,38638.0
2021-06-25 14:43:47.993,39296.0
2021-06-25 14:43:47.998,38212.0
2021-06-25 14:43:48.003,39174.0
2021-06-25 14:43:48.008,39460.0
2021-06-25 14:43:48.013,38152.0
2021-06-25 14:43:48.018,35168.0
2021-06-25 14:43:48.023,38722.0
2021-06-25 14:43:48.028,35702.0
2021-06-25 14:43:48.033,35884.0
2021-06-25 14:43:48.038,36642.0
2021-06-25 14:43:48.043,35964.0
2021-06-25 14:43:48.049,32484.0
2021-06-25 14:43:48.053,30882.0
2021-06-25 14:43:48.058,32664.0
2021-06-25 14:43:48.063,33270.0
2021-06-25 14:43:48.068,31544.0
2021-06-25 14:43:48.073,29730.0
2021-06-25 14:43:48.078,30186.0
2021-06-25 14:43:48.083,30564.0
2021-06-25 14:43:48.088,30600.0
2021-06-25 14:43:48.093,30888.0
2021-06-25 14:43:48.098,31366.0
2021-06-25 14:43:48.103,32218.0
2021-06-25 14:43:48.108,33738.0
2021-06-25 14:43:48.113,38018.0
2021-06-25 14:43:48.118,38176.0
2021-06-25 14:43:48.123,32176.0
2021-06-25 14:43:48.128,33764.0
2021-06-25 14:43:48.133,37376.0
2021-06-25 14:43:48.138,37324.0
2021-06-25 14:43:48.143,36956.0
2021-06-25 14:43:48.148,35766.0
2021-06-25 14:43:48.153,38394.0
2021-06-25 14:43:48.158,35684.0
2021-06-25 14:43:48.163,37382.0
2021-06-25 14:43:48.168,35626.0
2021-06-25 14:43:48.173,37270.0
2021-06-25 14:43:48.178,36622.0
2021-06-25 14:43:48.183,35970.0
2021-06-25 14:43:48.188,29452.0
2021-06-25 14:43:48.193,30360.0
2021-06-25 14:43:48.198,32090.0
2021-06-25 14:43:48.203,32932.0
2021-06-25 14:43:48.208,31264.0
2021-06-25 14:43:48.213,34152.0
2021-06-25 14:43:48.218,30956.0
2021-06-25 14:43:48.223,30406.0
2021-06-25 14:43:48.228,30698.0
2021-06-25 14:43:48.233,30832.0
2021-06-25 14:43:48.238,30236.0
2021-06-25 14:43:48.243,29852.0
2021-06-25 14:43:48.248,31172.0
2021-06-25 14:43:48.253,38018.0
2021-06-25 14:43:48.258,38048.0
2021-06-25 14:43:48.263,36946.0
2021-06-25 14:43:48.268,36066.0
2021-06-25 14:43:48.273,32258.0
2021-06-25 14:43:48.278,35620.0
2021-06-25 14:43:48.283,37478.0
2021-06-25 14:43:48.288,36304.0
2021-06-25 14:43:48.293,35518.0
2021-06-25 14:43:48.298,37724.0
2021-06-25 14:43:48.303,37336.0
2021-06-25 14:43:48.308,37828.0
2021-06-25 14:43:48.313,36530.0
2021-06-25 14:43:48.318,35774.0
2021-06-25 14:43:48.323,30392.0
2021-06-25 14:43:48.328,30772.0
2021-06-25 14:43:48.333,31498.0
2021-06-25 14:43:48.338,30882.0
2021-06-25 14:43:48.343,31234.0
2021-06-25 14:43:48.348,31848.0
2021-06-25 14:43:48.353,35884.0
2021-06-25 14:43:48.358,31262.0
2021-06-25 14:43:48.363,32936.0
2021-06-25 14:43:48.368,32304.0
2021-06-25 14:43:48.373,31706.0
2021-06-25 14:43:48.378,33168.0
2021-06-25 14:43:48.383,31144.0
2021-06-25 14:43:48.388,37940.0
2021-06-25 14:43:48.393,37156.0
2021-06-25 14:43:48.398,36016.0
2021-06-25 14:43:48.403,38268.0
2021-06-25 14:43:48.408,38110.0
2021-06-25 14:43:48.413,35812.0
2021-06-25 14:43:48.418,37288.0
2021-06-25 14:43:48.423,37578.0
2021-06-25 14:43:48.428,36474.0
2021-06-25 14:43:48.433,35210.0
2021-06-25 14:43:48.438,35846.0
2021-06-25 14:43:48.443,36094.0
2021-06-25 14:43:48.448,38142.0
2021-06-25 14:43:48.453,36740.0
2021-06-25 14:43:48.458,38512.0
2021-06-25 14:43:48.463,37190.0
2021-06-25 14:43:48.468,31438.0
2021-06-25 14:43:48.473,29938.0
2021-06-25 14:43:48.478,33562.0
2021-06-25 14:43:48.483,31268.0
2021-06-25 14:43:48.488,30484.0
2021-06-25 14:43:48.493,31244.0
2021-06-25 14:43:48.498,32434.0
2021-06-25 14:43:48.503,29868.0
2021-06-25 14:43:48.508,27008.0
2021-06-25 14:43:48.513,26694.0
2021-06-25 14:43:48.519,26614.0
2021-06-25 14:43:48.523,27418.0
2021-06-25 14:43:48.528,29458.0
2021-06-25 14:43:48.533,32828.0
2021-06-25 14:43:48.538,31326.0
2021-06-25 14:43:48.543,32830.0
2021-06-25 14:43:48.548,33482.0
2021-06-25 14:43:48.553,34116.0
2021-06-25 14:43:48.558,34978.0
2021-06-25 14:43:48.563,35616.0
2021-06-25 14:43:48.568,35684.0
2021-06-25 14:43:48.573,35272.0
2021-06-25 14:43:48.578,34286.0
2021-06-25 14:43:48.583,34364.0
2021-06-25 14:43:48.588,34672.0
2021-06-25 14:43:48.593,35056.0
2021-06-25 14:43:48.598,35630.0
2021-06-25 14:43:48.604,37540.0
2021-06-25 14:43:48.608,29458.0
2021-06-25 14:43:48.613,30248.0
2021-06-25 14:43:48.618,33936.0
2021-06-25 14:43:48.623,30248.0
2021-06-25 14:43:48.628,33728.0
2021-06-25 14:43:48.633,32114.0
2021-06-25 14:43:48.638,29032.0
2021-06-25 14:43:48.643,29820.0
2021-06-25 14:43:48.648,31336.0
2021-06-25 14:43:48.653,30002.0
2021-06-25 14:43:48.658,32848.0
2021-06-25 14:43:48.663,31494.0
2021-06-25 14:43:48.668,31386.0
2021-06-25 14:43:48.673,35468.0
2021-06-25 14:43:48.678,36546.0
2021-06-25 14:43:48.683,36236.0
2021-06-25 14:43:48.689,35626.0
2021-06-25 14:43:48.693,35884.0
2021-06-25 14:43:48.698,35544.0
2021-06-25 14:43:48.703,35186.0
2021-06-25 14:43:48.708,36356.0
2021-06-25 14:43:48.713,36736.0
2021-06-25 14:43:48.718,36366.0
2021-06-25 14:43:48.723,35576.0
2021-06-25 14:43:48.728,36036.0
2021-06-25 14:43:48.733,36708.0
2021-06-25 14:43:48.738,35220.0
2021-06-25 14:43:48.743,35766.0
2021-06-25 14:43:48.748,36406.0
2021-06-25 14:43:48.753,31684.0
2021-06-25 14:43:48.758,30220.0
2021-06-25 14:43:48.763,32480.0
2021-06-25 14:43:48.768,33736.0
2021-06-25 14:43:48.773,29118.0
2021-06-25 14:43:48.778,32706.0
2021-06-25 14:43:48.783,28384.0
2021-06-25 14:43:48.788,30278.0
2021-06-25 14:43:48.793,28436.0
2021-06-25 14:43:48.798,30646.0
2021-06-25 14:43:48.803,28856.0
2021-06-25 14:43:48.808,31238.0
2021-06-25 14:43:48.813,32368.0
2021-06-25 14:43:48.818,35288.0
2021-06-25 14:43:48.823,36268.0
2021-06-25 14:43:48.828,34070.0
2021-06-25 14:43:48.833,33598.0
2021-06-25 14:43:48.838,35296.0
2021-06-25 14:43:48.843,35128.0
2021-06-25 14:43:48.848,35672.0
2021-06-25 14:43:48.853,36030.0
2021-06-25 14:43:48.858,35676.0
2021-06-25 14:43:48.863,35786.0
2021-06-25 14:43:48.868,34996.0
2021-06-25 14:43:48.873,37072.0
2021-06-25 14:43:48.878,34014.0
2021-06-25 14:43:48.883,36710.0
2021-06-25 14:43:48.888,34878.0
2021-06-25 14:43:48.893,35586.0
2021-06-25 14:43:48.898,30402.0
2021-06-25 14:43:48.903,30954.0
2021-06-25 14:43:48.908,30518.0
2021-06-25 14:43:48.921,35046.0
2021-06-25 14:43:48.922,29694.0
2021-06-25 14:43:48.924,34440.0
2021-06-25 14:43:48.928,28742.0
2021-06-25 14:43:48.933,31670.0
2021-06-25 14:43:48.938,31108.0
2021-06-25 14:43:48.943,30626.0
2021-06-25 14:43:48.948,30164.0
2021-06-25 14:43:48.953,31660.0
2021-06-25 14:43:48.958,31992.0
2021-06-25 14:43:48.963,37280.0
2021-06-25 14:43:48.968,38004.0
2021-06-25 14:43:48.973,39224.0
2021-06-25 14:43:48.978,36600.0
2021-06-25 14:43:48.983,37920.0
2021-06-25 14:43:48.988,37058.0
2021-06-25 14:43:48.993,36146.0
2021-06-25 14:43:48.998,36390.0
2021-06-25 14:43:49.003,36864.0
2021-06-25 14:43:49.008,38402.0
2021-06-25 14:43:49.013,36816.0
2021-06-25 14:43:49.018,37438.0
2021-06-25 14:43:49.023,36894.0
2021-06-25 14:43:49.028,37072.0
2021-06-25 14:43:49.033,35066.0
2021-06-25 14:43:49.038,37642.0
2021-06-25 14:43:49.043,31470.0
2021-06-25 14:43:49.048,30508.0
2021-06-25 14:43:49.053,33748.0
2021-06-25 14:43:49.058,31670.0
2021-06-25 14:43:49.063,31130.0
2021-06-25 14:43:49.068,32802.0
2021-06-25 14:43:49.073,32368.0
2021-06-25 14:43:49.078,31022.0
2021-06-25 14:43:49.083,31552.0
2021-06-25 14:43:49.088,29186.0
2021-06-25 14:43:49.093,30842.0
2021-06-25 14:43:49.098,31398.0
2021-06-25 14:43:49.103,35590.0
2021-06-25 14:43:49.108,35964.0
2021-06-25 14:43:49.113,32706.0
2021-06-25 14:43:49.118,34922.0
2021-06-25 14:43:49.123,31710.0
2021-06-25 14:43:49.128,32966.0
2021-06-25 14:43:49.133,33440.0
2021-06-25 14:43:49.138,35740.0
2021-06-25 14:43:49.143,35564.0
2021-06-25 14:43:49.148,37906.0
2021-06-25 14:43:49.153,36052.0
2021-06-25 14:43:49.159,37042.0
2021-06-25 14:43:49.163,34450.0
2021-06-25 14:43:49.168,37018.0
2021-06-25 14:43:49.173,35866.0
2021-06-25 14:43:49.178,36150.0
2021-06-25 14:43:49.183,35420.0
2021-06-25 14:43:49.188,34626.0
2021-06-25 14:43:49.193,31094.0
2021-06-25 14:43:49.198,29240.0
2021-06-25 14:43:49.203,32720.0
2021-06-25 14:43:49.208,29560.0
2021-06-25 14:43:49.213,34538.0
2021-06-25 14:43:49.218,30734.0
2021-06-25 14:43:49.223,31858.0
2021-06-25 14:43:49.228,30596.0
2021-06-25 14:43:49.233,29400.0
2021-06-25 14:43:49.238,29350.0
2021-06-25 14:43:49.244,29748.0
2021-06-25 14:43:49.248,29260.0
2021-06-25 14:43:49.253,36544.0
2021-06-25 14:43:49.258,37434.0
2021-06-25 14:43:49.263,36864.0
2021-06-25 14:43:49.268,37254.0
2021-06-25 14:43:49.273,33480.0
2021-06-25 14:43:49.278,31146.0
2021-06-25 14:43:49.283,33654.0
2021-06-25 14:43:49.288,36202.0
2021-06-25 14:43:49.293,36012.0
2021-06-25 14:43:49.298,36980.0
2021-06-25 14:43:49.303,35226.0
2021-06-25 14:43:49.308,35780.0
2021-06-25 14:43:49.313,35216.0
2021-06-25 14:43:49.318,35604.0
2021-06-25 14:43:49.323,33916.0
2021-06-25 14:43:49.329,29770.0
2021-06-25 14:43:49.333,31288.0
2021-06-25 14:43:49.338,30564.0
2021-06-25 14:43:49.343,31602.0
2021-06-25 14:43:49.348,30048.0
2021-06-25 14:43:49.353,30564.0
2021-06-25 14:43:49.358,30826.0
2021-06-25 14:43:49.363,30672.0
2021-06-25 14:43:49.368,31396.0
2021-06-25 14:43:49.373,31426.0
2021-06-25 14:43:49.378,30616.0
2021-06-25 14:43:49.383,28816.0
2021-06-25 14:43:49.388,30940.0
2021-06-25 14:43:49.393,36986.0
2021-06-25 14:43:49.398,36754.0
2021-06-25 14:43:49.403,37278.0
2021-06-25 14:43:49.408,37284.0
2021-06-25 14:43:49.413,36910.0
2021-06-25 14:43:49.418,35882.0
2021-06-25 14:43:49.423,33202.0
2021-06-25 14:43:49.428,36806.0
2021-06-25 14:43:49.433,35442.0
2021-06-25 14:43:49.438,33364.0
2021-06-25 14:43:49.443,35432.0
2021-06-25 14:43:49.448,35432.0
2021-06-25 14:43:49.453,36484.0
2021-06-25 14:43:49.458,36492.0
2021-06-25 14:43:49.463,36756.0
2021-06-25 14:43:49.468,34096.0
2021-06-25 14:43:49.473,30120.0
2021-06-25 14:43:49.478,29584.0
2021-06-25 14:43:49.483,32178.0
2021-06-25 14:43:49.488,28400.0
2021-06-25 14:43:49.493,32854.0
2021-06-25 14:43:49.498,31048.0
2021-06-25 14:43:49.503,31272.0
2021-06-25 14:43:49.508,30062.0
2021-06-25 14:43:49.513,33162.0
2021-06-25 14:43:49.518,29652.0
2021-06-25 14:43:49.523,31288.0
2021-06-25 14:43:49.528,30852.0
2021-06-25 14:43:49.533,35534.0
2021-06-25 14:43:49.538,36492.0
2021-06-25 14:43:49.543,36310.0
2021-06-25 14:43:49.548,35000.0
2021-06-25 14:43:49.553,36484.0
2021-06-25 14:43:49.558,37654.0
2021-06-25 14:43:49.563,37998.0
2021-06-25 14:43:49.568,36288.0
2021-06-25 14:43:49.573,34102.0
2021-06-25 14:43:49.578,32232.0
2021-06-25 14:43:49.583,35770.0
2021-06-25 14:43:49.588,36682.0
2021-06-25 14:43:49.593,34978.0
2021-06-25 14:43:49.598,35954.0
2021-06-25 14:43:49.603,37720.0
2021-06-25 14:43:49.608,36616.0
2021-06-25 14:43:49.613,37808.0
2021-06-25 14:43:49.618,31130.0
2021-06-25 14:43:49.623,30842.0
2021-06-25 14:43:49.628,31018.0
2021-06-25 14:43:49.633,31936.0
2021-06-25 14:43:49.638,30590.0
2021-06-25 14:43:49.643,34738.0
2021-06-25 14:43:49.648,32356.0
2021-06-25 14:43:49.653,29606.0
2021-06-25 14:43:49.658,32428.0
2021-06-25 14:43:49.663,33392.0
2021-06-25 14:43:49.668,30030.0
2021-06-25 14:43:49.673,31434.0
2021-06-25 14:43:49.678,31742.0
2021-06-25 14:43:49.683,36396.0
2021-06-25 14:43:49.688,37192.0
2021-06-25 14:43:49.693,37546.0
2021-06-25 14:43:49.698,35800.0
2021-06-25 14:43:49.703,35186.0
2021-06-25 14:43:49.708,36790.0
2021-06-25 14:43:49.713,37516.0
2021-06-25 14:43:49.718,36022.0
2021-06-25 14:43:49.723,39100.0
2021-06-25 14:43:49.728,38592.0
2021-06-25 14:43:49.733,36472.0
2021-06-25 14:43:49.738,37834.0
2021-06-25 14:43:49.743,37566.0
2021-06-25 14:43:49.748,37524.0
2021-06-25 14:43:49.753,39496.0
2021-06-25 14:43:49.758,30940.0
2021-06-25 14:43:49.763,31320.0
2021-06-25 14:43:49.768,31688.0
2021-06-25 14:43:49.773,34118.0
2021-06-25 14:43:49.778,30206.0
2021-06-25 14:43:49.783,36324.0
2021-06-25 14:43:49.788,32212.0
2021-06-25 14:43:49.793,32110.0
2021-06-25 14:43:49.799,29776.0
2021-06-25 14:43:49.803,30596.0
2021-06-25 14:43:49.808,32500.0
2021-06-25 14:43:49.813,30736.0
2021-06-25 14:43:49.818,31606.0
2021-06-25 14:43:49.823,32686.0
2021-06-25 14:43:49.828,37126.0
2021-06-25 14:43:49.833,36248.0
2021-06-25 14:43:49.838,36370.0
2021-06-25 14:43:49.843,36736.0
2021-06-25 14:43:49.848,36294.0
2021-06-25 14:43:49.853,36950.0
2021-06-25 14:43:49.858,36256.0
2021-06-25 14:43:49.863,37380.0
2021-06-25 14:43:49.868,36508.0
2021-06-25 14:43:49.873,37258.0
2021-06-25 14:43:49.878,35420.0
2021-06-25 14:43:49.884,36052.0
2021-06-25 14:43:49.888,37524.0
2021-06-25 14:43:49.893,36966.0
2021-06-25 14:43:49.898,35960.0
2021-06-25 14:43:49.903,36874.0
2021-06-25 14:43:49.908,37386.0
2021-06-25 14:43:49.913,30874.0
2021-06-25 14:43:49.918,30232.0
2021-06-25 14:43:49.923,32160.0
2021-06-25 14:43:49.928,31848.0
2021-06-25 14:43:49.933,29750.0
2021-06-25 14:43:49.938,34716.0
2021-06-25 14:43:49.943,32386.0
2021-06-25 14:43:49.948,32078.0
2021-06-25 14:43:49.953,29250.0
2021-06-25 14:43:49.958,31326.0
2021-06-25 14:43:49.963,29564.0
2021-06-25 14:43:49.969,29276.0
2021-06-25 14:43:49.973,35358.0
2021-06-25 14:43:49.978,36374.0
2021-06-25 14:43:49.983,34908.0
2021-06-25 14:43:49.988,35912.0
2021-06-25 14:43:49.993,35822.0
2021-06-25 14:43:49.998,35050.0
2021-06-25 14:43:50.003,36626.0
2021-06-25 14:43:50.008,36274.0
2021-06-25 14:43:50.013,37346.0
2021-06-25 14:43:50.018,38050.0
2021-06-25 14:43:50.023,35702.0
2021-06-25 14:43:50.028,36494.0
2021-06-25 14:43:50.033,36724.0
2021-06-25 14:43:50.038,34748.0
2021-06-25 14:43:50.043,36356.0
2021-06-25 14:43:50.048,35492.0
2021-06-25 14:43:50.053,34872.0
2021-06-25 14:43:50.058,30776.0
2021-06-25 14:43:50.063,31588.0
2021-06-25 14:43:50.068,32812.0
2021-06-25 14:43:50.073,29914.0
2021-06-25 14:43:50.078,31298.0
2021-06-25 14:43:50.083,32018.0
2021-06-25 14:43:50.088,32746.0
2021-06-25 14:43:50.093,30776.0
2021-06-25 14:43:50.098,28994.0
2021-06-25 14:43:50.103,29190.0
2021-06-25 14:43:50.108,31100.0
2021-06-25 14:43:50.113,28604.0
2021-06-25 14:43:50.118,35676.0
2021-06-25 14:43:50.123,36406.0
2021-06-25 14:43:50.128,36094.0
2021-06-25 14:43:50.133,36446.0
2021-06-25 14:43:50.138,34578.0
2021-06-25 14:43:50.143,36724.0
2021-06-25 14:43:50.148,35928.0
2021-06-25 14:43:50.153,36566.0
2021-06-25 14:43:50.158,36498.0
2021-06-25 14:43:50.163,37612.0
2021-06-25 14:43:50.168,34968.0
2021-06-25 14:43:50.173,37094.0
2021-06-25 14:43:50.178,37290.0
2021-06-25 14:43:50.183,35240.0
2021-06-25 14:43:50.188,34092.0
2021-06-25 14:43:50.193,35252.0
2021-06-25 14:43:50.198,27296.0
2021-06-25 14:43:50.203,28106.0
2021-06-25 14:43:50.208,29042.0
2021-06-25 14:43:50.213,30524.0
2021-06-25 14:43:50.218,31730.0
2021-06-25 14:43:50.223,33130.0
2021-06-25 14:43:50.228,29888.0
2021-06-25 14:43:50.233,30488.0
2021-06-25 14:43:50.238,29096.0
2021-06-25 14:43:50.243,30520.0
2021-06-25 14:43:50.248,29200.0
2021-06-25 14:43:50.253,28240.0
2021-06-25 14:43:50.258,36166.0
2021-06-25 14:43:50.263,36898.0
2021-06-25 14:43:50.268,36792.0
2021-06-25 14:43:50.273,35082.0
2021-06-25 14:43:50.278,37144.0
2021-06-25 14:43:50.283,34852.0
2021-06-25 14:43:50.288,36396.0
2021-06-25 14:43:50.293,35178.0
2021-06-25 14:43:50.298,34846.0
2021-06-25 14:43:50.303,34534.0
2021-06-25 14:43:50.308,35676.0
2021-06-25 14:43:50.313,36694.0
2021-06-25 14:43:50.318,36998.0
2021-06-25 14:43:50.323,36166.0
2021-06-25 14:43:50.328,35240.0
2021-06-25 14:43:50.333,33882.0
2021-06-25 14:43:50.338,29810.0
2021-06-25 14:43:50.343,31402.0
2021-06-25 14:43:50.348,33528.0
2021-06-25 14:43:50.353,31090.0
2021-06-25 14:43:50.358,31490.0
2021-06-25 14:43:50.363,31012.0
2021-06-25 14:43:50.368,32264.0
2021-06-25 14:43:50.373,33342.0
2021-06-25 14:43:50.378,29540.0
2021-06-25 14:43:50.383,29406.0
2021-06-25 14:43:50.388,31442.0
2021-06-25 14:43:50.393,37470.0
2021-06-25 14:43:50.398,37850.0
2021-06-25 14:43:50.403,37778.0
2021-06-25 14:43:50.408,36980.0
2021-06-25 14:43:50.413,36564.0
2021-06-25 14:43:50.418,36392.0
2021-06-25 14:43:50.423,35220.0
2021-06-25 14:43:50.428,35920.0
2021-06-25 14:43:50.433,37190.0
2021-06-25 14:43:50.439,36098.0
2021-06-25 14:43:50.443,36678.0
2021-06-25 14:43:50.448,35354.0
2021-06-25 14:43:50.453,34544.0
2021-06-25 14:43:50.458,35970.0
2021-06-25 14:43:50.463,37064.0
2021-06-25 14:43:50.468,34960.0
2021-06-25 14:43:50.473,30574.0
2021-06-25 14:43:50.478,32428.0
2021-06-25 14:43:50.483,31118.0
2021-06-25 14:43:50.488,31254.0
2021-06-25 14:43:50.493,29508.0
2021-06-25 14:43:50.498,31262.0
2021-06-25 14:43:50.503,31900.0
2021-06-25 14:43:50.508,30628.0
2021-06-25 14:43:50.513,30456.0
2021-06-25 14:43:50.518,33496.0
2021-06-25 14:43:50.524,30822.0
2021-06-25 14:43:50.528,34994.0
2021-06-25 14:43:50.533,33102.0
2021-06-25 14:43:50.538,33280.0
2021-06-25 14:43:50.543,35298.0
2021-06-25 14:43:50.548,34010.0
2021-06-25 14:43:50.553,34348.0
2021-06-25 14:43:50.558,35794.0
2021-06-25 14:43:50.563,34970.0
2021-06-25 14:43:50.568,37042.0
2021-06-25 14:43:50.573,35676.0
2021-06-25 14:43:50.578,37104.0
2021-06-25 14:43:50.583,32166.0
2021-06-25 14:43:50.588,31822.0
2021-06-25 14:43:50.593,35376.0
2021-06-25 14:43:50.598,34856.0
2021-06-25 14:43:50.603,29118.0
2021-06-25 14:43:50.609,30114.0
2021-06-25 14:43:50.613,27824.0
2021-06-25 14:43:50.618,32152.0
2021-06-25 14:43:50.623,28588.0
2021-06-25 14:43:50.628,34318.0
2021-06-25 14:43:50.633,27860.0
2021-06-25 14:43:50.638,28230.0
2021-06-25 14:43:50.643,27850.0
2021-06-25 14:43:50.648,27456.0
2021-06-25 14:43:50.653,28932.0
2021-06-25 14:43:50.658,29564.0
2021-06-25 14:43:50.663,35770.0
2021-06-25 14:43:50.668,36684.0
2021-06-25 14:43:50.673,36662.0
2021-06-25 14:43:50.678,37428.0
2021-06-25 14:43:50.683,34240.0
2021-06-25 14:43:50.688,33598.0
2021-06-25 14:43:50.693,35544.0
2021-06-25 14:43:50.698,34842.0
2021-06-25 14:43:50.703,34092.0
2021-06-25 14:43:50.708,35082.0
2021-06-25 14:43:50.713,34548.0
2021-06-25 14:43:50.718,36990.0
2021-06-25 14:43:50.723,35426.0
2021-06-25 14:43:50.728,35334.0
2021-06-25 14:43:50.733,34194.0
2021-06-25 14:43:50.738,33092.0
2021-06-25 14:43:50.743,30232.0
2021-06-25 14:43:50.748,29138.0
2021-06-25 14:43:50.753,29532.0
2021-06-25 14:43:50.758,29848.0
2021-06-25 14:43:50.763,29630.0
2021-06-25 14:43:50.768,32094.0
2021-06-25 14:43:50.773,29006.0
2021-06-25 14:43:50.778,31044.0
2021-06-25 14:43:50.783,30564.0
2021-06-25 14:43:50.788,32070.0
2021-06-25 14:43:50.793,30324.0
2021-06-25 14:43:50.798,36020.0
2021-06-25 14:43:50.803,35098.0
2021-06-25 14:43:50.808,35528.0
2021-06-25 14:43:50.813,36546.0
2021-06-25 14:43:50.818,37216.0
2021-06-25 14:43:50.823,34482.0
2021-06-25 14:43:50.828,37314.0
2021-06-25 14:43:50.833,36482.0
2021-06-25 14:43:50.838,34480.0
2021-06-25 14:43:50.843,34512.0
2021-06-25 14:43:50.848,35404.0
2021-06-25 14:43:50.853,35992.0
2021-06-25 14:43:50.858,35178.0
2021-06-25 14:43:50.863,35430.0
2021-06-25 14:43:50.868,30294.0
2021-06-25 14:43:50.873,30478.0
2021-06-25 14:43:50.878,29964.0
2021-06-25 14:43:50.883,31608.0
2021-06-25 14:43:50.888,28990.0
2021-06-25 14:43:50.893,28662.0
2021-06-25 14:43:50.898,30658.0
2021-06-25 14:43:50.903,28244.0
2021-06-25 14:43:50.908,31022.0
2021-06-25 14:43:50.913,29594.0
2021-06-25 14:43:50.918,30068.0
2021-06-25 14:43:50.923,30658.0
2021-06-25 14:43:50.928,36874.0
2021-06-25 14:43:50.933,35662.0
2021-06-25 14:43:50.938,36754.0
2021-06-25 14:43:50.943,35390.0
2021-06-25 14:43:50.948,35928.0
2021-06-25 14:43:50.953,35566.0
2021-06-25 14:43:50.958,35718.0
2021-06-25 14:43:50.963,35740.0
2021-06-25 14:43:50.968,35144.0
2021-06-25 14:43:50.973,37462.0
2021-06-25 14:43:50.978,38358.0
2021-06-25 14:43:50.983,37278.0
2021-06-25 14:43:50.988,33546.0
2021-06-25 14:43:50.993,31484.0
2021-06-25 14:43:50.998,29160.0
2021-06-25 14:43:51.003,31434.0
2021-06-25 14:43:51.008,29466.0
2021-06-25 14:43:51.013,32512.0
2021-06-25 14:43:51.018,30140.0
2021-06-25 14:43:51.023,29780.0
2021-06-25 14:43:51.028,29754.0
2021-06-25 14:43:51.033,30140.0
2021-06-25 14:43:51.038,29714.0
2021-06-25 14:43:51.043,29958.0
2021-06-25 14:43:51.048,34262.0
2021-06-25 14:43:51.053,35786.0
2021-06-25 14:43:51.058,35236.0
2021-06-25 14:43:51.063,34836.0
2021-06-25 14:43:51.068,36908.0
2021-06-25 14:43:51.073,36340.0
2021-06-25 14:43:51.079,36874.0
2021-06-25 14:43:51.083,34826.0
2021-06-25 14:43:51.088,34296.0
2021-06-25 14:43:51.093,35312.0
2021-06-25 14:43:51.098,34780.0
2021-06-25 14:43:51.103,29144.0
2021-06-25 14:43:51.108,28574.0
2021-06-25 14:43:51.113,30518.0
2021-06-25 14:43:51.118,29616.0
2021-06-25 14:43:51.123,28978.0
2021-06-25 14:43:51.128,29842.0
2021-06-25 14:43:51.133,29068.0
2021-06-25 14:43:51.138,32114.0
2021-06-25 14:43:51.143,28280.0
2021-06-25 14:43:51.148,29748.0
2021-06-25 14:43:51.153,28958.0
2021-06-25 14:43:51.158,36366.0
2021-06-25 14:43:51.164,36006.0
2021-06-25 14:43:51.168,36110.0
2021-06-25 14:43:51.173,33948.0
2021-06-25 14:43:51.178,35128.0
2021-06-25 14:43:51.183,36114.0
2021-06-25 14:43:51.188,31154.0
2021-06-25 14:43:51.193,32720.0
2021-06-25 14:43:51.198,34826.0
2021-06-25 14:43:51.203,33718.0
2021-06-25 14:43:51.208,36246.0
2021-06-25 14:43:51.213,34984.0
2021-06-25 14:43:51.218,30514.0
2021-06-25 14:43:51.223,29180.0
2021-06-25 14:43:51.228,30488.0
2021-06-25 14:43:51.233,30610.0
2021-06-25 14:43:51.238,28616.0
2021-06-25 14:43:51.243,31064.0
2021-06-25 14:43:51.249,28522.0
2021-06-25 14:43:51.253,28978.0
2021-06-25 14:43:51.258,29770.0
2021-06-25 14:43:51.263,28426.0
2021-06-25 14:43:51.268,29866.0
2021-06-25 14:43:51.273,35088.0
2021-06-25 14:43:51.278,35682.0
2021-06-25 14:43:51.283,32142.0
2021-06-25 14:43:51.288,34044.0
2021-06-25 14:43:51.293,32874.0
2021-06-25 14:43:51.298,33598.0
2021-06-25 14:43:51.303,33880.0
2021-06-25 14:43:51.308,33506.0
2021-06-25 14:43:51.313,32968.0
2021-06-25 14:43:51.318,33618.0
2021-06-25 14:43:51.323,28534.0
2021-06-25 14:43:51.328,29286.0
2021-06-25 14:43:51.333,29748.0
2021-06-25 14:43:51.338,30058.0
2021-06-25 14:43:51.343,30376.0
2021-06-25 14:43:51.348,28218.0
2021-06-25 14:43:51.353,27604.0
2021-06-25 14:43:51.358,28250.0
2021-06-25 14:43:51.363,29580.0
2021-06-25 14:43:51.368,29550.0
2021-06-25 14:43:51.373,28434.0
2021-06-25 14:43:51.378,34824.0
2021-06-25 14:43:51.383,33876.0
2021-06-25 14:43:51.388,30872.0
2021-06-25 14:43:51.393,32982.0
2021-06-25 14:43:51.398,34086.0
2021-06-25 14:43:51.403,35540.0
2021-06-25 14:43:51.408,35580.0
2021-06-25 14:43:51.413,35134.0
2021-06-25 14:43:51.418,36246.0
2021-06-25 14:43:51.423,34158.0
2021-06-25 14:43:51.428,29404.0
2021-06-25 14:43:51.433,29328.0
2021-06-25 14:43:51.438,30796.0
2021-06-25 14:43:51.443,29862.0
2021-06-25 14:43:51.448,28272.0
2021-06-25 14:43:51.453,29286.0
2021-06-25 14:43:51.458,28598.0
2021-06-25 14:43:51.463,29948.0
2021-06-25 14:43:51.468,28620.0
2021-06-25 14:43:51.481,36990.0
2021-06-25 14:43:51.482,32330.0
2021-06-25 14:43:51.484,35920.0
2021-06-25 14:43:51.488,32024.0
2021-06-25 14:43:51.493,33122.0
2021-06-25 14:43:51.498,34950.0
2021-06-25 14:43:51.503,34516.0
2021-06-25 14:43:51.508,33944.0
2021-06-25 14:43:51.513,31806.0
2021-06-25 14:43:51.518,28316.0
2021-06-25 14:43:51.523,31346.0
2021-06-25 14:43:51.528,28606.0
2021-06-25 14:43:51.533,26516.0
2021-06-25 14:43:51.538,26968.0
2021-06-25 14:43:51.543,29822.0
2021-06-25 14:43:51.548,28794.0
2021-06-25 14:43:51.553,27526.0
2021-06-25 14:43:51.558,28542.0
2021-06-25 14:43:51.563,27982.0
2021-06-25 14:43:51.568,35848.0
2021-06-25 14:43:51.573,35970.0
2021-06-25 14:43:51.578,35504.0
2021-06-25 14:43:51.583,33564.0
2021-06-25 14:43:51.588,29406.0
2021-06-25 14:43:51.593,33952.0
2021-06-25 14:43:51.598,34148.0
2021-06-25 14:43:51.603,29112.0
2021-06-25 14:43:51.608,28444.0
2021-06-25 14:43:51.613,29024.0
2021-06-25 14:43:51.618,27266.0
2021-06-25 14:43:51.623,31932.0
2021-06-25 14:43:51.628,30728.0
2021-06-25 14:43:51.633,30166.0
2021-06-25 14:43:51.638,28744.0
2021-06-25 14:43:51.643,27552.0
2021-06-25 14:43:51.648,28906.0
2021-06-25 14:43:51.653,30036.0
2021-06-25 14:43:51.658,34928.0
2021-06-25 14:43:51.663,34784.0
2021-06-25 14:43:51.668,35764.0
2021-06-25 14:43:51.673,36492.0
2021-06-25 14:43:51.678,34208.0
2021-06-25 14:43:51.683,35286.0
2021-06-25 14:43:51.688,34752.0
2021-06-25 14:43:51.693,28462.0
2021-06-25 14:43:51.698,27240.0
2021-06-25 14:43:51.703,26310.0
2021-06-25 14:43:51.708,30654.0
2021-06-25 14:43:51.713,28928.0
2021-06-25 14:43:51.719,33916.0
2021-06-25 14:43:51.723,28522.0
2021-06-25 14:43:51.728,28964.0
2021-06-25 14:43:51.733,30406.0
2021-06-25 14:43:51.738,29164.0
2021-06-25 14:43:51.743,31624.0
2021-06-25 14:43:51.748,34098.0
2021-06-25 14:43:51.753,36030.0
2021-06-25 14:43:51.758,36386.0
2021-06-25 14:43:51.763,35482.0
2021-06-25 14:43:51.768,36176.0
2021-06-25 14:43:51.773,37080.0
2021-06-25 14:43:51.778,36068.0
2021-06-25 14:43:51.783,29892.0
2021-06-25 14:43:51.788,28662.0
2021-06-25 14:43:51.793,29132.0
2021-06-25 14:43:51.798,28598.0
2021-06-25 14:43:51.804,30002.0
2021-06-25 14:43:51.808,31580.0
2021-06-25 14:43:51.813,28912.0
2021-06-25 14:43:51.818,30884.0
2021-06-25 14:43:51.823,32660.0
2021-06-25 14:43:51.828,28888.0
2021-06-25 14:43:51.833,31362.0
2021-06-25 14:43:51.838,31280.0
2021-06-25 14:43:51.843,35322.0
2021-06-25 14:43:51.848,35348.0
2021-06-25 14:43:51.853,35528.0
2021-06-25 14:43:51.858,35102.0
2021-06-25 14:43:51.863,35626.0
2021-06-25 14:43:51.868,36690.0
2021-06-25 14:43:51.873,37914.0
2021-06-25 14:43:51.878,30192.0
2021-06-25 14:43:51.883,30736.0
2021-06-25 14:43:51.889,28636.0
2021-06-25 14:43:51.893,29358.0
2021-06-25 14:43:51.898,28896.0
2021-06-25 14:43:51.903,31206.0
2021-06-25 14:43:51.908,28990.0
2021-06-25 14:43:51.913,30048.0
2021-06-25 14:43:51.918,29996.0
2021-06-25 14:43:51.923,31986.0
2021-06-25 14:43:51.928,28542.0
2021-06-25 14:43:51.933,29728.0
2021-06-25 14:43:51.938,36582.0
2021-06-25 14:43:51.943,34918.0
2021-06-25 14:43:51.948,34610.0
2021-06-25 14:43:51.953,36508.0
2021-06-25 14:43:51.958,36890.0
2021-06-25 14:43:51.963,37248.0
2021-06-25 14:43:51.968,36144.0
2021-06-25 14:43:51.973,36996.0
2021-06-25 14:43:51.978,35974.0
2021-06-25 14:43:51.983,31870.0
2021-06-25 14:43:51.988,29656.0
2021-06-25 14:43:51.993,29030.0
2021-06-25 14:43:51.998,29974.0
2021-06-25 14:43:52.003,30482.0
2021-06-25 14:43:52.008,28416.0
2021-06-25 14:43:52.013,30314.0
2021-06-25 14:43:52.018,28670.0
2021-06-25 14:43:52.023,29964.0
2021-06-25 14:43:52.028,30272.0
2021-06-25 14:43:52.033,29600.0
2021-06-25 14:43:52.038,30094.0
2021-06-25 14:43:52.043,34506.0
2021-06-25 14:43:52.048,35154.0
2021-06-25 14:43:52.053,35020.0
2021-06-25 14:43:52.058,34498.0
2021-06-25 14:43:52.063,35450.0
2021-06-25 14:43:52.068,34230.0
2021-06-25 14:43:52.073,34270.0
2021-06-25 14:43:52.078,35728.0
2021-06-25 14:43:52.083,35344.0
2021-06-25 14:43:52.088,35456.0
2021-06-25 14:43:52.093,33994.0
2021-06-25 14:43:52.098,33872.0
2021-06-25 14:43:52.103,34642.0
2021-06-25 14:43:52.108,31422.0
2021-06-25 14:43:52.113,29178.0
2021-06-25 14:43:52.118,29648.0
2021-06-25 14:43:52.123,29612.0
2021-06-25 14:43:52.128,29154.0
2021-06-25 14:43:52.133,33850.0
2021-06-25 14:43:52.138,30616.0
2021-06-25 14:43:52.143,30458.0
2021-06-25 14:43:52.148,30944.0
2021-06-25 14:43:52.153,29504.0
2021-06-25 14:43:52.158,29954.0
2021-06-25 14:43:52.163,35276.0
2021-06-25 14:43:52.168,37642.0
2021-06-25 14:43:52.173,37026.0
2021-06-25 14:43:52.178,36338.0
2021-06-25 14:43:52.183,38126.0
2021-06-25 14:43:52.188,36108.0
2021-06-25 14:43:52.193,31806.0
2021-06-25 14:43:52.198,34820.0
2021-06-25 14:43:52.203,36174.0
2021-06-25 14:43:52.208,34646.0
2021-06-25 14:43:52.213,35096.0
2021-06-25 14:43:52.218,34984.0
2021-06-25 14:43:52.223,29548.0
2021-06-25 14:43:52.228,30482.0
2021-06-25 14:43:52.233,33394.0
2021-06-25 14:43:52.238,29050.0
2021-06-25 14:43:52.243,29800.0
2021-06-25 14:43:52.248,32060.0
2021-06-25 14:43:52.253,30180.0
2021-06-25 14:43:52.258,29354.0
2021-06-25 14:43:52.263,30818.0
2021-06-25 14:43:52.268,30416.0
2021-06-25 14:43:52.273,28806.0
2021-06-25 14:43:52.278,30966.0
2021-06-25 14:43:52.283,36174.0
2021-06-25 14:43:52.288,36600.0
2021-06-25 14:43:52.293,34416.0
2021-06-25 14:43:52.298,34564.0
2021-06-25 14:43:52.303,33284.0
2021-06-25 14:43:52.308,34462.0
2021-06-25 14:43:52.313,35104.0
2021-06-25 14:43:52.318,34826.0
2021-06-25 14:43:52.323,34590.0
2021-06-25 14:43:52.328,32756.0
2021-06-25 14:43:52.333,36338.0
2021-06-25 14:43:52.338,35714.0
2021-06-25 14:43:52.343,34244.0
2021-06-25 14:43:52.348,28830.0
2021-06-25 14:43:52.353,30066.0
2021-06-25 14:43:52.359,33634.0
2021-06-25 14:43:52.363,30232.0
2021-06-25 14:43:52.368,29712.0
2021-06-25 14:43:52.373,30872.0
2021-06-25 14:43:52.378,29790.0
2021-06-25 14:43:52.383,30098.0
2021-06-25 14:43:52.388,32094.0
2021-06-25 14:43:52.393,30022.0
2021-06-25 14:43:52.398,28034.0
2021-06-25 14:43:52.403,33722.0
2021-06-25 14:43:52.408,35830.0
2021-06-25 14:43:52.413,36292.0
2021-06-25 14:43:52.418,35186.0
2021-06-25 14:43:52.423,34958.0
2021-06-25 14:43:52.428,33188.0
2021-06-25 14:43:52.433,37786.0
2021-06-25 14:43:52.438,32566.0
2021-06-25 14:43:52.444,30354.0
2021-06-25 14:43:52.448,33040.0
2021-06-25 14:43:52.453,35148.0
2021-06-25 14:43:52.458,34164.0
2021-06-25 14:43:52.463,34306.0
2021-06-25 14:43:52.468,29240.0
2021-06-25 14:43:52.473,29892.0
2021-06-25 14:43:52.478,31946.0
2021-06-25 14:43:52.483,30092.0
2021-06-25 14:43:52.488,26968.0
2021-06-25 14:43:52.493,29846.0
2021-06-25 14:43:52.498,29794.0
2021-06-25 14:43:52.503,28764.0
2021-06-25 14:43:52.508,29370.0
2021-06-25 14:43:52.513,27876.0
2021-06-25 14:43:52.518,30190.0
2021-06-25 14:43:52.523,35904.0
2021-06-25 14:43:52.529,36370.0
2021-06-25 14:43:52.533,35308.0
2021-06-25 14:43:52.538,33728.0
2021-06-25 14:43:52.543,31572.0
2021-06-25 14:43:52.548,34430.0
2021-06-25 14:43:52.553,35576.0
2021-06-25 14:43:52.558,35190.0
2021-06-25 14:43:52.563,35236.0
2021-06-25 14:43:52.568,35468.0
2021-06-25 14:43:52.573,34342.0
2021-06-25 14:43:52.578,37160.0
2021-06-25 14:43:52.583,35296.0
2021-06-25 14:43:52.588,28836.0
2021-06-25 14:43:52.593,29606.0
2021-06-25 14:43:52.598,30068.0
2021-06-25 14:43:52.603,31238.0
2021-06-25 14:43:52.608,29138.0
2021-06-25 14:43:52.613,32510.0
2021-06-25 14:43:52.618,28210.0
2021-06-25 14:43:52.623,29648.0
2021-06-25 14:43:52.628,30420.0
2021-06-25 14:43:52.633,29610.0
2021-06-25 14:43:52.638,29042.0
2021-06-25 14:43:52.643,27908.0
2021-06-25 14:43:52.648,32290.0
2021-06-25 14:43:52.653,34342.0
2021-06-25 14:43:52.658,33438.0
2021-06-25 14:43:52.663,35504.0
2021-06-25 14:43:52.668,36030.0
2021-06-25 14:43:52.673,34198.0
2021-06-25 14:43:52.678,35540.0
2021-06-25 14:43:52.683,35348.0
2021-06-25 14:43:52.688,34230.0
2021-06-25 14:43:52.693,35160.0
2021-06-25 14:43:52.698,33424.0
2021-06-25 14:43:52.703,36118.0
2021-06-25 14:43:52.708,35622.0
2021-06-25 14:43:52.713,34820.0
2021-06-25 14:43:52.718,30710.0
2021-06-25 14:43:52.723,28716.0
2021-06-25 14:43:52.728,29446.0
2021-06-25 14:43:52.733,31500.0
2021-06-25 14:43:52.738,29430.0
2021-06-25 14:43:52.743,28696.0
2021-06-25 14:43:52.748,32690.0
2021-06-25 14:43:52.753,27988.0
2021-06-25 14:43:52.758,29666.0
2021-06-25 14:43:52.763,30156.0
2021-06-25 14:43:52.768,29498.0
2021-06-25 14:43:52.773,28492.0
2021-06-25 14:43:52.778,29986.0
2021-06-25 14:43:52.783,34388.0
2021-06-25 14:43:52.788,36186.0
2021-06-25 14:43:52.793,35196.0
2021-06-25 14:43:52.798,34136.0
2021-06-25 14:43:52.803,34522.0
2021-06-25 14:43:52.808,33254.0
2021-06-25 14:43:52.813,35912.0
2021-06-25 14:43:52.818,34044.0
2021-06-25 14:43:52.823,34476.0
2021-06-25 14:43:52.828,34814.0
2021-06-25 14:43:52.833,35206.0
2021-06-25 14:43:52.838,33338.0
2021-06-25 14:43:52.843,34872.0
2021-06-25 14:43:52.848,32890.0
2021-06-25 14:43:52.853,35014.0
2021-06-25 14:43:52.858,30684.0
2021-06-25 14:43:52.863,27090.0
2021-06-25 14:43:52.868,29904.0
2021-06-25 14:43:52.873,30308.0
2021-06-25 14:43:52.878,29066.0
2021-06-25 14:43:52.883,28748.0
2021-06-25 14:43:52.888,34380.0
2021-06-25 14:43:52.893,30292.0
2021-06-25 14:43:52.898,29806.0
2021-06-25 14:43:52.903,28912.0
2021-06-25 14:43:52.908,29056.0
2021-06-25 14:43:52.913,29640.0
2021-06-25 14:43:52.918,35014.0
2021-06-25 14:43:52.923,35692.0
2021-06-25 14:43:52.928,34062.0
2021-06-25 14:43:52.933,35422.0
2021-06-25 14:43:52.938,34378.0
2021-06-25 14:43:52.943,33916.0
2021-06-25 14:43:52.948,33746.0
2021-06-25 14:43:52.953,34044.0
2021-06-25 14:43:52.958,34846.0
2021-06-25 14:43:52.963,35528.0
2021-06-25 14:43:52.968,35132.0
2021-06-25 14:43:52.973,35714.0
2021-06-25 14:43:52.978,34954.0
2021-06-25 14:43:52.983,34322.0
2021-06-25 14:43:52.988,36930.0
2021-06-25 14:43:52.993,29934.0
2021-06-25 14:43:52.999,29288.0
2021-06-25 14:43:53.003,29944.0
2021-06-25 14:43:53.008,31360.0
2021-06-25 14:43:53.013,29098.0
2021-06-25 14:43:53.018,29586.0
2021-06-25 14:43:53.023,30048.0
2021-06-25 14:43:53.028,29990.0
2021-06-25 14:43:53.033,27428.0
2021-06-25 14:43:53.038,29908.0
2021-06-25 14:43:53.043,29168.0
2021-06-25 14:43:53.048,32286.0
2021-06-25 14:43:53.053,33506.0
2021-06-25 14:43:53.058,35108.0
2021-06-25 14:43:53.063,35524.0
2021-06-25 14:43:53.068,35722.0
2021-06-25 14:43:53.073,35030.0
2021-06-25 14:43:53.078,34630.0
2021-06-25 14:43:53.084,34262.0
2021-06-25 14:43:53.088,34970.0
2021-06-25 14:43:53.093,34826.0
2021-06-25 14:43:53.098,34584.0
2021-06-25 14:43:53.103,35052.0
2021-06-25 14:43:53.108,35158.0
2021-06-25 14:43:53.113,34188.0
2021-06-25 14:43:53.118,34588.0
2021-06-25 14:43:53.123,34174.0
2021-06-25 14:43:53.128,29380.0
2021-06-25 14:43:53.133,29032.0
2021-06-25 14:43:53.138,29954.0
2021-06-25 14:43:53.143,29446.0
2021-06-25 14:43:53.148,28256.0
2021-06-25 14:43:53.153,28522.0
2021-06-25 14:43:53.158,28408.0
2021-06-25 14:43:53.163,29266.0
2021-06-25 14:43:53.169,29066.0
2021-06-25 14:43:53.173,29888.0
2021-06-25 14:43:53.178,28476.0
2021-06-25 14:43:53.183,29596.0
2021-06-25 14:43:53.188,34542.0
2021-06-25 14:43:53.193,35604.0
2021-06-25 14:43:53.198,33120.0
2021-06-25 14:43:53.203,32696.0
2021-06-25 14:43:53.208,34362.0
2021-06-25 14:43:53.213,33790.0
2021-06-25 14:43:53.218,33066.0
2021-06-25 14:43:53.223,33188.0
2021-06-25 14:43:53.228,34018.0
2021-06-25 14:43:53.233,36452.0
2021-06-25 14:43:53.238,33772.0
2021-06-25 14:43:53.243,35876.0
2021-06-25 14:43:53.248,34062.0
2021-06-25 14:43:53.253,34256.0
2021-06-25 14:43:53.258,34678.0
2021-06-25 14:43:53.263,34292.0
2021-06-25 14:43:53.268,34846.0
2021-06-25 14:43:53.273,27402.0
2021-06-25 14:43:53.278,27270.0
2021-06-25 14:43:53.283,30294.0
2021-06-25 14:43:53.288,29712.0
2021-06-25 14:43:53.293,28184.0
2021-06-25 14:43:53.298,28590.0
2021-06-25 14:43:53.303,29692.0
2021-06-25 14:43:53.308,29468.0
2021-06-25 14:43:53.313,27486.0
2021-06-25 14:43:53.318,29862.0
2021-06-25 14:43:53.323,27792.0
2021-06-25 14:43:53.328,29518.0
2021-06-25 14:43:53.333,34570.0
2021-06-25 14:43:53.338,34434.0
2021-06-25 14:43:53.343,33864.0
2021-06-25 14:43:53.348,33450.0
2021-06-25 14:43:53.353,35078.0
2021-06-25 14:43:53.358,34788.0
2021-06-25 14:43:53.363,34252.0
2021-06-25 14:43:53.368,34816.0
2021-06-25 14:43:53.373,34316.0
2021-06-25 14:43:53.378,34626.0
2021-06-25 14:43:53.383,36190.0
2021-06-25 14:43:53.388,34640.0
2021-06-25 14:43:53.393,34050.0
2021-06-25 14:43:53.398,34652.0
2021-06-25 14:43:53.403,33774.0
2021-06-25 14:43:53.408,34724.0
2021-06-25 14:43:53.413,26474.0
2021-06-25 14:43:53.418,27378.0
2021-06-25 14:43:53.423,28080.0
2021-06-25 14:43:53.428,28630.0
2021-06-25 14:43:53.433,28342.0
2021-06-25 14:43:53.438,27798.0
2021-06-25 14:43:53.443,26546.0
2021-06-25 14:43:53.448,27572.0
2021-06-25 14:43:53.453,28142.0
2021-06-25 14:43:53.458,28010.0
2021-06-25 14:43:53.463,26520.0
2021-06-25 14:43:53.468,26504.0
2021-06-25 14:43:53.473,35170.0
2021-06-25 14:43:53.478,34378.0
2021-06-25 14:43:53.483,31782.0
2021-06-25 14:43:53.488,32890.0
2021-06-25 14:43:53.493,34558.0
2021-06-25 14:43:53.498,34154.0
2021-06-25 14:43:53.503,33028.0
2021-06-25 14:43:53.508,35004.0
2021-06-25 14:43:53.513,34678.0
2021-06-25 14:43:53.518,34162.0
2021-06-25 14:43:53.523,34506.0
2021-06-25 14:43:53.528,35422.0
2021-06-25 14:43:53.533,30272.0
2021-06-25 14:43:53.538,34180.0
2021-06-25 14:43:53.543,33798.0
2021-06-25 14:43:53.548,29292.0
2021-06-25 14:43:53.553,29298.0
2021-06-25 14:43:53.558,27932.0
2021-06-25 14:43:53.563,29528.0
2021-06-25 14:43:53.568,28688.0
2021-06-25 14:43:53.573,32500.0
2021-06-25 14:43:53.578,27132.0
2021-06-25 14:43:53.583,29986.0
2021-06-25 14:43:53.588,28744.0
2021-06-25 14:43:53.593,29184.0
2021-06-25 14:43:53.598,27430.0
2021-06-25 14:43:53.603,27158.0
2021-06-25 14:43:53.608,33788.0
2021-06-25 14:43:53.613,34172.0
2021-06-25 14:43:53.618,33778.0
2021-06-25 14:43:53.623,32972.0
2021-06-25 14:43:53.628,34220.0
2021-06-25 14:43:53.633,31970.0
2021-06-25 14:43:53.639,34138.0
2021-06-25 14:43:53.643,34652.0
2021-06-25 14:43:53.648,35478.0
2021-06-25 14:43:53.653,31628.0
2021-06-25 14:43:53.658,33610.0
2021-06-25 14:43:53.663,34656.0
2021-06-25 14:43:53.668,33646.0
2021-06-25 14:43:53.673,34190.0
2021-06-25 14:43:53.678,34162.0
2021-06-25 14:43:53.683,33672.0
2021-06-25 14:43:53.688,30950.0
2021-06-25 14:43:53.693,34112.0
2021-06-25 14:43:53.698,26536.0
2021-06-25 14:43:53.703,28488.0
2021-06-25 14:43:53.708,28912.0
2021-06-25 14:43:53.713,29616.0
2021-06-25 14:43:53.718,26912.0
2021-06-25 14:43:53.724,28152.0
2021-06-25 14:43:53.728,27254.0
2021-06-25 14:43:53.733,30134.0
2021-06-25 14:43:53.738,30328.0
2021-06-25 14:43:53.743,29564.0
2021-06-25 14:43:53.748,27420.0
2021-06-25 14:43:53.753,29010.0
2021-06-25 14:43:53.758,33974.0
2021-06-25 14:43:53.763,33980.0
2021-06-25 14:43:53.768,35088.0
2021-06-25 14:43:53.773,35892.0
2021-06-25 14:43:53.778,33356.0
2021-06-25 14:43:53.783,35420.0
2021-06-25 14:43:53.788,34784.0
2021-06-25 14:43:53.793,36212.0
2021-06-25 14:43:53.798,30338.0
2021-06-25 14:43:53.803,31642.0
2021-06-25 14:43:53.809,35092.0
2021-06-25 14:43:53.813,35376.0
2021-06-25 14:43:53.818,33528.0
2021-06-25 14:43:53.823,34446.0
2021-06-25 14:43:53.828,34898.0
2021-06-25 14:43:53.833,29096.0
2021-06-25 14:43:53.838,27712.0
2021-06-25 14:43:53.843,28172.0
2021-06-25 14:43:53.848,30160.0
2021-06-25 14:43:53.853,29000.0
2021-06-25 14:43:53.858,30836.0
2021-06-25 14:43:53.863,27192.0
2021-06-25 14:43:53.868,28254.0
2021-06-25 14:43:53.873,27414.0
2021-06-25 14:43:53.878,27938.0
2021-06-25 14:43:53.883,30072.0
2021-06-25 14:43:53.888,28054.0
2021-06-25 14:43:53.893,34462.0
2021-06-25 14:43:53.898,35062.0
2021-06-25 14:43:53.903,34208.0
2021-06-25 14:43:53.908,34970.0
2021-06-25 14:43:53.913,33264.0
2021-06-25 14:43:53.918,34216.0
2021-06-25 14:43:53.923,34754.0
2021-06-25 14:43:53.928,35442.0
2021-06-25 14:43:53.933,34316.0
2021-06-25 14:43:53.938,34496.0
2021-06-25 14:43:53.943,35694.0
2021-06-25 14:43:53.948,34492.0
2021-06-25 14:43:53.953,32858.0
2021-06-25 14:43:53.958,31684.0
2021-06-25 14:43:53.963,34558.0
2021-06-25 14:43:53.968,33844.0
2021-06-25 14:43:53.973,28208.0
2021-06-25 14:43:53.978,27634.0
2021-06-25 14:43:53.983,29344.0
2021-06-25 14:43:53.988,30314.0
2021-06-25 14:43:53.993,28886.0
2021-06-25 14:43:53.998,28434.0
2021-06-25 14:43:54.003,28922.0
2021-06-25 14:43:54.008,29032.0
2021-06-25 14:43:54.013,26858.0
2021-06-25 14:43:54.018,28410.0
2021-06-25 14:43:54.023,28302.0
2021-06-25 14:43:54.028,29774.0
2021-06-25 14:43:54.041,34620.0
2021-06-25 14:43:54.042,33870.0
2021-06-25 14:43:54.044,32658.0
2021-06-25 14:43:54.048,32838.0
2021-06-25 14:43:54.053,33670.0
2021-06-25 14:43:54.058,31566.0
2021-06-25 14:43:54.063,33532.0
2021-06-25 14:43:54.068,33988.0
2021-06-25 14:43:54.073,34062.0
2021-06-25 14:43:54.078,32500.0
2021-06-25 14:43:54.083,34036.0
2021-06-25 14:43:54.088,35072.0
2021-06-25 14:43:54.093,36252.0
2021-06-25 14:43:54.098,33820.0
2021-06-25 14:43:54.103,34142.0
2021-06-25 14:43:54.108,33774.0
2021-06-25 14:43:54.113,30944.0
2021-06-25 14:43:54.118,26850.0
2021-06-25 14:43:54.123,27320.0
2021-06-25 14:43:54.128,28452.0
2021-06-25 14:43:54.133,30730.0
2021-06-25 14:43:54.138,28872.0
2021-06-25 14:43:54.143,32238.0
2021-06-25 14:43:54.148,27392.0
2021-06-25 14:43:54.153,31022.0
2021-06-25 14:43:54.158,28502.0
2021-06-25 14:43:54.163,26520.0
2021-06-25 14:43:54.168,29318.0
2021-06-25 14:43:54.173,29122.0
2021-06-25 14:43:54.178,36058.0
2021-06-25 14:43:54.183,35904.0
2021-06-25 14:43:54.188,34788.0
2021-06-25 14:43:54.193,37680.0
2021-06-25 14:43:54.198,35918.0
2021-06-25 14:43:54.203,29020.0
2021-06-25 14:43:54.208,33506.0
2021-06-25 14:43:54.213,35456.0
2021-06-25 14:43:54.218,35878.0
2021-06-25 14:43:54.223,35544.0
2021-06-25 14:43:54.228,33600.0
2021-06-25 14:43:54.233,35296.0
2021-06-25 14:43:54.238,35738.0
2021-06-25 14:43:54.243,37022.0
2021-06-25 14:43:54.248,29986.0
2021-06-25 14:43:54.253,30468.0
2021-06-25 14:43:54.258,27084.0
2021-06-25 14:43:54.263,29180.0
2021-06-25 14:43:54.268,27798.0
2021-06-25 14:43:54.273,27440.0
2021-06-25 14:43:54.279,32124.0
2021-06-25 14:43:54.283,27840.0
2021-06-25 14:43:54.288,28682.0
2021-06-25 14:43:54.293,29790.0
2021-06-25 14:43:54.298,28826.0
2021-06-25 14:43:54.303,27520.0
2021-06-25 14:43:54.308,27800.0
2021-06-25 14:43:54.313,32798.0
2021-06-25 14:43:54.318,33820.0
2021-06-25 14:43:54.323,32422.0
2021-06-25 14:43:54.328,33516.0
2021-06-25 14:43:54.333,33768.0
2021-06-25 14:43:54.338,34020.0
2021-06-25 14:43:54.343,36344.0
2021-06-25 14:43:54.348,35722.0
2021-06-25 14:43:54.353,35482.0
2021-06-25 14:43:54.358,35268.0
2021-06-25 14:43:54.364,34882.0
2021-06-25 14:43:54.368,33392.0
2021-06-25 14:43:54.373,34292.0
2021-06-25 14:43:54.378,34670.0
2021-06-25 14:43:54.383,35488.0
2021-06-25 14:43:54.388,34696.0
2021-06-25 14:43:54.393,29118.0
2021-06-25 14:43:54.398,28308.0
2021-06-25 14:43:54.403,29308.0
2021-06-25 14:43:54.408,29016.0
2021-06-25 14:43:54.413,27358.0
2021-06-25 14:43:54.418,27896.0
2021-06-25 14:43:54.423,27886.0
2021-06-25 14:43:54.428,29414.0
2021-06-25 14:43:54.433,29446.0
2021-06-25 14:43:54.438,29414.0
2021-06-25 14:43:54.443,27896.0
2021-06-25 14:43:54.449,28734.0
2021-06-25 14:43:54.453,28144.0
2021-06-25 14:43:54.458,33748.0
2021-06-25 14:43:54.463,33736.0
2021-06-25 14:43:54.468,32218.0
2021-06-25 14:43:54.473,34102.0
2021-06-25 14:43:54.478,34706.0
2021-06-25 14:43:54.483,35150.0
2021-06-25 14:43:54.488,33998.0
2021-06-25 14:43:54.493,34486.0
2021-06-25 14:43:54.498,30022.0
2021-06-25 14:43:54.503,34210.0
2021-06-25 14:43:54.508,31734.0
2021-06-25 14:43:54.513,35640.0
2021-06-25 14:43:54.518,33952.0
2021-06-25 14:43:54.523,34262.0
2021-06-25 14:43:54.528,33624.0
2021-06-25 14:43:54.533,26382.0
2021-06-25 14:43:54.538,29108.0
2021-06-25 14:43:54.543,27398.0
2021-06-25 14:43:54.548,28244.0
2021-06-25 14:43:54.553,27716.0
2021-06-25 14:43:54.558,29718.0
2021-06-25 14:43:54.563,27906.0
2021-06-25 14:43:54.568,29050.0
2021-06-25 14:43:54.573,28018.0
2021-06-25 14:43:54.578,27958.0
2021-06-25 14:43:54.583,30540.0
2021-06-25 14:43:54.588,27696.0
2021-06-25 14:43:54.593,34626.0
2021-06-25 14:43:54.598,31854.0
2021-06-25 14:43:54.603,34816.0
2021-06-25 14:43:54.608,33962.0
2021-06-25 14:43:54.613,35026.0
2021-06-25 14:43:54.618,34554.0
2021-06-25 14:43:54.623,33572.0
2021-06-25 14:43:54.628,33582.0
2021-06-25 14:43:54.633,33014.0
2021-06-25 14:43:54.638,34882.0
2021-06-25 14:43:54.643,35422.0
2021-06-25 14:43:54.648,32120.0
2021-06-25 14:43:54.653,30400.0
2021-06-25 14:43:54.658,31360.0
2021-06-25 14:43:54.663,32758.0
2021-06-25 14:43:54.668,33220.0
2021-06-25 14:43:54.673,28614.0
2021-06-25 14:43:54.678,27758.0
2021-06-25 14:43:54.683,27604.0
2021-06-25 14:43:54.688,28436.0
2021-06-25 14:43:54.693,28526.0
2021-06-25 14:43:54.698,29970.0
2021-06-25 14:43:54.703,29114.0
2021-06-25 14:43:54.708,30940.0
2021-06-25 14:43:54.713,27328.0
2021-06-25 14:43:54.718,28590.0
2021-06-25 14:43:54.723,26936.0
2021-06-25 14:43:54.728,29544.0
2021-06-25 14:43:54.733,35062.0
2021-06-25 14:43:54.738,36282.0
2021-06-25 14:43:54.743,35062.0
2021-06-25 14:43:54.748,32034.0
2021-06-25 14:43:54.753,28544.0
2021-06-25 14:43:54.758,31288.0
2021-06-25 14:43:54.763,34034.0
2021-06-25 14:43:54.768,35206.0
2021-06-25 14:43:54.773,33810.0
2021-06-25 14:43:54.778,35478.0
2021-06-25 14:43:54.783,33660.0
2021-06-25 14:43:54.788,36364.0
2021-06-25 14:43:54.793,35676.0
2021-06-25 14:43:54.798,33218.0
2021-06-25 14:43:54.803,29522.0
2021-06-25 14:43:54.808,30068.0
2021-06-25 14:43:54.813,28408.0
2021-06-25 14:43:54.818,27880.0
2021-06-25 14:43:54.823,27060.0
2021-06-25 14:43:54.828,28584.0
2021-06-25 14:43:54.833,32674.0
2021-06-25 14:43:54.838,30170.0
2021-06-25 14:43:54.843,28410.0
2021-06-25 14:43:54.848,27640.0
2021-06-25 14:43:54.853,28558.0
2021-06-25 14:43:54.858,29032.0
2021-06-25 14:43:54.863,33564.0
2021-06-25 14:43:54.868,33716.0
2021-06-25 14:43:54.873,32690.0
2021-06-25 14:43:54.878,35052.0
2021-06-25 14:43:54.883,34524.0
2021-06-25 14:43:54.888,34532.0
2021-06-25 14:43:54.893,34276.0
2021-06-25 14:43:54.898,32592.0
2021-06-25 14:43:54.903,31308.0
2021-06-25 14:43:54.908,30508.0
2021-06-25 14:43:54.913,33790.0
2021-06-25 14:43:54.919,34318.0
2021-06-25 14:43:54.923,35020.0
2021-06-25 14:43:54.928,35730.0
2021-06-25 14:43:54.933,34292.0
2021-06-25 14:43:54.938,33244.0
2021-06-25 14:43:54.943,26912.0
2021-06-25 14:43:54.948,29672.0
2021-06-25 14:43:54.953,27630.0
2021-06-25 14:43:54.958,27798.0
2021-06-25 14:43:54.963,30216.0
2021-06-25 14:43:54.968,30360.0
2021-06-25 14:43:54.973,31032.0
2021-06-25 14:43:54.978,28532.0
2021-06-25 14:43:54.983,30258.0
2021-06-25 14:43:54.988,30308.0
2021-06-25 14:43:54.993,30606.0
2021-06-25 14:43:54.998,29332.0
2021-06-25 14:43:55.004,28688.0
2021-06-25 14:43:55.008,33012.0
2021-06-25 14:43:55.013,34948.0
2021-06-25 14:43:55.018,34322.0
2021-06-25 14:43:55.023,35856.0
2021-06-25 14:43:55.028,34942.0
2021-06-25 14:43:55.033,34306.0
2021-06-25 14:43:55.038,37064.0
2021-06-25 14:43:55.043,36036.0
2021-06-25 14:43:55.048,35574.0
2021-06-25 14:43:55.053,34164.0
2021-06-25 14:43:55.058,35370.0
2021-06-25 14:43:55.063,33736.0
2021-06-25 14:43:55.068,34298.0
2021-06-25 14:43:55.073,34424.0
2021-06-25 14:43:55.078,35908.0
2021-06-25 14:43:55.083,36262.0
2021-06-25 14:43:55.089,29118.0
2021-06-25 14:43:55.093,28230.0
2021-06-25 14:43:55.098,32788.0
2021-06-25 14:43:55.103,29430.0
2021-06-25 14:43:55.108,29964.0
2021-06-25 14:43:55.113,32794.0
2021-06-25 14:43:55.118,28018.0
2021-06-25 14:43:55.123,27820.0
2021-06-25 14:43:55.128,29698.0
2021-06-25 14:43:55.133,30228.0
2021-06-25 14:43:55.138,27836.0
2021-06-25 14:43:55.143,30570.0
2021-06-25 14:43:55.148,36868.0
2021-06-25 14:43:55.153,34492.0
2021-06-25 14:43:55.158,34436.0
2021-06-25 14:43:55.163,33558.0
2021-06-25 14:43:55.168,35692.0
2021-06-25 14:43:55.173,34942.0
2021-06-25 14:43:55.178,35884.0
2021-06-25 14:43:55.183,34198.0
2021-06-25 14:43:55.188,34826.0
2021-06-25 14:43:55.193,35584.0
2021-06-25 14:43:55.198,35966.0
2021-06-25 14:43:55.203,35450.0
2021-06-25 14:43:55.208,36156.0
2021-06-25 14:43:55.213,34588.0
2021-06-25 14:43:55.218,33850.0
2021-06-25 14:43:55.223,34860.0
2021-06-25 14:43:55.228,28246.0
2021-06-25 14:43:55.233,28178.0
2021-06-25 14:43:55.238,28604.0
2021-06-25 14:43:55.243,29144.0
2021-06-25 14:43:55.248,29884.0
2021-06-25 14:43:55.253,33332.0
2021-06-25 14:43:55.258,29504.0
2021-06-25 14:43:55.263,29666.0
2021-06-25 14:43:55.268,28970.0
2021-06-25 14:43:55.273,26772.0
2021-06-25 14:43:55.278,29852.0
2021-06-25 14:43:55.283,27836.0
2021-06-25 14:43:55.288,34898.0
2021-06-25 14:43:55.293,35538.0
2021-06-25 14:43:55.298,35232.0
2021-06-25 14:43:55.303,36094.0
2021-06-25 14:43:55.308,34670.0
2021-06-25 14:43:55.313,34050.0
2021-06-25 14:43:55.318,33972.0
2021-06-25 14:43:55.323,35430.0
2021-06-25 14:43:55.328,34390.0
2021-06-25 14:43:55.333,35986.0
2021-06-25 14:43:55.338,34344.0
2021-06-25 14:43:55.343,34686.0
2021-06-25 14:43:55.348,35358.0
2021-06-25 14:43:55.353,34190.0
2021-06-25 14:43:55.358,32666.0
2021-06-25 14:43:55.363,33296.0
2021-06-25 14:43:55.368,30682.0
2021-06-25 14:43:55.373,31562.0
2021-06-25 14:43:55.378,34898.0
2021-06-25 14:43:55.383,33664.0
2021-06-25 14:43:55.388,32912.0
2021-06-25 14:43:55.393,33598.0
2021-06-25 14:43:55.398,32594.0
2021-06-25 14:43:55.403,32994.0
2021-06-25 14:43:55.408,32562.0
2021-06-25 14:43:55.413,33532.0
2021-06-25 14:43:55.418,32758.0
2021-06-25 14:43:55.423,34686.0
2021-06-25 14:43:55.428,40214.0
2021-06-25 14:43:55.433,38804.0
2021-06-25 14:43:55.438,40440.0
2021-06-25 14:43:55.443,39030.0
2021-06-25 14:43:55.448,39726.0
2021-06-25 14:43:55.453,41276.0
2021-06-25 14:43:55.458,34996.0
2021-06-25 14:43:55.463,37044.0
2021-06-25 14:43:55.468,38788.0
2021-06-25 14:43:55.473,39318.0
2021-06-25 14:43:55.478,38654.0
2021-06-25 14:43:55.483,40924.0
2021-06-25 14:43:55.488,40450.0
2021-06-25 14:43:55.493,38260.0
2021-06-25 14:43:55.498,38622.0
2021-06-25 14:43:55.503,37562.0
2021-06-25 14:43:55.508,32578.0
2021-06-25 14:43:55.513,34334.0
2021-06-25 14:43:55.518,31530.0
2021-06-25 14:43:55.523,35240.0
2021-06-25 14:43:55.528,33166.0
2021-06-25 14:43:55.533,39138.0
2021-06-25 14:43:55.538,32014.0
2021-06-25 14:43:55.543,32588.0
2021-06-25 14:43:55.548,32942.0
2021-06-25 14:43:55.553,30410.0
2021-06-25 14:43:55.559,32286.0
2021-06-25 14:43:55.563,30328.0
2021-06-25 14:43:55.568,35816.0
2021-06-25 14:43:55.573,36066.0
2021-06-25 14:43:55.578,34742.0
2021-06-25 14:43:55.583,35908.0
2021-06-25 14:43:55.588,35954.0
2021-06-25 14:43:55.593,34934.0
2021-06-25 14:43:55.598,35160.0
2021-06-25 14:43:55.603,35734.0
2021-06-25 14:43:55.608,34420.0
2021-06-25 14:43:55.613,33998.0
2021-06-25 14:43:55.618,35600.0
2021-06-25 14:43:55.623,34302.0
2021-06-25 14:43:55.628,34102.0
2021-06-25 14:43:55.633,36284.0
2021-06-25 14:43:55.638,34574.0
2021-06-25 14:43:55.644,28404.0
2021-06-25 14:43:55.648,28436.0
2021-06-25 14:43:55.653,27680.0
2021-06-25 14:43:55.658,27480.0
2021-06-25 14:43:55.663,31144.0
2021-06-25 14:43:55.668,32500.0
2021-06-25 14:43:55.673,28758.0
2021-06-25 14:43:55.678,31480.0
2021-06-25 14:43:55.683,29928.0
2021-06-25 14:43:55.688,29866.0
2021-06-25 14:43:55.693,29122.0
2021-06-25 14:43:55.698,28482.0
2021-06-25 14:43:55.703,33230.0
2021-06-25 14:43:55.708,32998.0
2021-06-25 14:43:55.713,33090.0
2021-06-25 14:43:55.718,33276.0
2021-06-25 14:43:55.723,34708.0
2021-06-25 14:43:55.729,34066.0
2021-06-25 14:43:55.733,36530.0
2021-06-25 14:43:55.738,36074.0
2021-06-25 14:43:55.743,37370.0
2021-06-25 14:43:55.748,35322.0
2021-06-25 14:43:55.753,34370.0
2021-06-25 14:43:55.758,32160.0
2021-06-25 14:43:55.763,32326.0
2021-06-25 14:43:55.768,36222.0
2021-06-25 14:43:55.773,34696.0
2021-06-25 14:43:55.778,35622.0
2021-06-25 14:43:55.783,35240.0
2021-06-25 14:43:55.788,29816.0
2021-06-25 14:43:55.793,30550.0
2021-06-25 14:43:55.798,30622.0
2021-06-25 14:43:55.803,30982.0
2021-06-25 14:43:55.808,29734.0
2021-06-25 14:43:55.813,31326.0
2021-06-25 14:43:55.818,31080.0
2021-06-25 14:43:55.823,31924.0
2021-06-25 14:43:55.828,31108.0
2021-06-25 14:43:55.833,32634.0
2021-06-25 14:43:55.838,31186.0
2021-06-25 14:43:55.843,34488.0
2021-06-25 14:43:55.848,40008.0
2021-06-25 14:43:55.853,37760.0
2021-06-25 14:43:55.858,37216.0
2021-06-25 14:43:55.863,36264.0
2021-06-25 14:43:55.868,37228.0
2021-06-25 14:43:55.873,37216.0
2021-06-25 14:43:55.878,39112.0
2021-06-25 14:43:55.883,38562.0
2021-06-25 14:43:55.888,38634.0
2021-06-25 14:43:55.893,39084.0
2021-06-25 14:43:55.898,38342.0
2021-06-25 14:43:55.903,38152.0
2021-06-25 14:43:55.908,37520.0
2021-06-25 14:43:55.913,36422.0
2021-06-25 14:43:55.918,38702.0
2021-06-25 14:43:55.923,39038.0
2021-06-25 14:43:55.928,33512.0
2021-06-25 14:43:55.933,33120.0
2021-06-25 14:43:55.938,35784.0
2021-06-25 14:43:55.943,34152.0
2021-06-25 14:43:55.948,32994.0
2021-06-25 14:43:55.953,39862.0
2021-06-25 14:43:55.958,31154.0
2021-06-25 14:43:55.963,29312.0
2021-06-25 14:43:55.968,29540.0
2021-06-25 14:43:55.973,26572.0
2021-06-25 14:43:55.978,27284.0
2021-06-25 14:43:55.983,27362.0
2021-06-25 14:43:55.988,33810.0
2021-06-25 14:43:55.993,34724.0
2021-06-25 14:43:55.998,33040.0
2021-06-25 14:43:56.003,35724.0
2021-06-25 14:43:56.008,33168.0
2021-06-25 14:43:56.013,31888.0
2021-06-25 14:43:56.018,33522.0
2021-06-25 14:43:56.023,33382.0
2021-06-25 14:43:56.028,34380.0
2021-06-25 14:43:56.033,33864.0
2021-06-25 14:43:56.038,32356.0
2021-06-25 14:43:56.043,33092.0
2021-06-25 14:43:56.048,33328.0
2021-06-25 14:43:56.053,36120.0
2021-06-25 14:43:56.058,32992.0
2021-06-25 14:43:56.063,27056.0
2021-06-25 14:43:56.068,30338.0
2021-06-25 14:43:56.073,27486.0
2021-06-25 14:43:56.078,29722.0
2021-06-25 14:43:56.083,27846.0
2021-06-25 14:43:56.088,33784.0
2021-06-25 14:43:56.093,29688.0
2021-06-25 14:43:56.098,28918.0
2021-06-25 14:43:56.103,27362.0
2021-06-25 14:43:56.108,29078.0
2021-06-25 14:43:56.113,29724.0
2021-06-25 14:43:56.118,30314.0
2021-06-25 14:43:56.123,32254.0
2021-06-25 14:43:56.128,33446.0
2021-06-25 14:43:56.133,34532.0
2021-06-25 14:43:56.138,35672.0
2021-06-25 14:43:56.143,34724.0
2021-06-25 14:43:56.148,35688.0
2021-06-25 14:43:56.153,36910.0
2021-06-25 14:43:56.158,35612.0
2021-06-25 14:43:56.163,33564.0
2021-06-25 14:43:56.168,34046.0
2021-06-25 14:43:56.173,34624.0
2021-06-25 14:43:56.178,35036.0
2021-06-25 14:43:56.183,39338.0
2021-06-25 14:43:56.188,37172.0
2021-06-25 14:43:56.193,37330.0
2021-06-25 14:43:56.199,33728.0
2021-06-25 14:43:56.203,33932.0
2021-06-25 14:43:56.208,32834.0
2021-06-25 14:43:56.213,32258.0
2021-06-25 14:43:56.218,33598.0
2021-06-25 14:43:56.223,35010.0
2021-06-25 14:43:56.228,36082.0
2021-06-25 14:43:56.233,36494.0
2021-06-25 14:43:56.238,34970.0
2021-06-25 14:43:56.243,35694.0
2021-06-25 14:43:56.248,34852.0
2021-06-25 14:43:56.253,37668.0
2021-06-25 14:43:56.258,38440.0
2021-06-25 14:43:56.263,41646.0
2021-06-25 14:43:56.268,42068.0
2021-06-25 14:43:56.273,39742.0
2021-06-25 14:43:56.278,40852.0
2021-06-25 14:43:56.284,40244.0
2021-06-25 14:43:56.288,41508.0
2021-06-25 14:43:56.293,41558.0
2021-06-25 14:43:56.298,40272.0
2021-06-25 14:43:56.303,41648.0
2021-06-25 14:43:56.308,40014.0
2021-06-25 14:43:56.313,38782.0
2021-06-25 14:43:56.318,39194.0
2021-06-25 14:43:56.323,38696.0
2021-06-25 14:43:56.328,40214.0
2021-06-25 14:43:56.333,40416.0
2021-06-25 14:43:56.338,34024.0
2021-06-25 14:43:56.343,31716.0
2021-06-25 14:43:56.348,33682.0
2021-06-25 14:43:56.353,35266.0
2021-06-25 14:43:56.358,32212.0
2021-06-25 14:43:56.363,34198.0
2021-06-25 14:43:56.369,36468.0
2021-06-25 14:43:56.373,31196.0
2021-06-25 14:43:56.378,34768.0
2021-06-25 14:43:56.383,31808.0
2021-06-25 14:43:56.388,34394.0
2021-06-25 14:43:56.393,33542.0
2021-06-25 14:43:56.398,33418.0
2021-06-25 14:43:56.403,40476.0
2021-06-25 14:43:56.408,39800.0
2021-06-25 14:43:56.413,37834.0
2021-06-25 14:43:56.418,37956.0
2021-06-25 14:43:56.423,38250.0
2021-06-25 14:43:56.428,38700.0
2021-06-25 14:43:56.433,38296.0
2021-06-25 14:43:56.438,37740.0
2021-06-25 14:43:56.443,37340.0
2021-06-25 14:43:56.448,37336.0
2021-06-25 14:43:56.453,38784.0
2021-06-25 14:43:56.458,37470.0
2021-06-25 14:43:56.463,32948.0
2021-06-25 14:43:56.468,36320.0
2021-06-25 14:43:56.473,37242.0
2021-06-25 14:43:56.478,32192.0
2021-06-25 14:43:56.483,30540.0
2021-06-25 14:43:56.488,32434.0
2021-06-25 14:43:56.493,32418.0
2021-06-25 14:43:56.498,30654.0
2021-06-25 14:43:56.503,37226.0
2021-06-25 14:43:56.508,30806.0
2021-06-25 14:43:56.513,31084.0
2021-06-25 14:43:56.518,31998.0
2021-06-25 14:43:56.523,33962.0
2021-06-25 14:43:56.528,30094.0
2021-06-25 14:43:56.533,31412.0
2021-06-25 14:43:56.538,35220.0
2021-06-25 14:43:56.543,34778.0
2021-06-25 14:43:56.548,37248.0
2021-06-25 14:43:56.553,36180.0
2021-06-25 14:43:56.558,34718.0
2021-06-25 14:43:56.563,31062.0
2021-06-25 14:43:56.568,34610.0
2021-06-25 14:43:56.573,35912.0
2021-06-25 14:43:56.578,37834.0
2021-06-25 14:43:56.583,36606.0
2021-06-25 14:43:56.588,37542.0
2021-06-25 14:43:56.601,39208.0
2021-06-25 14:43:56.602,39172.0
2021-06-25 14:43:56.604,39060.0
2021-06-25 14:43:56.608,36058.0
2021-06-25 14:43:56.613,38640.0
2021-06-25 14:43:56.618,31478.0
2021-06-25 14:43:56.623,31814.0
2021-06-25 14:43:56.628,32022.0
2021-06-25 14:43:56.633,32322.0
2021-06-25 14:43:56.638,29722.0
2021-06-25 14:43:56.643,30658.0
2021-06-25 14:43:56.648,33434.0
2021-06-25 14:43:56.653,29806.0
2021-06-25 14:43:56.658,31392.0
2021-06-25 14:43:56.663,31494.0
2021-06-25 14:43:56.668,32034.0
2021-06-25 14:43:56.673,30760.0
2021-06-25 14:43:56.678,31254.0
2021-06-25 14:43:56.683,36340.0
2021-06-25 14:43:56.688,37422.0
2021-06-25 14:43:56.693,37464.0
2021-06-25 14:43:56.698,38192.0
2021-06-25 14:43:56.703,37678.0
2021-06-25 14:43:56.708,36144.0
2021-06-25 14:43:56.713,36302.0
2021-06-25 14:43:56.718,36980.0
2021-06-25 14:43:56.723,35698.0
2021-06-25 14:43:56.728,36058.0
2021-06-25 14:43:56.733,37520.0
2021-06-25 14:43:56.738,36822.0
2021-06-25 14:43:56.743,36220.0
2021-06-25 14:43:56.748,37716.0
2021-06-25 14:43:56.754,38876.0
2021-06-25 14:43:56.758,34486.0
2021-06-25 14:43:56.763,30956.0
2021-06-25 14:43:56.768,31162.0
2021-06-25 14:43:56.773,30610.0
2021-06-25 14:43:56.778,34004.0
2021-06-25 14:43:56.783,32264.0
2021-06-25 14:43:56.788,36246.0
2021-06-25 14:43:56.793,30524.0
2021-06-25 14:43:56.798,31294.0
2021-06-25 14:43:56.803,29704.0
2021-06-25 14:43:56.808,32264.0
2021-06-25 14:43:56.813,31218.0
2021-06-25 14:43:56.818,29996.0
2021-06-25 14:43:56.823,36514.0
2021-06-25 14:43:56.828,37490.0
2021-06-25 14:43:56.833,37428.0
2021-06-25 14:43:56.839,36744.0
2021-06-25 14:43:56.843,36038.0
2021-06-25 14:43:56.848,37660.0
2021-06-25 14:43:56.853,36646.0
2021-06-25 14:43:56.858,34984.0
2021-06-25 14:43:56.863,33054.0
2021-06-25 14:43:56.868,37094.0
2021-06-25 14:43:56.873,38024.0
2021-06-25 14:43:56.878,37598.0
2021-06-25 14:43:56.883,36376.0
2021-06-25 14:43:56.888,34944.0
2021-06-25 14:43:56.893,36816.0
2021-06-25 14:43:56.898,36654.0
2021-06-25 14:43:56.903,30510.0
2021-06-25 14:43:56.908,31832.0
2021-06-25 14:43:56.913,30042.0
2021-06-25 14:43:56.918,33410.0
2021-06-25 14:43:56.924,33224.0
2021-06-25 14:43:56.928,34722.0
2021-06-25 14:43:56.933,28688.0
2021-06-25 14:43:56.938,31900.0
2021-06-25 14:43:56.943,31778.0
2021-06-25 14:43:56.948,31860.0
2021-06-25 14:43:56.953,30330.0
2021-06-25 14:43:56.958,32444.0
2021-06-25 14:43:56.963,38506.0
2021-06-25 14:43:56.968,36606.0
2021-06-25 14:43:56.973,36760.0
2021-06-25 14:43:56.978,37124.0
2021-06-25 14:43:56.983,37468.0
2021-06-25 14:43:56.988,38494.0
2021-06-25 14:43:56.993,39286.0
2021-06-25 14:43:56.998,38120.0
2021-06-25 14:43:57.003,36894.0
2021-06-25 14:43:57.009,37668.0
2021-06-25 14:43:57.013,36740.0
2021-06-25 14:43:57.018,36628.0
2021-06-25 14:43:57.023,35590.0
2021-06-25 14:43:57.028,37208.0
2021-06-25 14:43:57.033,36518.0
2021-06-25 14:43:57.038,29232.0
2021-06-25 14:43:57.043,30256.0
2021-06-25 14:43:57.048,32788.0
2021-06-25 14:43:57.053,32244.0
2021-06-25 14:43:57.058,30366.0
2021-06-25 14:43:57.063,30114.0
2021-06-25 14:43:57.068,32720.0
2021-06-25 14:43:57.073,31398.0
2021-06-25 14:43:57.078,29138.0
2021-06-25 14:43:57.083,31992.0
2021-06-25 14:43:57.088,29840.0
2021-06-25 14:43:57.093,31418.0
2021-06-25 14:43:57.098,35790.0
2021-06-25 14:43:57.103,35702.0
2021-06-25 14:43:57.108,37068.0
2021-06-25 14:43:57.113,34698.0
2021-06-25 14:43:57.118,35368.0
2021-06-25 14:43:57.123,33922.0
2021-06-25 14:43:57.128,35990.0
2021-06-25 14:43:57.133,35338.0
2021-06-25 14:43:57.138,37376.0
2021-06-25 14:43:57.143,36138.0
2021-06-25 14:43:57.148,38650.0
2021-06-25 14:43:57.153,38280.0
2021-06-25 14:43:57.158,37356.0
2021-06-25 14:43:57.163,36714.0
2021-06-25 14:43:57.168,35974.0
2021-06-25 14:43:57.173,37828.0
2021-06-25 14:43:57.178,37586.0
2021-06-25 14:43:57.183,29060.0
2021-06-25 14:43:57.188,31150.0
2021-06-25 14:43:57.193,33178.0
2021-06-25 14:43:57.198,32064.0
2021-06-25 14:43:57.203,33790.0
2021-06-25 14:43:57.208,35486.0
2021-06-25 14:43:57.213,30954.0
2021-06-25 14:43:57.218,31916.0
2021-06-25 14:43:57.223,30246.0
2021-06-25 14:43:57.228,30038.0
2021-06-25 14:43:57.233,32094.0
2021-06-25 14:43:57.238,36294.0
2021-06-25 14:43:57.243,37848.0
2021-06-25 14:43:57.248,37824.0
2021-06-25 14:43:57.253,37776.0
2021-06-25 14:43:57.258,37870.0
2021-06-25 14:43:57.263,36854.0
2021-06-25 14:43:57.268,35610.0
2021-06-25 14:43:57.273,37078.0
2021-06-25 14:43:57.278,38192.0
2021-06-25 14:43:57.283,36108.0
2021-06-25 14:43:57.288,34796.0
2021-06-25 14:43:57.293,35996.0
2021-06-25 14:43:57.298,36684.0
2021-06-25 14:43:57.303,37412.0
2021-06-25 14:43:57.308,36780.0
2021-06-25 14:43:57.313,36612.0
2021-06-25 14:43:57.318,35394.0
2021-06-25 14:43:57.323,29446.0
2021-06-25 14:43:57.328,31550.0
2021-06-25 14:43:57.333,31878.0
2021-06-25 14:43:57.338,30084.0
2021-06-25 14:43:57.343,31890.0
2021-06-25 14:43:57.348,32804.0
2021-06-25 14:43:57.353,30780.0
2021-06-25 14:43:57.358,31012.0
2021-06-25 14:43:57.363,33260.0
2021-06-25 14:43:57.368,33146.0
2021-06-25 14:43:57.373,30894.0
2021-06-25 14:43:57.378,29318.0
2021-06-25 14:43:57.383,37598.0
2021-06-25 14:43:57.388,37396.0
2021-06-25 14:43:57.393,37242.0
2021-06-25 14:43:57.398,36806.0
2021-06-25 14:43:57.403,34728.0
2021-06-25 14:43:57.408,38238.0
2021-06-25 14:43:57.413,37914.0
2021-06-25 14:43:57.418,34548.0
2021-06-25 14:43:57.423,35764.0
2021-06-25 14:43:57.428,37088.0
2021-06-25 14:43:57.433,36272.0
2021-06-25 14:43:57.438,38294.0
2021-06-25 14:43:57.443,38192.0
2021-06-25 14:43:57.448,38064.0
2021-06-25 14:43:57.453,37868.0
2021-06-25 14:43:57.458,33418.0
2021-06-25 14:43:57.463,33152.0
2021-06-25 14:43:57.468,32926.0
2021-06-25 14:43:57.473,33464.0
2021-06-25 14:43:57.479,33214.0
2021-06-25 14:43:57.483,32058.0
2021-06-25 14:43:57.488,31896.0
2021-06-25 14:43:57.493,30140.0
2021-06-25 14:43:57.498,31352.0
2021-06-25 14:43:57.503,29268.0
2021-06-25 14:43:57.508,32362.0
2021-06-25 14:43:57.513,30474.0
2021-06-25 14:43:57.518,37068.0
2021-06-25 14:43:57.523,37428.0
2021-06-25 14:43:57.528,36310.0
2021-06-25 14:43:57.533,37526.0
2021-06-25 14:43:57.538,35944.0
2021-06-25 14:43:57.543,37306.0
2021-06-25 14:43:57.548,38300.0
2021-06-25 14:43:57.553,37480.0
2021-06-25 14:43:57.558,39394.0
2021-06-25 14:43:57.564,38962.0
2021-06-25 14:43:57.568,36400.0
2021-06-25 14:43:57.573,34820.0
2021-06-25 14:43:57.578,36186.0
2021-06-25 14:43:57.583,36806.0
2021-06-25 14:43:57.588,35494.0
2021-06-25 14:43:57.593,30334.0
2021-06-25 14:43:57.598,31864.0
2021-06-25 14:43:57.603,32130.0
2021-06-25 14:43:57.608,32710.0
2021-06-25 14:43:57.613,31642.0
2021-06-25 14:43:57.618,32316.0
2021-06-25 14:43:57.623,33018.0
2021-06-25 14:43:57.628,30672.0
2021-06-25 14:43:57.633,31644.0
2021-06-25 14:43:57.638,29806.0
2021-06-25 14:43:57.643,31560.0
2021-06-25 14:43:57.649,31284.0
2021-06-25 14:43:57.653,35802.0
2021-06-25 14:43:57.658,37008.0
2021-06-25 14:43:57.663,37770.0
2021-06-25 14:43:57.668,31942.0
2021-06-25 14:43:57.673,34498.0
2021-06-25 14:43:57.678,34584.0
2021-06-25 14:43:57.683,37624.0
2021-06-25 14:43:57.688,36914.0
2021-06-25 14:43:57.693,38114.0
2021-06-25 14:43:57.698,36546.0
2021-06-25 14:43:57.703,34102.0
2021-06-25 14:43:57.708,35692.0
2021-06-25 14:43:57.713,36494.0
2021-06-25 14:43:57.718,37560.0
2021-06-25 14:43:57.723,34230.0
2021-06-25 14:43:57.728,36556.0
2021-06-25 14:43:57.733,31914.0
2021-06-25 14:43:57.738,31094.0
2021-06-25 14:43:57.743,30964.0
2021-06-25 14:43:57.748,33752.0
2021-06-25 14:43:57.753,31778.0
2021-06-25 14:43:57.758,33358.0
2021-06-25 14:43:57.763,30524.0
2021-06-25 14:43:57.768,30436.0
2021-06-25 14:43:57.773,29040.0
2021-06-25 14:43:57.778,31438.0
2021-06-25 14:43:57.783,31480.0
2021-06-25 14:43:57.788,29656.0
2021-06-25 14:43:57.793,37802.0
2021-06-25 14:43:57.798,38008.0
2021-06-25 14:43:57.803,36540.0
2021-06-25 14:43:57.808,38034.0
2021-06-25 14:43:57.813,37116.0
2021-06-25 14:43:57.818,34414.0
2021-06-25 14:43:57.823,33364.0
2021-06-25 14:43:57.828,36144.0
2021-06-25 14:43:57.833,37386.0
2021-06-25 14:43:57.838,37778.0
2021-06-25 14:43:57.843,36674.0
2021-06-25 14:43:57.848,35222.0
2021-06-25 14:43:57.853,37038.0
2021-06-25 14:43:57.858,37920.0
2021-06-25 14:43:57.863,33954.0
2021-06-25 14:43:57.868,32576.0
2021-06-25 14:43:57.873,31586.0
2021-06-25 14:43:57.878,30138.0
2021-06-25 14:43:57.883,30380.0
2021-06-25 14:43:57.888,29322.0
2021-06-25 14:43:57.893,30816.0
2021-06-25 14:43:57.898,31140.0
2021-06-25 14:43:57.903,30882.0
2021-06-25 14:43:57.908,29004.0
2021-06-25 14:43:57.913,30406.0
2021-06-25 14:43:57.918,30390.0
2021-06-25 14:43:57.923,30468.0
2021-06-25 14:43:57.928,38136.0
2021-06-25 14:43:57.933,37536.0
2021-06-25 14:43:57.938,37796.0
2021-06-25 14:43:57.943,37982.0
2021-06-25 14:43:57.948,37238.0
2021-06-25 14:43:57.953,37960.0
2021-06-25 14:43:57.958,36468.0
2021-06-25 14:43:57.963,34090.0
2021-06-25 14:43:57.968,38096.0
2021-06-25 14:43:57.973,35502.0
2021-06-25 14:43:57.978,36118.0
2021-06-25 14:43:57.983,36726.0
2021-06-25 14:43:57.988,36726.0
2021-06-25 14:43:57.993,35878.0
2021-06-25 14:43:57.998,38232.0
2021-06-25 14:43:58.003,32520.0
2021-06-25 14:43:58.008,30692.0
2021-06-25 14:43:58.013,30426.0
2021-06-25 14:43:58.018,31054.0
2021-06-25 14:43:58.023,30918.0
2021-06-25 14:43:58.028,37498.0
2021-06-25 14:43:58.033,34758.0
2021-06-25 14:43:58.038,31940.0
2021-06-25 14:43:58.043,32608.0
2021-06-25 14:43:58.048,33388.0
2021-06-25 14:43:58.053,31746.0
2021-06-25 14:43:58.058,33076.0
2021-06-25 14:43:58.063,37126.0
2021-06-25 14:43:58.068,31960.0
2021-06-25 14:43:58.073,36930.0
2021-06-25 14:43:58.078,37284.0
2021-06-25 14:43:58.083,34732.0
2021-06-25 14:43:58.088,37524.0
2021-06-25 14:43:58.093,36648.0
2021-06-25 14:43:58.098,38270.0
2021-06-25 14:43:58.103,38812.0
2021-06-25 14:43:58.108,35612.0
2021-06-25 14:43:58.113,34810.0
2021-06-25 14:43:58.119,31452.0
2021-06-25 14:43:58.123,35750.0
2021-06-25 14:43:58.128,35456.0
2021-06-25 14:43:58.133,36192.0
2021-06-25 14:43:58.138,37068.0
2021-06-25 14:43:58.143,30826.0
2021-06-25 14:43:58.148,28872.0
2021-06-25 14:43:58.153,31654.0
2021-06-25 14:43:58.158,31346.0
2021-06-25 14:43:58.163,30138.0
2021-06-25 14:43:58.168,29594.0
2021-06-25 14:43:58.173,28562.0
2021-06-25 14:43:58.178,28344.0
2021-06-25 14:43:58.183,28024.0
2021-06-25 14:43:58.188,28834.0
2021-06-25 14:43:58.193,27890.0
2021-06-25 14:43:58.198,26920.0
2021-06-25 14:43:58.204,35954.0
2021-06-25 14:43:58.208,35186.0
2021-06-25 14:43:58.213,34994.0
2021-06-25 14:43:58.218,34806.0
2021-06-25 14:43:58.223,35784.0
2021-06-25 14:43:58.228,35016.0
2021-06-25 14:43:58.233,34184.0
2021-06-25 14:43:58.238,34722.0
2021-06-25 14:43:58.243,34014.0
2021-06-25 14:43:58.248,34724.0
2021-06-25 14:43:58.253,34928.0
2021-06-25 14:43:58.258,34136.0
2021-06-25 14:43:58.263,35462.0
2021-06-25 14:43:58.268,33758.0
2021-06-25 14:43:58.273,33224.0
2021-06-25 14:43:58.278,33464.0
2021-06-25 14:43:58.283,27368.0
2021-06-25 14:43:58.289,26936.0
2021-06-25 14:43:58.293,28292.0
2021-06-25 14:43:58.298,29328.0
2021-06-25 14:43:58.303,28724.0
2021-06-25 14:43:58.308,31044.0
2021-06-25 14:43:58.313,30016.0
2021-06-25 14:43:58.318,29426.0
2021-06-25 14:43:58.323,30954.0
2021-06-25 14:43:58.328,31162.0
2021-06-25 14:43:58.333,28072.0
2021-06-25 14:43:58.338,29178.0
2021-06-25 14:43:58.343,37786.0
2021-06-25 14:43:58.348,38476.0
2021-06-25 14:43:58.353,38946.0
2021-06-25 14:43:58.358,37238.0
2021-06-25 14:43:58.363,38722.0
2021-06-25 14:43:58.368,38798.0
2021-06-25 14:43:58.373,36730.0
2021-06-25 14:43:58.378,38788.0
2021-06-25 14:43:58.383,37606.0
2021-06-25 14:43:58.388,38938.0
2021-06-25 14:43:58.393,39486.0
2021-06-25 14:43:58.398,39368.0
2021-06-25 14:43:58.403,38454.0
2021-06-25 14:43:58.408,38080.0
2021-06-25 14:43:58.413,39378.0
2021-06-25 14:43:58.418,32824.0
2021-06-25 14:43:58.423,32900.0
2021-06-25 14:43:58.428,33040.0
2021-06-25 14:43:58.433,34718.0
2021-06-25 14:43:58.438,32890.0
2021-06-25 14:43:58.443,32710.0
2021-06-25 14:43:58.448,35914.0
2021-06-25 14:43:58.453,33112.0
2021-06-25 14:43:58.458,33372.0
2021-06-25 14:43:58.463,33594.0
2021-06-25 14:43:58.468,32142.0
2021-06-25 14:43:58.473,33292.0
2021-06-25 14:43:58.478,33872.0
2021-06-25 14:43:58.483,36074.0
2021-06-25 14:43:58.488,37048.0
2021-06-25 14:43:58.493,38938.0
2021-06-25 14:43:58.498,37652.0
2021-06-25 14:43:58.503,37324.0
2021-06-25 14:43:58.508,38012.0
2021-06-25 14:43:58.513,38520.0
2021-06-25 14:43:58.518,37370.0
2021-06-25 14:43:58.523,36854.0
2021-06-25 14:43:58.528,37100.0
2021-06-25 14:43:58.533,35836.0
2021-06-25 14:43:58.538,35230.0
2021-06-25 14:43:58.543,36828.0
2021-06-25 14:43:58.548,37032.0
2021-06-25 14:43:58.553,36302.0
2021-06-25 14:43:58.558,38422.0
2021-06-25 14:43:58.563,31978.0
2021-06-25 14:43:58.568,30256.0
2021-06-25 14:43:58.573,30812.0
2021-06-25 14:43:58.578,32736.0
2021-06-25 14:43:58.583,30066.0
2021-06-25 14:43:58.588,35132.0
2021-06-25 14:43:58.593,34996.0
2021-06-25 14:43:58.598,32286.0
2021-06-25 14:43:58.603,32648.0
2021-06-25 14:43:58.608,31206.0
2021-06-25 14:43:58.613,32356.0
2021-06-25 14:43:58.618,31698.0
2021-06-25 14:43:58.623,31698.0
2021-06-25 14:43:58.628,36828.0
2021-06-25 14:43:58.633,35802.0
2021-06-25 14:43:58.638,36504.0
2021-06-25 14:43:58.643,37376.0
2021-06-25 14:43:58.648,36248.0
2021-06-25 14:43:58.653,36800.0
2021-06-25 14:43:58.658,35722.0
2021-06-25 14:43:58.663,35882.0
2021-06-25 14:43:58.668,35702.0
2021-06-25 14:43:58.673,32958.0
2021-06-25 14:43:58.678,35452.0
2021-06-25 14:43:58.683,35580.0
2021-06-25 14:43:58.688,38568.0
2021-06-25 14:43:58.693,36638.0
2021-06-25 14:43:58.698,37254.0
2021-06-25 14:43:58.703,35800.0
2021-06-25 14:43:58.708,30628.0
2021-06-25 14:43:58.713,29276.0
2021-06-25 14:43:58.718,30776.0
2021-06-25 14:43:58.723,32006.0
2021-06-25 14:43:58.728,32048.0
2021-06-25 14:43:58.733,32556.0
2021-06-25 14:43:58.738,30954.0
2021-06-25 14:43:58.743,30694.0
2021-06-25 14:43:58.748,29576.0
2021-06-25 14:43:58.753,27420.0
2021-06-25 14:43:58.759,27974.0
2021-06-25 14:43:58.763,27972.0
2021-06-25 14:43:58.768,33230.0
2021-06-25 14:43:58.773,33320.0
2021-06-25 14:43:58.778,34928.0
2021-06-25 14:43:58.783,31806.0
2021-06-25 14:43:58.788,33700.0
2021-06-25 14:43:58.793,35102.0
2021-06-25 14:43:58.798,34460.0
2021-06-25 14:43:58.803,34194.0
2021-06-25 14:43:58.808,35560.0
2021-06-25 14:43:58.813,36196.0
2021-06-25 14:43:58.818,32768.0
2021-06-25 14:43:58.823,35564.0
2021-06-25 14:43:58.828,34870.0
2021-06-25 14:43:58.833,35092.0
2021-06-25 14:43:58.838,34626.0
2021-06-25 14:43:58.844,33490.0
2021-06-25 14:43:58.848,29724.0
2021-06-25 14:43:58.853,28108.0
2021-06-25 14:43:58.858,31734.0
2021-06-25 14:43:58.863,29494.0
2021-06-25 14:43:58.868,29744.0
2021-06-25 14:43:58.873,33290.0
2021-06-25 14:43:58.878,29288.0
2021-06-25 14:43:58.883,27254.0
2021-06-25 14:43:58.888,27936.0
2021-06-25 14:43:58.893,28568.0
2021-06-25 14:43:58.898,27830.0
2021-06-25 14:43:58.903,29722.0
2021-06-25 14:43:58.908,36536.0
2021-06-25 14:43:58.913,34220.0
2021-06-25 14:43:58.918,34552.0
2021-06-25 14:43:58.923,33958.0
2021-06-25 14:43:58.929,33742.0
2021-06-25 14:43:58.933,34020.0
2021-06-25 14:43:58.938,34804.0
2021-06-25 14:43:58.943,34978.0
2021-06-25 14:43:58.948,35288.0
2021-06-25 14:43:58.953,34480.0
2021-06-25 14:43:58.958,36930.0
2021-06-25 14:43:58.963,34014.0
2021-06-25 14:43:58.968,35740.0
2021-06-25 14:43:58.973,34980.0
2021-06-25 14:43:58.978,33572.0
2021-06-25 14:43:58.983,33254.0
2021-06-25 14:43:58.988,36432.0
2021-06-25 14:43:58.993,28846.0
2021-06-25 14:43:58.998,30628.0
2021-06-25 14:43:59.003,31110.0
2021-06-25 14:43:59.008,29858.0
2021-06-25 14:43:59.013,32358.0
2021-06-25 14:43:59.018,37242.0
2021-06-25 14:43:59.023,32060.0
2021-06-25 14:43:59.028,33454.0
2021-06-25 14:43:59.033,32358.0
2021-06-25 14:43:59.038,31346.0
2021-06-25 14:43:59.043,32624.0
2021-06-25 14:43:59.048,35656.0
2021-06-25 14:43:59.053,37818.0
2021-06-25 14:43:59.058,38700.0
2021-06-25 14:43:59.063,38994.0
2021-06-25 14:43:59.068,39876.0
2021-06-25 14:43:59.073,34430.0
2021-06-25 14:43:59.078,35790.0
2021-06-25 14:43:59.083,37418.0
2021-06-25 14:43:59.088,39300.0
2021-06-25 14:43:59.093,38804.0
2021-06-25 14:43:59.098,39772.0
2021-06-25 14:43:59.103,39372.0
2021-06-25 14:43:59.108,38748.0
2021-06-25 14:43:59.113,37064.0
2021-06-25 14:43:59.118,38608.0
2021-06-25 14:43:59.123,36776.0
2021-06-25 14:43:59.128,34754.0
2021-06-25 14:43:59.133,33906.0
2021-06-25 14:43:59.138,33198.0
2021-06-25 14:43:59.143,35272.0
2021-06-25 14:43:59.148,31382.0
2021-06-25 14:43:59.161,33978.0
2021-06-25 14:43:59.162,31906.0
2021-06-25 14:43:59.164,33446.0
2021-06-25 14:43:59.168,33650.0
2021-06-25 14:43:59.173,32694.0
2021-06-25 14:43:59.178,31782.0
2021-06-25 14:43:59.183,30364.0
2021-06-25 14:43:59.188,31596.0
2021-06-25 14:43:59.193,36222.0
2021-06-25 14:43:59.198,37072.0
2021-06-25 14:43:59.203,38090.0
2021-06-25 14:43:59.208,36294.0
2021-06-25 14:43:59.213,36694.0
2021-06-25 14:43:59.218,38188.0
2021-06-25 14:43:59.223,36074.0
2021-06-25 14:43:59.228,37550.0
2021-06-25 14:43:59.233,36954.0
2021-06-25 14:43:59.238,36936.0
2021-06-25 14:43:59.243,37124.0
2021-06-25 14:43:59.248,38100.0
2021-06-25 14:43:59.253,36944.0
2021-06-25 14:43:59.258,38212.0
2021-06-25 14:43:59.263,37950.0
2021-06-25 14:43:59.268,38588.0
2021-06-25 14:43:59.273,36882.0
2021-06-25 14:43:59.278,32330.0
2021-06-25 14:43:59.283,31592.0
2021-06-25 14:43:59.288,31860.0
2021-06-25 14:43:59.293,34106.0
2021-06-25 14:43:59.298,31448.0
2021-06-25 14:43:59.303,33906.0
2021-06-25 14:43:59.308,31110.0
2021-06-25 14:43:59.313,31058.0
2021-06-25 14:43:59.318,31248.0
2021-06-25 14:43:59.323,32576.0
2021-06-25 14:43:59.328,33326.0
2021-06-25 14:43:59.333,34476.0
2021-06-25 14:43:59.338,37416.0
2021-06-25 14:43:59.343,38034.0
2021-06-25 14:43:59.348,37896.0
2021-06-25 14:43:59.353,38104.0
2021-06-25 14:43:59.358,38684.0
2021-06-25 14:43:59.363,37864.0
2021-06-25 14:43:59.368,37258.0
2021-06-25 14:43:59.373,35656.0
2021-06-25 14:43:59.378,37930.0
2021-06-25 14:43:59.383,36900.0
2021-06-25 14:43:59.388,37766.0
2021-06-25 14:43:59.393,37428.0
2021-06-25 14:43:59.399,36838.0
2021-06-25 14:43:59.403,36730.0
2021-06-25 14:43:59.408,36770.0
2021-06-25 14:43:59.413,31160.0
2021-06-25 14:43:59.418,33142.0
2021-06-25 14:43:59.423,31972.0
2021-06-25 14:43:59.428,32556.0
2021-06-25 14:43:59.433,31458.0
2021-06-25 14:43:59.438,35698.0
2021-06-25 14:43:59.443,33008.0
2021-06-25 14:43:59.448,32310.0
2021-06-25 14:43:59.453,30914.0
2021-06-25 14:43:59.458,30456.0
2021-06-25 14:43:59.463,33972.0
2021-06-25 14:43:59.468,31058.0
2021-06-25 14:43:59.473,33194.0
2021-06-25 14:43:59.478,37080.0
2021-06-25 14:43:59.484,35416.0
2021-06-25 14:43:59.488,37536.0
2021-06-25 14:43:59.493,35678.0
2021-06-25 14:43:59.498,37412.0
2021-06-25 14:43:59.503,34944.0
2021-06-25 14:43:59.508,35826.0
2021-06-25 14:43:59.513,36428.0
2021-06-25 14:43:59.518,35750.0
2021-06-25 14:43:59.523,36292.0
2021-06-25 14:43:59.528,36448.0
2021-06-25 14:43:59.533,37586.0
2021-06-25 14:43:59.538,37448.0
2021-06-25 14:43:59.543,35304.0
2021-06-25 14:43:59.548,37190.0
2021-06-25 14:43:59.553,36618.0
2021-06-25 14:43:59.558,31540.0
2021-06-25 14:43:59.563,30344.0
2021-06-25 14:43:59.569,33660.0
2021-06-25 14:43:59.573,32994.0
2021-06-25 14:43:59.578,29042.0
2021-06-25 14:43:59.583,32382.0
2021-06-25 14:43:59.588,31798.0
2021-06-25 14:43:59.593,30134.0
2021-06-25 14:43:59.598,30160.0
2021-06-25 14:43:59.603,30494.0
2021-06-25 14:43:59.608,30654.0
2021-06-25 14:43:59.613,31382.0
2021-06-25 14:43:59.618,35682.0
2021-06-25 14:43:59.623,38604.0
2021-06-25 14:43:59.628,36754.0
2021-06-25 14:43:59.633,38028.0
2021-06-25 14:43:59.638,38008.0
2021-06-25 14:43:59.643,38412.0
2021-06-25 14:43:59.648,37136.0
2021-06-25 14:43:59.653,36524.0
2021-06-25 14:43:59.658,37788.0
2021-06-25 14:43:59.663,37150.0
2021-06-25 14:43:59.668,37760.0
2021-06-25 14:43:59.673,36374.0
2021-06-25 14:43:59.678,35446.0
2021-06-25 14:43:59.683,35678.0
2021-06-25 14:43:59.688,35486.0
2021-06-25 14:43:59.693,36026.0
2021-06-25 14:43:59.698,30964.0
2021-06-25 14:43:59.703,31462.0
2021-06-25 14:43:59.708,31166.0
2021-06-25 14:43:59.713,31136.0
2021-06-25 14:43:59.718,31534.0
2021-06-25 14:43:59.723,32628.0
2021-06-25 14:43:59.728,29288.0
2021-06-25 14:43:59.733,30390.0
2021-06-25 14:43:59.738,32392.0
2021-06-25 14:43:59.743,31852.0
2021-06-25 14:43:59.748,30216.0
2021-06-25 14:43:59.753,32250.0
2021-06-25 14:43:59.758,37756.0
2021-06-25 14:43:59.763,38876.0
2021-06-25 14:43:59.768,38756.0
2021-06-25 14:43:59.773,37198.0
2021-06-25 14:43:59.778,37806.0
2021-06-25 14:43:59.783,34666.0
2021-06-25 14:43:59.788,36746.0
2021-06-25 14:43:59.793,37596.0
2021-06-25 14:43:59.798,38920.0
2021-06-25 14:43:59.803,38972.0
2021-06-25 14:43:59.808,38346.0
2021-06-25 14:43:59.813,36954.0
2021-06-25 14:43:59.818,38162.0
2021-06-25 14:43:59.823,36744.0
2021-06-25 14:43:59.828,36972.0
2021-06-25 14:43:59.833,35676.0
2021-06-25 14:43:59.838,30462.0
2021-06-25 14:43:59.843,31808.0
2021-06-25 14:43:59.848,32018.0
2021-06-25 14:43:59.853,32114.0
2021-06-25 14:43:59.858,31258.0
2021-06-25 14:43:59.863,36658.0
2021-06-25 14:43:59.868,31160.0
2021-06-25 14:43:59.873,32694.0
2021-06-25 14:43:59.878,32080.0
2021-06-25 14:43:59.883,32014.0
2021-06-25 14:43:59.888,33342.0
2021-06-25 14:43:59.893,29872.0
2021-06-25 14:43:59.898,36170.0
2021-06-25 14:43:59.903,36904.0
2021-06-25 14:43:59.908,37878.0
2021-06-25 14:43:59.913,36986.0
2021-06-25 14:43:59.918,35944.0
2021-06-25 14:43:59.923,35730.0
2021-06-25 14:43:59.928,32546.0
2021-06-25 14:43:59.933,36646.0
2021-06-25 14:43:59.938,38778.0
2021-06-25 14:43:59.943,37304.0
2021-06-25 14:43:59.948,38500.0
2021-06-25 14:43:59.953,40512.0
2021-06-25 14:43:59.958,38512.0
2021-06-25 14:43:59.963,37782.0
2021-06-25 14:43:59.968,39250.0
2021-06-25 14:43:59.973,36174.0
2021-06-25 14:43:59.978,31366.0
2021-06-25 14:43:59.983,32146.0
2021-06-25 14:43:59.988,32994.0
2021-06-25 14:43:59.993,33552.0
2021-06-25 14:43:59.998,31616.0
2021-06-25 14:44:00.003,31536.0
2021-06-25 14:44:00.008,36652.0
2021-06-25 14:44:00.013,33148.0
2021-06-25 14:44:00.018,33424.0
2021-06-25 14:44:00.023,32080.0
2021-06-25 14:44:00.028,30898.0
2021-06-25 14:44:00.033,31684.0
2021-06-25 14:44:00.039,32496.0
2021-06-25 14:44:00.043,37598.0
2021-06-25 14:44:00.048,35560.0
2021-06-25 14:44:00.053,38234.0
2021-06-25 14:44:00.058,36200.0
2021-06-25 14:44:00.063,37788.0
2021-06-25 14:44:00.068,38572.0
2021-06-25 14:44:00.073,36220.0
2021-06-25 14:44:00.078,31490.0
2021-06-25 14:44:00.083,34516.0
2021-06-25 14:44:00.088,35600.0
2021-06-25 14:44:00.093,36402.0
2021-06-25 14:44:00.098,36154.0
2021-06-25 14:44:00.103,38746.0
2021-06-25 14:44:00.108,38018.0
2021-06-25 14:44:00.113,37870.0
2021-06-25 14:44:00.118,37542.0
2021-06-25 14:44:00.124,32378.0
2021-06-25 14:44:00.128,30638.0
2021-06-25 14:44:00.133,30196.0
2021-06-25 14:44:00.138,34106.0
2021-06-25 14:44:00.143,30212.0
2021-06-25 14:44:00.148,34892.0
2021-06-25 14:44:00.153,31228.0
2021-06-25 14:44:00.158,31008.0
2021-06-25 14:44:00.163,31530.0
2021-06-25 14:44:00.168,30226.0
2021-06-25 14:44:00.173,29940.0
2021-06-25 14:44:00.178,28616.0
2021-06-25 14:44:00.183,32716.0
2021-06-25 14:44:00.188,35296.0
2021-06-25 14:44:00.193,35102.0
2021-06-25 14:44:00.198,34866.0
2021-06-25 14:44:00.203,37280.0
2021-06-25 14:44:00.209,38650.0
2021-06-25 14:44:00.213,38978.0
2021-06-25 14:44:00.218,37942.0
2021-06-25 14:44:00.223,38274.0
2021-06-25 14:44:00.228,36642.0
2021-06-25 14:44:00.233,34354.0
2021-06-25 14:44:00.238,34590.0
2021-06-25 14:44:00.243,37288.0
2021-06-25 14:44:00.248,36826.0
2021-06-25 14:44:00.253,36944.0
2021-06-25 14:44:00.258,36310.0
2021-06-25 14:44:00.263,36848.0
2021-06-25 14:44:00.268,30468.0
2021-06-25 14:44:00.273,31658.0
2021-06-25 14:44:00.278,32948.0
2021-06-25 14:44:00.283,32110.0
2021-06-25 14:44:00.288,29918.0
2021-06-25 14:44:00.293,34486.0
2021-06-25 14:44:00.298,32054.0
2021-06-25 14:44:00.303,32694.0
2021-06-25 14:44:00.308,31006.0
2021-06-25 14:44:00.313,31706.0
2021-06-25 14:44:00.318,31782.0
2021-06-25 14:44:00.323,30212.0
2021-06-25 14:44:00.328,30626.0
2021-06-25 14:44:00.333,34814.0
2021-06-25 14:44:00.338,36812.0
2021-06-25 14:44:00.343,35974.0
2021-06-25 14:44:00.348,35802.0
2021-06-25 14:44:00.353,36628.0
2021-06-25 14:44:00.358,37284.0
2021-06-25 14:44:00.363,36674.0
2021-06-25 14:44:00.368,37048.0
2021-06-25 14:44:00.373,36884.0
2021-06-25 14:44:00.378,32352.0
2021-06-25 14:44:00.383,37160.0
2021-06-25 14:44:00.388,37094.0
2021-06-25 14:44:00.393,36710.0
2021-06-25 14:44:00.398,35902.0
2021-06-25 14:44:00.403,37740.0
2021-06-25 14:44:00.408,37514.0
2021-06-25 14:44:00.413,38552.0
2021-06-25 14:44:00.418,31592.0
2021-06-25 14:44:00.423,31746.0
2021-06-25 14:44:00.428,31566.0
2021-06-25 14:44:00.433,31026.0
2021-06-25 14:44:00.438,31884.0
2021-06-25 14:44:00.443,30970.0
2021-06-25 14:44:00.448,31570.0
2021-06-25 14:44:00.453,30618.0
2021-06-25 14:44:00.458,32408.0
2021-06-25 14:44:00.463,31360.0
2021-06-25 14:44:00.468,30074.0
2021-06-25 14:44:00.473,32942.0
2021-06-25 14:44:00.478,29912.0
2021-06-25 14:44:00.483,34090.0
2021-06-25 14:44:00.488,37484.0
2021-06-25 14:44:00.493,36376.0
2021-06-25 14:44:00.498,37284.0
2021-06-25 14:44:00.503,39994.0
2021-06-25 14:44:00.508,36800.0
2021-06-25 14:44:00.513,36816.0
2021-06-25 14:44:00.518,38054.0
2021-06-25 14:44:00.523,37044.0
2021-06-25 14:44:00.528,35104.0
2021-06-25 14:44:00.533,37742.0
2021-06-25 14:44:00.538,35884.0
2021-06-25 14:44:00.543,36422.0
2021-06-25 14:44:00.548,36510.0
2021-06-25 14:44:00.553,37340.0
2021-06-25 14:44:00.558,37870.0
2021-06-25 14:44:00.563,32042.0
2021-06-25 14:44:00.568,31556.0
2021-06-25 14:44:00.573,30926.0
2021-06-25 14:44:00.578,30852.0
2021-06-25 14:44:00.583,32854.0
2021-06-25 14:44:00.588,30294.0
2021-06-25 14:44:00.593,32572.0
2021-06-25 14:44:00.598,33264.0
2021-06-25 14:44:00.603,32858.0
2021-06-25 14:44:00.608,30782.0
2021-06-25 14:44:00.613,32838.0
2021-06-25 14:44:00.618,30836.0
2021-06-25 14:44:00.623,32864.0
2021-06-25 14:44:00.628,33106.0
2021-06-25 14:44:00.633,35770.0
2021-06-25 14:44:00.638,37982.0
2021-06-25 14:44:00.643,35848.0
2021-06-25 14:44:00.648,36710.0
2021-06-25 14:44:00.653,36868.0
2021-06-25 14:44:00.658,38926.0
2021-06-25 14:44:00.663,37280.0
2021-06-25 14:44:00.668,36710.0
2021-06-25 14:44:00.673,38078.0
2021-06-25 14:44:00.679,38556.0
2021-06-25 14:44:00.683,35150.0
2021-06-25 14:44:00.688,36780.0
2021-06-25 14:44:00.693,34872.0
2021-06-25 14:44:00.698,34560.0
2021-06-25 14:44:00.703,35950.0
2021-06-25 14:44:00.708,37570.0
2021-06-25 14:44:00.713,31000.0
2021-06-25 14:44:00.718,32028.0
2021-06-25 14:44:00.723,31478.0
2021-06-25 14:44:00.728,33748.0
2021-06-25 14:44:00.733,30864.0
2021-06-25 14:44:00.738,33394.0
2021-06-25 14:44:00.743,31736.0
2021-06-25 14:44:00.748,31668.0
2021-06-25 14:44:00.756,31814.0
2021-06-25 14:44:00.758,31294.0
2021-06-25 14:44:00.764,30698.0
2021-06-25 14:44:00.768,30954.0
2021-06-25 14:44:00.773,31914.0
2021-06-25 14:44:00.778,38676.0
2021-06-25 14:44:00.783,36082.0
2021-06-25 14:44:00.788,37724.0
2021-06-25 14:44:00.793,34394.0
2021-06-25 14:44:00.798,37150.0
2021-06-25 14:44:00.803,38454.0
2021-06-25 14:44:00.808,36256.0
2021-06-25 14:44:00.813,36580.0
2021-06-25 14:44:00.818,34774.0
2021-06-25 14:44:00.823,38448.0
2021-06-25 14:44:00.828,38736.0
2021-06-25 14:44:00.833,37336.0
2021-06-25 14:44:00.838,38114.0
2021-06-25 14:44:00.843,35894.0
2021-06-25 14:44:00.849,37084.0
2021-06-25 14:44:00.853,31442.0
2021-06-25 14:44:00.858,32198.0
2021-06-25 14:44:00.863,32366.0
2021-06-25 14:44:00.868,32008.0
2021-06-25 14:44:00.873,31530.0
2021-06-25 14:44:00.878,31012.0
2021-06-25 14:44:00.883,32032.0
2021-06-25 14:44:00.888,30174.0
2021-06-25 14:44:00.893,31724.0
2021-06-25 14:44:00.898,32156.0
2021-06-25 14:44:00.903,32310.0
2021-06-25 14:44:00.908,31218.0
2021-06-25 14:44:00.913,33394.0
2021-06-25 14:44:00.918,35226.0
2021-06-25 14:44:00.923,37206.0
2021-06-25 14:44:00.928,36914.0
2021-06-25 14:44:00.933,38058.0
2021-06-25 14:44:00.938,36134.0
2021-06-25 14:44:00.943,37350.0
2021-06-25 14:44:00.948,36980.0
2021-06-25 14:44:00.953,37156.0
2021-06-25 14:44:00.958,37788.0
2021-06-25 14:44:00.963,37382.0
2021-06-25 14:44:00.968,35580.0
2021-06-25 14:44:00.973,37100.0
2021-06-25 14:44:00.978,35066.0
2021-06-25 14:44:00.983,37540.0
2021-06-25 14:44:00.988,36530.0
2021-06-25 14:44:00.993,37146.0
2021-06-25 14:44:00.998,36946.0
2021-06-25 14:44:01.003,32182.0
2021-06-25 14:44:01.008,33174.0
2021-06-25 14:44:01.013,34086.0
2021-06-25 14:44:01.018,31572.0
2021-06-25 14:44:01.023,30654.0
2021-06-25 14:44:01.028,35312.0
2021-06-25 14:44:01.033,32104.0
2021-06-25 14:44:01.038,31926.0
2021-06-25 14:44:01.043,29422.0
2021-06-25 14:44:01.048,31288.0
2021-06-25 14:44:01.053,30098.0
2021-06-25 14:44:01.058,31154.0
2021-06-25 14:44:01.063,29914.0
2021-06-25 14:44:01.068,39056.0
2021-06-25 14:44:01.073,37670.0
2021-06-25 14:44:01.078,35296.0
2021-06-25 14:44:01.083,32346.0
2021-06-25 14:44:01.088,35702.0
2021-06-25 14:44:01.093,35056.0
2021-06-25 14:44:01.098,38064.0
2021-06-25 14:44:01.103,36736.0
2021-06-25 14:44:01.108,34958.0
2021-06-25 14:44:01.113,37088.0
2021-06-25 14:44:01.118,38070.0
2021-06-25 14:44:01.123,38310.0
2021-06-25 14:44:01.128,37946.0
2021-06-25 14:44:01.133,34092.0
2021-06-25 14:44:01.138,35740.0
2021-06-25 14:44:01.143,36022.0
2021-06-25 14:44:01.148,30338.0
2021-06-25 14:44:01.153,29858.0
2021-06-25 14:44:01.158,33604.0
2021-06-25 14:44:01.163,30934.0
2021-06-25 14:44:01.168,32178.0
2021-06-25 14:44:01.173,34620.0
2021-06-25 14:44:01.178,30836.0
2021-06-25 14:44:01.183,30760.0
2021-06-25 14:44:01.188,32424.0
2021-06-25 14:44:01.193,29760.0
2021-06-25 14:44:01.198,29204.0
2021-06-25 14:44:01.203,31592.0
2021-06-25 14:44:01.208,29986.0
2021-06-25 14:44:01.213,37756.0
2021-06-25 14:44:01.218,38674.0
2021-06-25 14:44:01.223,37018.0
2021-06-25 14:44:01.228,34990.0
2021-06-25 14:44:01.233,36418.0
2021-06-25 14:44:01.238,36528.0
2021-06-25 14:44:01.243,37366.0
2021-06-25 14:44:01.248,36150.0
2021-06-25 14:44:01.253,36688.0
2021-06-25 14:44:01.258,37940.0
2021-06-25 14:44:01.263,36078.0
2021-06-25 14:44:01.268,37480.0
2021-06-25 14:44:01.273,36972.0
2021-06-25 14:44:01.278,39738.0
2021-06-25 14:44:01.283,34420.0
2021-06-25 14:44:01.288,29276.0
2021-06-25 14:44:01.293,30500.0
2021-06-25 14:44:01.298,31428.0
2021-06-25 14:44:01.303,30574.0
2021-06-25 14:44:01.308,31386.0
2021-06-25 14:44:01.313,33628.0
2021-06-25 14:44:01.319,32394.0
2021-06-25 14:44:01.323,29780.0
2021-06-25 14:44:01.328,30972.0
2021-06-25 14:44:01.333,28076.0
2021-06-25 14:44:01.338,28968.0
2021-06-25 14:44:01.343,31316.0
2021-06-25 14:44:01.348,30546.0
2021-06-25 14:44:01.353,36898.0
2021-06-25 14:44:01.358,37424.0
2021-06-25 14:44:01.363,37578.0
2021-06-25 14:44:01.368,40214.0
2021-06-25 14:44:01.373,36918.0
2021-06-25 14:44:01.378,37916.0
2021-06-25 14:44:01.383,37264.0
2021-06-25 14:44:01.388,34226.0
2021-06-25 14:44:01.393,38366.0
2021-06-25 14:44:01.398,36926.0
2021-06-25 14:44:01.404,37098.0
2021-06-25 14:44:01.408,38510.0
2021-06-25 14:44:01.413,38660.0
2021-06-25 14:44:01.418,40482.0
2021-06-25 14:44:01.423,37870.0
2021-06-25 14:44:01.428,33172.0
2021-06-25 14:44:01.433,30826.0
2021-06-25 14:44:01.438,31052.0
2021-06-25 14:44:01.443,31036.0
2021-06-25 14:44:01.448,30108.0
2021-06-25 14:44:01.453,30104.0
2021-06-25 14:44:01.458,35468.0
2021-06-25 14:44:01.463,29820.0
2021-06-25 14:44:01.468,29800.0
2021-06-25 14:44:01.473,31432.0
2021-06-25 14:44:01.478,31750.0
2021-06-25 14:44:01.483,32150.0
2021-06-25 14:44:01.489,32356.0
2021-06-25 14:44:01.493,34928.0
2021-06-25 14:44:01.498,37042.0
2021-06-25 14:44:01.503,38520.0
2021-06-25 14:44:01.508,38048.0
2021-06-25 14:44:01.513,35216.0
2021-06-25 14:44:01.518,37740.0
2021-06-25 14:44:01.523,38542.0
2021-06-25 14:44:01.528,39240.0
2021-06-25 14:44:01.533,36632.0
2021-06-25 14:44:01.538,34188.0
2021-06-25 14:44:01.543,37182.0
2021-06-25 14:44:01.548,37396.0
2021-06-25 14:44:01.553,37048.0
2021-06-25 14:44:01.558,37726.0
2021-06-25 14:44:01.563,38116.0
2021-06-25 14:44:01.568,32802.0
2021-06-25 14:44:01.573,30924.0
2021-06-25 14:44:01.578,31638.0
2021-06-25 14:44:01.583,33980.0
2021-06-25 14:44:01.588,30160.0
2021-06-25 14:44:01.593,31182.0
2021-06-25 14:44:01.598,32124.0
2021-06-25 14:44:01.603,30946.0
2021-06-25 14:44:01.608,32120.0
2021-06-25 14:44:01.613,33136.0
2021-06-25 14:44:01.618,30688.0
2021-06-25 14:44:01.623,30648.0
2021-06-25 14:44:01.628,34332.0
2021-06-25 14:44:01.633,38484.0
2021-06-25 14:44:01.638,37740.0
2021-06-25 14:44:01.643,38342.0
2021-06-25 14:44:01.648,37572.0
2021-06-25 14:44:01.653,37090.0
2021-06-25 14:44:01.658,36956.0
2021-06-25 14:44:01.663,36652.0
2021-06-25 14:44:01.668,37890.0
2021-06-25 14:44:01.673,37960.0
2021-06-25 14:44:01.678,38434.0
2021-06-25 14:44:01.683,35872.0
2021-06-25 14:44:01.688,36036.0
2021-06-25 14:44:01.693,36074.0
2021-06-25 14:44:01.698,37854.0
2021-06-25 14:44:01.703,37350.0
2021-06-25 14:44:01.708,34856.0
2021-06-25 14:44:01.721,34190.0
2021-06-25 14:44:01.722,34188.0
2021-06-25 14:44:01.724,33628.0
2021-06-25 14:44:01.728,31146.0
2021-06-25 14:44:01.733,34578.0
2021-06-25 14:44:01.738,29632.0
2021-06-25 14:44:01.743,32712.0
2021-06-25 14:44:01.748,31710.0
2021-06-25 14:44:01.753,30412.0
2021-06-25 14:44:01.758,30292.0
2021-06-25 14:44:01.763,30340.0
2021-06-25 14:44:01.768,29148.0
2021-06-25 14:44:01.773,31088.0
2021-06-25 14:44:01.778,38240.0
2021-06-25 14:44:01.783,37498.0
2021-06-25 14:44:01.788,36514.0
2021-06-25 14:44:01.793,38116.0
2021-06-25 14:44:01.798,36690.0
2021-06-25 14:44:01.803,36648.0
2021-06-25 14:44:01.808,38938.0
2021-06-25 14:44:01.813,36924.0
2021-06-25 14:44:01.818,37808.0
2021-06-25 14:44:01.823,38732.0
2021-06-25 14:44:01.828,38582.0
2021-06-25 14:44:01.833,35158.0
2021-06-25 14:44:01.838,37924.0
2021-06-25 14:44:01.843,38284.0
2021-06-25 14:44:01.848,38120.0
2021-06-25 14:44:01.853,31166.0
2021-06-25 14:44:01.858,32440.0
2021-06-25 14:44:01.863,31684.0
2021-06-25 14:44:01.868,29630.0
2021-06-25 14:44:01.873,31632.0
2021-06-25 14:44:01.878,31254.0
2021-06-25 14:44:01.883,32912.0
2021-06-25 14:44:01.888,31388.0
2021-06-25 14:44:01.893,30822.0
2021-06-25 14:44:01.898,31734.0
2021-06-25 14:44:01.903,31028.0
2021-06-25 14:44:01.908,32244.0
2021-06-25 14:44:01.913,33076.0
2021-06-25 14:44:01.918,29924.0
2021-06-25 14:44:01.923,37130.0
2021-06-25 14:44:01.928,37926.0
2021-06-25 14:44:01.933,35574.0
2021-06-25 14:44:01.938,34728.0
2021-06-25 14:44:01.943,37356.0
2021-06-25 14:44:01.948,36546.0
2021-06-25 14:44:01.953,36710.0
2021-06-25 14:44:01.959,37114.0
2021-06-25 14:44:01.963,36756.0
2021-06-25 14:44:01.968,36936.0
2021-06-25 14:44:01.973,35646.0
2021-06-25 14:44:01.978,36104.0
2021-06-25 14:44:01.983,34054.0
2021-06-25 14:44:01.988,34090.0
2021-06-25 14:44:01.993,33348.0
2021-06-25 14:44:01.998,34050.0
2021-06-25 14:44:02.003,27938.0
2021-06-25 14:44:02.008,27546.0
2021-06-25 14:44:02.013,28898.0
2021-06-25 14:44:02.018,28856.0
2021-06-25 14:44:02.023,27712.0
2021-06-25 14:44:02.028,32956.0
2021-06-25 14:44:02.033,27618.0
2021-06-25 14:44:02.038,27132.0
2021-06-25 14:44:02.044,26912.0
2021-06-25 14:44:02.048,28486.0
2021-06-25 14:44:02.053,28588.0
2021-06-25 14:44:02.058,29304.0
2021-06-25 14:44:02.063,29964.0
2021-06-25 14:44:02.068,36020.0
2021-06-25 14:44:02.073,35298.0
2021-06-25 14:44:02.078,36364.0
2021-06-25 14:44:02.083,34970.0
2021-06-25 14:44:02.088,30580.0
2021-06-25 14:44:02.093,32090.0
2021-06-25 14:44:02.098,34606.0
2021-06-25 14:44:02.103,35748.0
2021-06-25 14:44:02.108,35042.0
2021-06-25 14:44:02.113,35108.0
2021-06-25 14:44:02.118,34390.0
2021-06-25 14:44:02.123,32802.0
2021-06-25 14:44:02.129,34290.0
2021-06-25 14:44:02.133,35702.0
2021-06-25 14:44:02.138,28870.0
2021-06-25 14:44:02.143,27582.0
2021-06-25 14:44:02.148,27168.0
2021-06-25 14:44:02.153,28158.0
2021-06-25 14:44:02.158,29712.0
2021-06-25 14:44:02.163,28978.0
2021-06-25 14:44:02.168,31904.0
2021-06-25 14:44:02.173,28988.0
2021-06-25 14:44:02.178,26802.0
2021-06-25 14:44:02.183,28344.0
2021-06-25 14:44:02.188,29174.0
2021-06-25 14:44:02.193,27854.0
2021-06-25 14:44:02.198,28918.0
2021-06-25 14:44:02.203,26870.0
2021-06-25 14:44:02.208,33654.0
2021-06-25 14:44:02.213,33476.0
2021-06-25 14:44:02.218,33074.0
2021-06-25 14:44:02.223,35114.0
2021-06-25 14:44:02.228,35312.0
2021-06-25 14:44:02.233,34994.0
2021-06-25 14:44:02.238,34488.0
2021-06-25 14:44:02.243,32268.0
2021-06-25 14:44:02.248,35256.0
2021-06-25 14:44:02.253,34806.0
2021-06-25 14:44:02.258,34516.0
2021-06-25 14:44:02.263,34060.0
2021-06-25 14:44:02.268,34742.0
2021-06-25 14:44:02.273,34718.0
2021-06-25 14:44:02.278,35914.0
2021-06-25 14:44:02.283,28578.0
2021-06-25 14:44:02.288,29522.0
2021-06-25 14:44:02.293,28914.0
2021-06-25 14:44:02.298,26638.0
2021-06-25 14:44:02.303,29586.0
2021-06-25 14:44:02.308,28810.0
2021-06-25 14:44:02.313,28398.0
2021-06-25 14:44:02.318,31832.0
2021-06-25 14:44:02.323,27674.0
2021-06-25 14:44:02.328,27864.0
2021-06-25 14:44:02.333,27674.0
2021-06-25 14:44:02.338,26922.0
2021-06-25 14:44:02.343,30354.0
2021-06-25 14:44:02.348,30898.0
2021-06-25 14:44:02.353,28866.0
2021-06-25 14:44:02.358,34270.0
2021-06-25 14:44:02.363,34370.0
2021-06-25 14:44:02.368,35426.0
2021-06-25 14:44:02.373,33496.0
2021-06-25 14:44:02.378,34722.0
2021-06-25 14:44:02.383,34568.0
2021-06-25 14:44:02.388,29314.0
2021-06-25 14:44:02.393,31660.0
2021-06-25 14:44:02.398,33548.0
2021-06-25 14:44:02.403,34538.0
2021-06-25 14:44:02.408,34302.0
2021-06-25 14:44:02.413,33018.0
2021-06-25 14:44:02.418,34210.0
2021-06-25 14:44:02.423,35930.0
2021-06-25 14:44:02.428,35246.0
2021-06-25 14:44:02.433,33916.0
2021-06-25 14:44:02.438,27846.0
2021-06-25 14:44:02.443,29486.0
2021-06-25 14:44:02.448,29222.0
2021-06-25 14:44:02.453,30186.0
2021-06-25 14:44:02.458,27138.0
2021-06-25 14:44:02.463,32840.0
2021-06-25 14:44:02.468,26992.0
2021-06-25 14:44:02.473,28076.0
2021-06-25 14:44:02.478,29164.0
2021-06-25 14:44:02.483,29160.0
2021-06-25 14:44:02.488,28630.0
2021-06-25 14:44:02.493,29836.0
2021-06-25 14:44:02.498,26346.0
2021-06-25 14:44:02.503,31408.0
2021-06-25 14:44:02.508,33174.0
2021-06-25 14:44:02.513,33804.0
2021-06-25 14:44:02.518,34070.0
2021-06-25 14:44:02.523,35498.0
2021-06-25 14:44:02.528,34568.0
2021-06-25 14:44:02.533,35678.0
2021-06-25 14:44:02.538,30160.0
2021-06-25 14:44:02.543,32168.0
2021-06-25 14:44:02.548,32834.0
2021-06-25 14:44:02.553,34362.0
2021-06-25 14:44:02.558,32686.0
2021-06-25 14:44:02.563,34404.0
2021-06-25 14:44:02.568,35032.0
2021-06-25 14:44:02.573,35970.0
2021-06-25 14:44:02.578,35154.0
2021-06-25 14:44:02.583,36058.0
2021-06-25 14:44:02.588,28086.0
2021-06-25 14:44:02.593,29612.0
2021-06-25 14:44:02.599,28990.0
2021-06-25 14:44:02.603,27084.0
2021-06-25 14:44:02.608,26880.0
2021-06-25 14:44:02.613,28394.0
2021-06-25 14:44:02.618,32958.0
2021-06-25 14:44:02.623,27710.0
2021-06-25 14:44:02.628,29186.0
2021-06-25 14:44:02.633,28876.0
2021-06-25 14:44:02.638,26822.0
2021-06-25 14:44:02.643,29174.0
2021-06-25 14:44:02.648,28388.0
2021-06-25 14:44:02.653,28866.0
2021-06-25 14:44:02.658,31680.0
2021-06-25 14:44:02.663,35334.0
2021-06-25 14:44:02.668,34872.0
2021-06-25 14:44:02.673,36874.0
2021-06-25 14:44:02.678,35708.0
2021-06-25 14:44:02.684,35440.0
2021-06-25 14:44:02.688,35194.0
2021-06-25 14:44:02.693,33768.0
2021-06-25 14:44:02.698,34950.0
2021-06-25 14:44:02.703,33692.0
2021-06-25 14:44:02.708,33748.0
2021-06-25 14:44:02.713,33836.0
2021-06-25 14:44:02.718,35222.0
2021-06-25 14:44:02.723,33136.0
2021-06-25 14:44:02.728,33210.0
2021-06-25 14:44:02.733,28716.0
2021-06-25 14:44:02.738,28636.0
2021-06-25 14:44:02.743,27202.0
2021-06-25 14:44:02.748,26494.0
2021-06-25 14:44:02.753,28606.0
2021-06-25 14:44:02.758,29918.0
2021-06-25 14:44:02.763,28542.0
2021-06-25 14:44:02.769,30006.0
2021-06-25 14:44:02.773,31930.0
2021-06-25 14:44:02.778,28680.0
2021-06-25 14:44:02.783,31114.0
2021-06-25 14:44:02.788,28410.0
2021-06-25 14:44:02.793,30026.0
2021-06-25 14:44:02.798,28804.0
2021-06-25 14:44:02.803,27808.0
2021-06-25 14:44:02.808,27564.0
2021-06-25 14:44:02.813,28994.0
2021-06-25 14:44:02.818,34960.0
2021-06-25 14:44:02.823,35436.0
2021-06-25 14:44:02.828,35394.0
2021-06-25 14:44:02.833,36082.0
2021-06-25 14:44:02.838,33480.0
2021-06-25 14:44:02.843,32870.0
2021-06-25 14:44:02.848,35112.0
2021-06-25 14:44:02.853,34290.0
2021-06-25 14:44:02.858,35046.0
2021-06-25 14:44:02.863,34004.0
2021-06-25 14:44:02.868,35026.0
2021-06-25 14:44:02.873,35802.0
2021-06-25 14:44:02.878,34718.0
2021-06-25 14:44:02.883,34512.0
2021-06-25 14:44:02.888,34430.0
2021-06-25 14:44:02.893,31910.0
2021-06-25 14:44:02.898,27116.0
2021-06-25 14:44:02.903,29286.0
2021-06-25 14:44:02.908,26608.0
2021-06-25 14:44:02.913,30590.0
2021-06-25 14:44:02.918,28344.0
2021-06-25 14:44:02.923,30128.0
2021-06-25 14:44:02.928,28914.0
2021-06-25 14:44:02.933,31110.0
2021-06-25 14:44:02.938,26834.0
2021-06-25 14:44:02.943,29514.0
2021-06-25 14:44:02.948,26906.0
2021-06-25 14:44:02.953,28380.0
2021-06-25 14:44:02.958,26700.0
2021-06-25 14:44:02.963,27296.0
2021-06-25 14:44:02.968,34852.0
2021-06-25 14:44:02.973,35004.0
2021-06-25 14:44:02.978,34180.0
2021-06-25 14:44:02.983,35404.0
2021-06-25 14:44:02.988,36000.0
2021-06-25 14:44:02.993,28344.0
2021-06-25 14:44:02.998,32248.0
2021-06-25 14:44:03.003,32006.0
2021-06-25 14:44:03.008,33438.0
2021-06-25 14:44:03.013,34426.0
2021-06-25 14:44:03.018,35422.0
2021-06-25 14:44:03.023,35086.0
2021-06-25 14:44:03.028,34502.0
2021-06-25 14:44:03.033,34246.0
2021-06-25 14:44:03.038,32110.0
2021-06-25 14:44:03.043,27254.0
2021-06-25 14:44:03.048,27130.0
2021-06-25 14:44:03.053,28886.0
2021-06-25 14:44:03.058,27470.0
2021-06-25 14:44:03.063,28000.0
2021-06-25 14:44:03.068,32782.0
2021-06-25 14:44:03.073,30498.0
2021-06-25 14:44:03.078,28200.0
2021-06-25 14:44:03.083,29718.0
2021-06-25 14:44:03.088,28266.0
2021-06-25 14:44:03.093,28670.0
2021-06-25 14:44:03.098,29112.0
2021-06-25 14:44:03.103,28732.0
2021-06-25 14:44:03.108,31940.0
2021-06-25 14:44:03.113,33958.0
2021-06-25 14:44:03.118,35024.0
2021-06-25 14:44:03.123,33244.0
2021-06-25 14:44:03.128,32264.0
2021-06-25 14:44:03.133,35004.0
2021-06-25 14:44:03.138,34098.0
2021-06-25 14:44:03.143,32838.0
2021-06-25 14:44:03.148,31910.0
2021-06-25 14:44:03.153,33464.0
2021-06-25 14:44:03.158,34986.0
2021-06-25 14:44:03.163,33594.0
2021-06-25 14:44:03.168,35538.0
2021-06-25 14:44:03.173,34788.0
2021-06-25 14:44:03.178,34604.0
2021-06-25 14:44:03.183,33490.0
2021-06-25 14:44:03.188,27476.0
2021-06-25 14:44:03.193,29186.0
2021-06-25 14:44:03.198,29358.0
2021-06-25 14:44:03.203,31540.0
2021-06-25 14:44:03.208,28416.0
2021-06-25 14:44:03.213,28092.0
2021-06-25 14:44:03.218,29642.0
2021-06-25 14:44:03.223,27342.0
2021-06-25 14:44:03.228,28254.0
2021-06-25 14:44:03.233,29132.0
2021-06-25 14:44:03.239,27500.0
2021-06-25 14:44:03.243,29504.0
2021-06-25 14:44:03.248,29780.0
2021-06-25 14:44:03.253,28122.0
2021-06-25 14:44:03.258,35450.0
2021-06-25 14:44:03.263,34840.0
2021-06-25 14:44:03.268,35692.0
2021-06-25 14:44:03.273,33942.0
2021-06-25 14:44:03.278,35570.0
2021-06-25 14:44:03.283,35974.0
2021-06-25 14:44:03.288,36200.0
2021-06-25 14:44:03.293,33204.0
2021-06-25 14:44:03.298,31740.0
2021-06-25 14:44:03.303,33748.0
2021-06-25 14:44:03.308,33962.0
2021-06-25 14:44:03.313,35190.0
2021-06-25 14:44:03.318,33856.0
2021-06-25 14:44:03.324,34552.0
2021-06-25 14:44:03.328,28096.0
2021-06-25 14:44:03.333,27172.0
2021-06-25 14:44:03.338,27746.0
2021-06-25 14:44:03.343,27004.0
2021-06-25 14:44:03.348,30864.0
2021-06-25 14:44:03.353,26946.0
2021-06-25 14:44:03.358,32278.0
2021-06-25 14:44:03.363,26404.0
2021-06-25 14:44:03.368,27520.0
2021-06-25 14:44:03.373,28404.0
2021-06-25 14:44:03.378,29652.0
2021-06-25 14:44:03.383,28614.0
2021-06-25 14:44:03.388,29974.0
2021-06-25 14:44:03.393,28180.0
2021-06-25 14:44:03.398,32414.0
2021-06-25 14:44:03.403,30108.0
2021-06-25 14:44:03.409,32664.0
2021-06-25 14:44:03.413,32150.0
2021-06-25 14:44:03.418,32968.0
2021-06-25 14:44:03.423,33516.0
2021-06-25 14:44:03.428,36066.0
2021-06-25 14:44:03.433,34414.0
2021-06-25 14:44:03.438,33106.0
2021-06-25 14:44:03.443,28532.0
2021-06-25 14:44:03.448,31552.0
2021-06-25 14:44:03.453,34588.0
2021-06-25 14:44:03.458,34878.0
2021-06-25 14:44:03.463,34230.0
2021-06-25 14:44:03.468,33286.0
2021-06-25 14:44:03.473,33628.0
2021-06-25 14:44:03.478,33102.0
2021-06-25 14:44:03.483,29518.0
2021-06-25 14:44:03.488,29260.0
2021-06-25 14:44:03.493,30302.0
2021-06-25 14:44:03.498,27856.0
2021-06-25 14:44:03.503,27100.0
2021-06-25 14:44:03.508,27310.0
2021-06-25 14:44:03.513,27654.0
2021-06-25 14:44:03.518,28948.0
2021-06-25 14:44:03.523,26586.0
2021-06-25 14:44:03.528,29368.0
2021-06-25 14:44:03.533,27892.0
2021-06-25 14:44:03.538,28752.0
2021-06-25 14:44:03.543,27794.0
2021-06-25 14:44:03.548,28472.0
2021-06-25 14:44:03.553,32476.0
2021-06-25 14:44:03.558,34790.0
2021-06-25 14:44:03.563,34334.0
2021-06-25 14:44:03.568,33808.0
2021-06-25 14:44:03.573,35196.0
2021-06-25 14:44:03.578,35220.0
2021-06-25 14:44:03.583,33902.0
2021-06-25 14:44:03.588,33388.0
2021-06-25 14:44:03.593,33562.0
2021-06-25 14:44:03.598,32268.0
2021-06-25 14:44:03.603,34646.0
2021-06-25 14:44:03.608,33664.0
2021-06-25 14:44:03.613,33712.0
2021-06-25 14:44:03.618,32310.0
2021-06-25 14:44:03.623,34800.0
2021-06-25 14:44:03.628,28522.0
2021-06-25 14:44:03.633,29364.0
2021-06-25 14:44:03.638,29442.0
2021-06-25 14:44:03.643,30818.0
2021-06-25 14:44:03.648,28728.0
2021-06-25 14:44:03.653,30124.0
2021-06-25 14:44:03.658,30446.0
2021-06-25 14:44:03.663,28578.0
2021-06-25 14:44:03.668,28968.0
2021-06-25 14:44:03.673,27604.0
2021-06-25 14:44:03.678,28470.0
2021-06-25 14:44:03.683,27726.0
2021-06-25 14:44:03.688,30164.0
2021-06-25 14:44:03.693,29096.0
2021-06-25 14:44:03.698,34558.0
2021-06-25 14:44:03.703,34180.0
2021-06-25 14:44:03.708,33286.0
2021-06-25 14:44:03.713,33276.0
2021-06-25 14:44:03.718,32782.0
2021-06-25 14:44:03.723,34020.0
2021-06-25 14:44:03.728,35148.0
2021-06-25 14:44:03.733,33768.0
2021-06-25 14:44:03.738,33100.0
2021-06-25 14:44:03.743,33512.0
2021-06-25 14:44:03.748,34072.0
2021-06-25 14:44:03.753,31072.0
2021-06-25 14:44:03.758,34200.0
2021-06-25 14:44:03.763,34460.0
2021-06-25 14:44:03.768,33890.0
2021-06-25 14:44:03.773,33188.0
2021-06-25 14:44:03.778,27792.0
2021-06-25 14:44:03.783,27332.0
2021-06-25 14:44:03.788,27866.0
2021-06-25 14:44:03.793,31310.0
2021-06-25 14:44:03.798,30046.0
2021-06-25 14:44:03.803,30904.0
2021-06-25 14:44:03.808,28302.0
2021-06-25 14:44:03.813,29010.0
2021-06-25 14:44:03.818,26506.0
2021-06-25 14:44:03.823,29260.0
2021-06-25 14:44:03.828,28276.0
2021-06-25 14:44:03.833,26848.0
2021-06-25 14:44:03.838,30930.0
2021-06-25 14:44:03.843,26936.0
2021-06-25 14:44:03.848,28060.0
2021-06-25 14:44:03.853,27080.0
2021-06-25 14:44:03.858,34024.0
2021-06-25 14:44:03.863,33414.0
2021-06-25 14:44:03.868,33254.0
2021-06-25 14:44:03.873,34780.0
2021-06-25 14:44:03.879,34208.0
2021-06-25 14:44:03.883,34630.0
2021-06-25 14:44:03.888,34902.0
2021-06-25 14:44:03.893,34174.0
2021-06-25 14:44:03.898,32664.0
2021-06-25 14:44:03.903,32434.0
2021-06-25 14:44:03.908,34050.0
2021-06-25 14:44:03.913,33610.0
2021-06-25 14:44:03.918,34138.0
2021-06-25 14:44:03.923,34318.0
2021-06-25 14:44:03.928,34098.0
2021-06-25 14:44:03.933,33454.0
2021-06-25 14:44:03.938,34044.0
2021-06-25 14:44:03.943,29612.0
2021-06-25 14:44:03.948,29848.0
2021-06-25 14:44:03.953,28984.0
2021-06-25 14:44:03.958,29764.0
2021-06-25 14:44:03.964,27192.0
2021-06-25 14:44:03.968,29072.0
2021-06-25 14:44:03.973,29118.0
2021-06-25 14:44:03.978,28338.0
2021-06-25 14:44:03.983,28204.0
2021-06-25 14:44:03.988,28590.0
2021-06-25 14:44:03.993,26936.0
2021-06-25 14:44:03.998,27446.0
2021-06-25 14:44:04.003,27932.0
2021-06-25 14:44:04.008,28218.0
2021-06-25 14:44:04.013,32454.0
2021-06-25 14:44:04.018,32120.0
2021-06-25 14:44:04.023,34400.0
2021-06-25 14:44:04.028,36818.0
2021-06-25 14:44:04.033,36190.0
2021-06-25 14:44:04.038,38840.0
2021-06-25 14:44:04.043,37588.0
2021-06-25 14:44:04.049,37084.0
2021-06-25 14:44:04.053,37942.0
2021-06-25 14:44:04.058,38732.0
2021-06-25 14:44:04.063,40062.0
2021-06-25 14:44:04.068,39162.0
2021-06-25 14:44:04.073,39762.0
2021-06-25 14:44:04.078,40600.0
2021-06-25 14:44:04.083,40676.0
2021-06-25 14:44:04.088,38274.0
2021-06-25 14:44:04.093,35566.0
2021-06-25 14:44:04.098,32720.0
2021-06-25 14:44:04.103,33710.0
2021-06-25 14:44:04.108,36862.0
2021-06-25 14:44:04.113,33084.0
2021-06-25 14:44:04.118,37392.0
2021-06-25 14:44:04.123,33784.0
2021-06-25 14:44:04.128,34784.0
2021-06-25 14:44:04.133,33636.0
2021-06-25 14:44:04.138,32664.0
2021-06-25 14:44:04.143,34816.0
2021-06-25 14:44:04.148,35338.0
2021-06-25 14:44:04.153,31906.0
2021-06-25 14:44:04.158,34096.0
2021-06-25 14:44:04.163,40800.0
2021-06-25 14:44:04.168,40174.0
2021-06-25 14:44:04.173,40768.0
2021-06-25 14:44:04.178,40272.0
2021-06-25 14:44:04.183,36760.0
2021-06-25 14:44:04.188,38346.0
2021-06-25 14:44:04.193,39388.0
2021-06-25 14:44:04.198,38952.0
2021-06-25 14:44:04.203,38804.0
2021-06-25 14:44:04.208,36944.0
2021-06-25 14:44:04.213,37058.0
2021-06-25 14:44:04.218,37792.0
2021-06-25 14:44:04.223,39574.0
2021-06-25 14:44:04.228,38186.0
2021-06-25 14:44:04.233,37026.0
2021-06-25 14:44:04.238,33142.0
2021-06-25 14:44:04.243,34252.0
2021-06-25 14:44:04.248,31842.0
2021-06-25 14:44:04.253,34158.0
2021-06-25 14:44:04.258,34516.0
2021-06-25 14:44:04.263,33700.0
2021-06-25 14:44:04.268,36346.0
2021-06-25 14:44:04.281,34568.0
2021-06-25 14:44:04.282,31582.0
2021-06-25 14:44:04.284,33260.0
2021-06-25 14:44:04.288,32350.0
2021-06-25 14:44:04.293,32660.0
2021-06-25 14:44:04.298,32402.0
2021-06-25 14:44:04.303,31724.0
2021-06-25 14:44:04.308,35866.0
2021-06-25 14:44:04.313,36556.0
2021-06-25 14:44:04.318,38032.0
2021-06-25 14:44:04.323,38594.0
2021-06-25 14:44:04.328,38050.0
2021-06-25 14:44:04.333,34686.0
2021-06-25 14:44:04.338,39890.0
2021-06-25 14:44:04.343,36572.0
2021-06-25 14:44:04.348,36884.0
2021-06-25 14:44:04.353,37916.0
2021-06-25 14:44:04.358,37504.0
2021-06-25 14:44:04.363,38004.0
2021-06-25 14:44:04.368,38022.0
2021-06-25 14:44:04.373,36170.0
2021-06-25 14:44:04.378,38490.0
2021-06-25 14:44:04.383,36396.0
2021-06-25 14:44:04.388,30580.0
2021-06-25 14:44:04.393,30074.0
2021-06-25 14:44:04.398,31290.0
2021-06-25 14:44:04.403,33798.0
2021-06-25 14:44:04.408,31642.0
2021-06-25 14:44:04.413,34896.0
2021-06-25 14:44:04.418,33238.0
2021-06-25 14:44:04.423,33076.0
2021-06-25 14:44:04.428,30498.0
2021-06-25 14:44:04.433,33224.0
2021-06-25 14:44:04.438,32736.0
2021-06-25 14:44:04.443,31114.0
2021-06-25 14:44:04.448,31664.0
2021-06-25 14:44:04.453,31372.0
2021-06-25 14:44:04.458,37274.0
2021-06-25 14:44:04.463,36836.0
2021-06-25 14:44:04.468,36888.0
2021-06-25 14:44:04.473,37412.0
2021-06-25 14:44:04.478,36926.0
2021-06-25 14:44:04.483,38532.0
2021-06-25 14:44:04.488,36940.0
2021-06-25 14:44:04.493,36386.0
2021-06-25 14:44:04.498,36646.0
2021-06-25 14:44:04.503,36334.0
2021-06-25 14:44:04.508,38444.0
2021-06-25 14:44:04.513,36654.0
2021-06-25 14:44:04.519,38008.0
2021-06-25 14:44:04.523,36330.0
2021-06-25 14:44:04.528,36868.0
2021-06-25 14:44:04.533,32748.0
2021-06-25 14:44:04.538,31370.0
2021-06-25 14:44:04.543,31960.0
2021-06-25 14:44:04.548,29810.0
2021-06-25 14:44:04.553,31376.0
2021-06-25 14:44:04.558,33264.0
2021-06-25 14:44:04.563,29240.0
2021-06-25 14:44:04.568,32404.0
2021-06-25 14:44:04.573,33518.0
2021-06-25 14:44:04.578,32450.0
2021-06-25 14:44:04.583,32922.0
2021-06-25 14:44:04.588,30812.0
2021-06-25 14:44:04.593,35630.0
2021-06-25 14:44:04.598,32142.0
2021-06-25 14:44:04.604,37150.0
2021-06-25 14:44:04.608,35200.0
2021-06-25 14:44:04.613,37074.0
2021-06-25 14:44:04.618,35590.0
2021-06-25 14:44:04.623,37592.0
2021-06-25 14:44:04.628,37678.0
2021-06-25 14:44:04.633,37418.0
2021-06-25 14:44:04.638,35672.0
2021-06-25 14:44:04.643,35220.0
2021-06-25 14:44:04.648,35806.0
2021-06-25 14:44:04.653,33844.0
2021-06-25 14:44:04.658,34788.0
2021-06-25 14:44:04.663,36170.0
2021-06-25 14:44:04.668,34368.0
2021-06-25 14:44:04.673,30980.0
2021-06-25 14:44:04.678,29108.0
2021-06-25 14:44:04.683,30514.0
2021-06-25 14:44:04.689,33844.0
2021-06-25 14:44:04.693,31598.0
2021-06-25 14:44:04.698,29000.0
2021-06-25 14:44:04.703,32982.0
2021-06-25 14:44:04.708,30538.0
2021-06-25 14:44:04.713,29980.0
2021-06-25 14:44:04.718,29468.0
2021-06-25 14:44:04.723,31130.0
2021-06-25 14:44:04.728,31412.0
2021-06-25 14:44:04.733,32368.0
2021-06-25 14:44:04.738,35322.0
2021-06-25 14:44:04.743,36646.0
2021-06-25 14:44:04.748,35574.0
2021-06-25 14:44:04.753,34528.0
2021-06-25 14:44:04.758,35652.0
2021-06-25 14:44:04.763,35086.0
2021-06-25 14:44:04.768,33758.0
2021-06-25 14:44:04.773,35096.0
2021-06-25 14:44:04.778,35692.0
2021-06-25 14:44:04.783,34666.0
2021-06-25 14:44:04.788,35934.0
2021-06-25 14:44:04.793,36160.0
2021-06-25 14:44:04.798,35114.0
2021-06-25 14:44:04.803,35600.0
2021-06-25 14:44:04.808,35812.0
2021-06-25 14:44:04.813,35862.0
2021-06-25 14:44:04.818,35722.0
2021-06-25 14:44:04.823,31422.0
2021-06-25 14:44:04.828,29586.0
2021-06-25 14:44:04.833,31890.0
2021-06-25 14:44:04.838,30206.0
2021-06-25 14:44:04.843,31880.0
2021-06-25 14:44:04.848,31756.0
2021-06-25 14:44:04.853,32078.0
2021-06-25 14:44:04.858,31638.0
2021-06-25 14:44:04.863,31234.0
2021-06-25 14:44:04.868,30610.0
2021-06-25 14:44:04.873,31438.0
2021-06-25 14:44:04.878,31782.0
2021-06-25 14:44:04.883,37134.0
2021-06-25 14:44:04.888,36714.0
2021-06-25 14:44:04.893,37900.0
2021-06-25 14:44:04.898,38658.0
2021-06-25 14:44:04.903,39384.0
2021-06-25 14:44:04.908,37176.0
2021-06-25 14:44:04.913,37752.0
2021-06-25 14:44:04.918,38156.0
2021-06-25 14:44:04.923,36642.0
2021-06-25 14:44:04.928,38008.0
2021-06-25 14:44:04.933,37550.0
2021-06-25 14:44:04.938,35086.0
2021-06-25 14:44:04.943,37752.0
2021-06-25 14:44:04.948,38444.0
2021-06-25 14:44:04.953,32876.0
2021-06-25 14:44:04.958,32322.0
2021-06-25 14:44:04.963,32428.0
2021-06-25 14:44:04.968,33710.0
2021-06-25 14:44:04.973,31042.0
2021-06-25 14:44:04.978,35314.0
2021-06-25 14:44:04.983,34280.0
2021-06-25 14:44:04.988,32630.0
2021-06-25 14:44:04.993,34298.0
2021-06-25 14:44:04.998,34358.0
2021-06-25 14:44:05.003,32732.0
2021-06-25 14:44:05.008,32778.0
2021-06-25 14:44:05.013,37432.0
2021-06-25 14:44:05.018,37136.0
2021-06-25 14:44:05.023,37170.0
2021-06-25 14:44:05.028,36436.0
2021-06-25 14:44:05.033,37822.0
2021-06-25 14:44:05.038,36072.0
2021-06-25 14:44:05.043,36962.0
2021-06-25 14:44:05.048,36176.0
2021-06-25 14:44:05.053,36156.0
2021-06-25 14:44:05.058,36688.0
2021-06-25 14:44:05.063,35956.0
2021-06-25 14:44:05.068,36072.0
2021-06-25 14:44:05.073,37372.0
2021-06-25 14:44:05.078,31098.0
2021-06-25 14:44:05.083,30232.0
2021-06-25 14:44:05.088,32064.0
2021-06-25 14:44:05.093,29640.0
2021-06-25 14:44:05.098,31042.0
2021-06-25 14:44:05.103,34516.0
2021-06-25 14:44:05.108,31506.0
2021-06-25 14:44:05.113,32870.0
2021-06-25 14:44:05.118,30874.0
2021-06-25 14:44:05.123,30104.0
2021-06-25 14:44:05.128,30170.0
2021-06-25 14:44:05.133,37192.0
2021-06-25 14:44:05.138,36828.0
2021-06-25 14:44:05.143,37032.0
2021-06-25 14:44:05.148,37988.0
2021-06-25 14:44:05.153,35360.0
2021-06-25 14:44:05.159,35364.0
2021-06-25 14:44:05.163,35930.0
2021-06-25 14:44:05.168,34712.0
2021-06-25 14:44:05.173,36602.0
2021-06-25 14:44:05.178,36806.0
2021-06-25 14:44:05.183,37434.0
2021-06-25 14:44:05.188,37572.0
2021-06-25 14:44:05.193,36986.0
2021-06-25 14:44:05.198,38172.0
2021-06-25 14:44:05.203,37822.0
2021-06-25 14:44:05.208,29478.0
2021-06-25 14:44:05.213,29004.0
2021-06-25 14:44:05.218,33174.0
2021-06-25 14:44:05.223,32054.0
2021-06-25 14:44:05.228,32176.0
2021-06-25 14:44:05.233,30082.0
2021-06-25 14:44:05.238,32330.0
2021-06-25 14:44:05.244,32270.0
2021-06-25 14:44:05.248,30318.0
2021-06-25 14:44:05.253,31726.0
2021-06-25 14:44:05.258,31002.0
2021-06-25 14:44:05.263,39184.0
2021-06-25 14:44:05.268,40398.0
2021-06-25 14:44:05.273,40082.0
2021-06-25 14:44:05.278,39890.0
2021-06-25 14:44:05.283,38290.0
2021-06-25 14:44:05.288,38002.0
2021-06-25 14:44:05.293,39754.0
2021-06-25 14:44:05.298,39086.0
2021-06-25 14:44:05.303,38922.0
2021-06-25 14:44:05.308,40276.0
2021-06-25 14:44:05.313,40570.0
2021-06-25 14:44:05.318,40190.0
2021-06-25 14:44:05.323,39008.0
2021-06-25 14:44:05.329,39882.0
2021-06-25 14:44:05.333,33166.0
2021-06-25 14:44:05.338,33810.0
2021-06-25 14:44:05.343,34234.0
2021-06-25 14:44:05.348,34784.0
2021-06-25 14:44:05.353,32536.0
2021-06-25 14:44:05.358,36694.0
2021-06-25 14:44:05.363,31104.0
2021-06-25 14:44:05.368,32956.0
2021-06-25 14:44:05.373,31798.0
2021-06-25 14:44:05.378,32018.0
2021-06-25 14:44:05.383,33034.0
2021-06-25 14:44:05.388,35754.0
2021-06-25 14:44:05.393,37344.0
2021-06-25 14:44:05.398,37038.0
2021-06-25 14:44:05.403,35298.0
2021-06-25 14:44:05.408,36098.0
2021-06-25 14:44:05.413,36996.0
2021-06-25 14:44:05.418,35590.0
2021-06-25 14:44:05.423,36678.0
2021-06-25 14:44:05.428,37268.0
2021-06-25 14:44:05.433,35842.0
2021-06-25 14:44:05.438,37110.0
2021-06-25 14:44:05.443,38068.0
2021-06-25 14:44:05.448,38676.0
2021-06-25 14:44:05.453,35442.0
2021-06-25 14:44:05.458,35986.0
2021-06-25 14:44:05.463,37798.0
2021-06-25 14:44:05.468,38116.0
2021-06-25 14:44:05.473,35488.0
2021-06-25 14:44:05.478,32182.0
2021-06-25 14:44:05.483,31162.0
2021-06-25 14:44:05.488,32450.0
2021-06-25 14:44:05.493,31078.0
2021-06-25 14:44:05.498,35214.0
2021-06-25 14:44:05.503,32506.0
2021-06-25 14:44:05.508,32768.0
2021-06-25 14:44:05.513,30854.0
2021-06-25 14:44:05.518,31868.0
2021-06-25 14:44:05.523,30314.0
2021-06-25 14:44:05.528,32002.0
2021-06-25 14:44:05.533,38720.0
2021-06-25 14:44:05.538,36364.0
2021-06-25 14:44:05.543,36926.0
2021-06-25 14:44:05.548,37642.0
2021-06-25 14:44:05.553,31632.0
2021-06-25 14:44:05.558,34970.0
2021-06-25 14:44:05.563,36196.0
2021-06-25 14:44:05.568,36236.0
2021-06-25 14:44:05.573,35666.0
2021-06-25 14:44:05.578,37824.0
2021-06-25 14:44:05.583,39168.0
2021-06-25 14:44:05.588,40328.0
2021-06-25 14:44:05.593,38494.0
2021-06-25 14:44:05.598,37542.0
2021-06-25 14:44:05.603,33076.0
2021-06-25 14:44:05.608,31536.0
2021-06-25 14:44:05.613,30518.0
2021-06-25 14:44:05.618,31828.0
2021-06-25 14:44:05.623,30790.0
2021-06-25 14:44:05.628,30828.0
2021-06-25 14:44:05.633,32284.0
2021-06-25 14:44:05.638,28040.0
2021-06-25 14:44:05.643,29538.0
2021-06-25 14:44:05.648,28830.0
2021-06-25 14:44:05.653,28544.0
2021-06-25 14:44:05.658,29930.0
2021-06-25 14:44:05.663,28882.0
2021-06-25 14:44:05.668,34950.0
2021-06-25 14:44:05.673,35096.0
2021-06-25 14:44:05.678,34098.0
2021-06-25 14:44:05.683,35138.0
2021-06-25 14:44:05.688,34488.0
2021-06-25 14:44:05.693,33234.0
2021-06-25 14:44:05.698,33404.0
2021-06-25 14:44:05.703,35626.0
2021-06-25 14:44:05.708,32704.0
2021-06-25 14:44:05.713,35006.0
2021-06-25 14:44:05.718,33470.0
2021-06-25 14:44:05.723,35688.0
2021-06-25 14:44:05.728,36006.0
2021-06-25 14:44:05.733,35350.0
2021-06-25 14:44:05.738,36648.0
2021-06-25 14:44:05.743,28996.0
2021-06-25 14:44:05.748,28292.0
2021-06-25 14:44:05.753,29262.0
2021-06-25 14:44:05.758,31226.0
2021-06-25 14:44:05.763,30192.0
2021-06-25 14:44:05.768,28496.0
2021-06-25 14:44:05.773,28646.0
2021-06-25 14:44:05.778,30036.0
2021-06-25 14:44:05.783,28452.0
2021-06-25 14:44:05.788,31962.0
2021-06-25 14:44:05.793,30206.0
2021-06-25 14:44:05.799,29784.0
2021-06-25 14:44:05.803,34152.0
2021-06-25 14:44:05.808,35682.0
2021-06-25 14:44:05.813,36498.0
2021-06-25 14:44:05.818,35790.0
2021-06-25 14:44:05.823,35180.0
2021-06-25 14:44:05.828,36328.0
2021-06-25 14:44:05.833,35494.0
2021-06-25 14:44:05.838,35580.0
2021-06-25 14:44:05.843,36626.0
2021-06-25 14:44:05.848,37218.0
2021-06-25 14:44:05.853,33548.0
2021-06-25 14:44:05.858,35394.0
2021-06-25 14:44:05.863,35622.0
2021-06-25 14:44:05.868,35876.0
2021-06-25 14:44:05.873,38024.0
2021-06-25 14:44:05.878,37176.0
2021-06-25 14:44:05.884,29134.0
2021-06-25 14:44:05.888,31694.0
2021-06-25 14:44:05.893,31746.0
2021-06-25 14:44:05.898,33538.0
2021-06-25 14:44:05.903,31044.0
2021-06-25 14:44:05.908,32876.0
2021-06-25 14:44:05.913,31006.0
2021-06-25 14:44:05.918,28800.0
2021-06-25 14:44:05.923,29468.0
2021-06-25 14:44:05.928,31904.0
2021-06-25 14:44:05.933,30036.0
2021-06-25 14:44:05.938,32132.0
2021-06-25 14:44:05.943,36918.0
2021-06-25 14:44:05.948,38578.0
2021-06-25 14:44:05.953,32936.0
2021-06-25 14:44:05.958,36566.0
2021-06-25 14:44:05.963,36494.0
2021-06-25 14:44:05.969,35986.0
2021-06-25 14:44:05.973,36936.0
2021-06-25 14:44:05.978,35190.0
2021-06-25 14:44:05.983,36682.0
2021-06-25 14:44:05.988,36986.0
2021-06-25 14:44:05.993,35920.0
2021-06-25 14:44:05.998,37412.0
2021-06-25 14:44:06.003,35838.0
2021-06-25 14:44:06.008,37104.0
2021-06-25 14:44:06.013,34060.0
2021-06-25 14:44:06.018,35440.0
2021-06-25 14:44:06.023,29878.0
2021-06-25 14:44:06.028,29986.0
2021-06-25 14:44:06.033,31586.0
2021-06-25 14:44:06.038,31244.0
2021-06-25 14:44:06.043,31002.0
2021-06-25 14:44:06.048,31942.0
2021-06-25 14:44:06.053,29364.0
2021-06-25 14:44:06.058,30754.0
2021-06-25 14:44:06.063,29568.0
2021-06-25 14:44:06.068,29568.0
2021-06-25 14:44:06.073,31228.0
2021-06-25 14:44:06.078,31526.0
2021-06-25 14:44:06.083,29440.0
2021-06-25 14:44:06.088,38004.0
2021-06-25 14:44:06.093,35724.0
2021-06-25 14:44:06.098,36780.0
2021-06-25 14:44:06.103,36648.0
2021-06-25 14:44:06.108,35980.0
2021-06-25 14:44:06.113,36632.0
2021-06-25 14:44:06.118,37500.0
2021-06-25 14:44:06.123,37602.0
2021-06-25 14:44:06.128,37806.0
2021-06-25 14:44:06.133,36068.0
2021-06-25 14:44:06.138,36694.0
2021-06-25 14:44:06.143,37642.0
2021-06-25 14:44:06.148,35538.0
2021-06-25 14:44:06.153,37108.0
2021-06-25 14:44:06.158,35882.0
2021-06-25 14:44:06.163,36662.0
2021-06-25 14:44:06.168,29056.0
2021-06-25 14:44:06.173,29472.0
2021-06-25 14:44:06.178,32834.0
2021-06-25 14:44:06.183,29640.0
2021-06-25 14:44:06.188,31838.0
2021-06-25 14:44:06.193,32540.0
2021-06-25 14:44:06.198,31534.0
2021-06-25 14:44:06.203,29820.0
2021-06-25 14:44:06.208,31586.0
2021-06-25 14:44:06.213,30632.0
2021-06-25 14:44:06.218,28928.0
2021-06-25 14:44:06.223,30954.0
2021-06-25 14:44:06.228,37972.0
2021-06-25 14:44:06.233,37506.0
2021-06-25 14:44:06.238,37674.0
2021-06-25 14:44:06.243,35594.0
2021-06-25 14:44:06.248,36688.0
2021-06-25 14:44:06.253,37860.0
2021-06-25 14:44:06.258,34814.0
2021-06-25 14:44:06.263,32884.0
2021-06-25 14:44:06.268,35322.0
2021-06-25 14:44:06.273,35692.0
2021-06-25 14:44:06.278,37550.0
2021-06-25 14:44:06.283,37828.0
2021-06-25 14:44:06.288,36564.0
2021-06-25 14:44:06.293,36754.0
2021-06-25 14:44:06.298,37190.0
2021-06-25 14:44:06.303,31166.0
2021-06-25 14:44:06.308,31904.0
2021-06-25 14:44:06.313,29570.0
2021-06-25 14:44:06.318,33556.0
2021-06-25 14:44:06.323,28580.0
2021-06-25 14:44:06.328,31930.0
2021-06-25 14:44:06.333,30930.0
2021-06-25 14:44:06.338,28476.0
2021-06-25 14:44:06.343,30972.0
2021-06-25 14:44:06.348,29872.0
2021-06-25 14:44:06.353,30964.0
2021-06-25 14:44:06.358,31234.0
2021-06-25 14:44:06.363,29308.0
2021-06-25 14:44:06.368,32208.0
2021-06-25 14:44:06.373,36042.0
2021-06-25 14:44:06.378,36586.0
2021-06-25 14:44:06.383,36294.0
2021-06-25 14:44:06.388,35124.0
2021-06-25 14:44:06.393,36638.0
2021-06-25 14:44:06.398,36012.0
2021-06-25 14:44:06.403,33928.0
2021-06-25 14:44:06.408,36310.0
2021-06-25 14:44:06.413,36682.0
2021-06-25 14:44:06.418,36170.0
2021-06-25 14:44:06.423,35574.0
2021-06-25 14:44:06.428,35842.0
2021-06-25 14:44:06.433,34938.0
2021-06-25 14:44:06.439,37008.0
2021-06-25 14:44:06.443,36818.0
2021-06-25 14:44:06.448,30030.0
2021-06-25 14:44:06.453,29930.0
2021-06-25 14:44:06.458,30462.0
2021-06-25 14:44:06.463,32222.0
2021-06-25 14:44:06.468,26484.0
2021-06-25 14:44:06.473,28050.0
2021-06-25 14:44:06.478,27166.0
2021-06-25 14:44:06.483,30544.0
2021-06-25 14:44:06.488,27470.0
2021-06-25 14:44:06.493,29898.0
2021-06-25 14:44:06.498,29878.0
2021-06-25 14:44:06.503,28574.0
2021-06-25 14:44:06.508,28154.0
2021-06-25 14:44:06.513,34008.0
2021-06-25 14:44:06.518,34302.0
2021-06-25 14:44:06.524,35750.0
2021-06-25 14:44:06.528,34266.0
2021-06-25 14:44:06.533,35724.0
2021-06-25 14:44:06.538,34506.0
2021-06-25 14:44:06.543,34528.0
2021-06-25 14:44:06.548,35786.0
2021-06-25 14:44:06.553,31576.0
2021-06-25 14:44:06.558,35760.0
2021-06-25 14:44:06.563,34942.0
2021-06-25 14:44:06.568,33510.0
2021-06-25 14:44:06.573,34908.0
2021-06-25 14:44:06.578,35866.0
2021-06-25 14:44:06.583,35468.0
2021-06-25 14:44:06.588,35118.0
2021-06-25 14:44:06.593,30518.0
2021-06-25 14:44:06.598,30946.0
2021-06-25 14:44:06.603,30960.0
2021-06-25 14:44:06.609,31032.0
2021-06-25 14:44:06.613,27856.0
2021-06-25 14:44:06.618,29908.0
2021-06-25 14:44:06.623,30524.0
2021-06-25 14:44:06.628,28988.0
2021-06-25 14:44:06.633,31330.0
2021-06-25 14:44:06.638,30416.0
2021-06-25 14:44:06.643,30154.0
2021-06-25 14:44:06.648,30120.0
2021-06-25 14:44:06.653,30160.0
2021-06-25 14:44:06.658,33122.0
2021-06-25 14:44:06.663,33398.0
2021-06-25 14:44:06.668,39280.0
2021-06-25 14:44:06.673,41232.0
2021-06-25 14:44:06.678,40154.0
2021-06-25 14:44:06.683,40610.0
2021-06-25 14:44:06.688,40800.0
2021-06-25 14:44:06.693,44090.0
2021-06-25 14:44:06.698,40994.0
2021-06-25 14:44:06.703,39146.0
2021-06-25 14:44:06.708,41058.0
2021-06-25 14:44:06.713,40348.0
2021-06-25 14:44:06.718,42762.0
2021-06-25 14:44:06.723,40478.0
2021-06-25 14:44:06.728,42572.0
2021-06-25 14:44:06.733,36674.0
2021-06-25 14:44:06.738,36606.0
2021-06-25 14:44:06.743,37562.0
2021-06-25 14:44:06.748,34702.0
2021-06-25 14:44:06.753,34744.0
2021-06-25 14:44:06.758,36256.0
2021-06-25 14:44:06.763,35534.0
2021-06-25 14:44:06.768,34744.0
2021-06-25 14:44:06.773,32700.0
2021-06-25 14:44:06.778,32638.0
2021-06-25 14:44:06.783,33328.0
2021-06-25 14:44:06.788,34980.0
2021-06-25 14:44:06.793,34158.0
2021-06-25 14:44:06.798,40240.0
2021-06-25 14:44:06.803,36946.0
2021-06-25 14:44:06.808,34174.0
2021-06-25 14:44:06.813,37428.0
2021-06-25 14:44:06.818,38330.0
2021-06-25 14:44:06.823,37786.0
2021-06-25 14:44:06.828,37566.0
2021-06-25 14:44:06.841,40260.0
2021-06-25 14:44:06.842,40640.0
2021-06-25 14:44:06.844,38530.0
2021-06-25 14:44:06.848,40610.0
2021-06-25 14:44:06.853,37036.0
2021-06-25 14:44:06.858,38834.0
2021-06-25 14:44:06.863,36402.0
2021-06-25 14:44:06.868,36628.0
2021-06-25 14:44:06.873,39224.0
2021-06-25 14:44:06.878,33084.0
2021-06-25 14:44:06.883,33008.0
2021-06-25 14:44:06.888,32670.0
2021-06-25 14:44:06.893,32468.0
2021-06-25 14:44:06.898,33800.0
2021-06-25 14:44:06.903,33528.0
2021-06-25 14:44:06.908,32222.0
2021-06-25 14:44:06.913,31228.0
2021-06-25 14:44:06.918,30852.0
2021-06-25 14:44:06.923,32258.0
2021-06-25 14:44:06.928,32592.0
2021-06-25 14:44:06.933,34564.0
2021-06-25 14:44:06.938,36684.0
2021-06-25 14:44:06.943,38588.0
2021-06-25 14:44:06.948,39158.0
2021-06-25 14:44:06.953,39890.0
2021-06-25 14:44:06.958,36138.0
2021-06-25 14:44:06.963,35866.0
2021-06-25 14:44:06.968,37262.0
2021-06-25 14:44:06.973,37370.0
2021-06-25 14:44:06.978,36554.0
2021-06-25 14:44:06.983,37828.0
2021-06-25 14:44:06.988,38716.0
2021-06-25 14:44:06.993,38690.0
2021-06-25 14:44:06.998,37588.0
2021-06-25 14:44:07.003,38768.0
2021-06-25 14:44:07.008,36714.0
2021-06-25 14:44:07.013,32012.0
2021-06-25 14:44:07.018,29954.0
2021-06-25 14:44:07.023,31952.0
2021-06-25 14:44:07.028,33746.0
2021-06-25 14:44:07.033,31114.0
2021-06-25 14:44:07.038,35104.0
2021-06-25 14:44:07.043,34918.0
2021-06-25 14:44:07.048,32116.0
2021-06-25 14:44:07.053,33804.0
2021-06-25 14:44:07.058,29476.0
2021-06-25 14:44:07.063,32664.0
2021-06-25 14:44:07.068,30956.0
2021-06-25 14:44:07.073,32886.0
2021-06-25 14:44:07.079,37798.0
2021-06-25 14:44:07.083,37832.0
2021-06-25 14:44:07.088,38896.0
2021-06-25 14:44:07.093,38568.0
2021-06-25 14:44:07.098,37972.0
2021-06-25 14:44:07.103,38078.0
2021-06-25 14:44:07.108,38358.0
2021-06-25 14:44:07.113,37638.0
2021-06-25 14:44:07.118,36196.0
2021-06-25 14:44:07.123,37134.0
2021-06-25 14:44:07.128,38674.0
2021-06-25 14:44:07.133,37370.0
2021-06-25 14:44:07.138,38480.0
2021-06-25 14:44:07.143,36844.0
2021-06-25 14:44:07.148,37940.0
2021-06-25 14:44:07.153,33332.0
2021-06-25 14:44:07.158,31782.0
2021-06-25 14:44:07.164,30976.0
2021-06-25 14:44:07.168,32136.0
2021-06-25 14:44:07.173,30150.0
2021-06-25 14:44:07.178,30226.0
2021-06-25 14:44:07.183,33604.0
2021-06-25 14:44:07.188,32952.0
2021-06-25 14:44:07.193,31118.0
2021-06-25 14:44:07.198,33692.0
2021-06-25 14:44:07.203,31628.0
2021-06-25 14:44:07.208,32238.0
2021-06-25 14:44:07.213,31838.0
2021-06-25 14:44:07.218,34584.0
2021-06-25 14:44:07.223,36970.0
2021-06-25 14:44:07.228,37226.0
2021-06-25 14:44:07.233,36910.0
2021-06-25 14:44:07.238,38352.0
2021-06-25 14:44:07.243,37710.0
2021-06-25 14:44:07.249,35678.0
2021-06-25 14:44:07.253,36540.0
2021-06-25 14:44:07.258,34260.0
2021-06-25 14:44:07.263,34050.0
2021-06-25 14:44:07.268,36972.0
2021-06-25 14:44:07.273,35252.0
2021-06-25 14:44:07.278,36888.0
2021-06-25 14:44:07.283,36646.0
2021-06-25 14:44:07.288,36386.0
2021-06-25 14:44:07.293,37078.0
2021-06-25 14:44:07.298,37130.0
2021-06-25 14:44:07.303,37162.0
2021-06-25 14:44:07.308,32522.0
2021-06-25 14:44:07.313,32196.0
2021-06-25 14:44:07.318,31182.0
2021-06-25 14:44:07.323,31176.0
2021-06-25 14:44:07.328,32650.0
2021-06-25 14:44:07.333,31016.0
2021-06-25 14:44:07.338,30518.0
2021-06-25 14:44:07.343,31972.0
2021-06-25 14:44:07.348,29902.0
2021-06-25 14:44:07.353,29304.0
2021-06-25 14:44:07.358,30494.0
2021-06-25 14:44:07.363,30346.0
2021-06-25 14:44:07.368,31694.0
2021-06-25 14:44:07.373,35894.0
2021-06-25 14:44:07.378,36288.0
2021-06-25 14:44:07.383,34534.0
2021-06-25 14:44:07.388,35368.0
2021-06-25 14:44:07.393,37812.0
2021-06-25 14:44:07.398,35436.0
2021-06-25 14:44:07.403,38232.0
2021-06-25 14:44:07.408,37684.0
2021-06-25 14:44:07.413,36428.0
2021-06-25 14:44:07.418,34666.0
2021-06-25 14:44:07.423,36862.0
2021-06-25 14:44:07.428,37710.0
2021-06-25 14:44:07.433,39182.0
2021-06-25 14:44:07.438,36756.0
2021-06-25 14:44:07.443,35872.0
2021-06-25 14:44:07.448,35296.0
2021-06-25 14:44:07.453,30682.0
2021-06-25 14:44:07.458,31402.0
2021-06-25 14:44:07.463,30570.0
2021-06-25 14:44:07.468,32394.0
2021-06-25 14:44:07.473,29514.0
2021-06-25 14:44:07.478,35230.0
2021-06-25 14:44:07.483,32162.0
2021-06-25 14:44:07.488,32622.0
2021-06-25 14:44:07.493,31150.0
2021-06-25 14:44:07.498,32536.0
2021-06-25 14:44:07.503,30192.0
2021-06-25 14:44:07.508,30200.0
2021-06-25 14:44:07.513,31638.0
2021-06-25 14:44:07.518,29068.0
2021-06-25 14:44:07.523,37818.0
2021-06-25 14:44:07.528,37110.0
2021-06-25 14:44:07.533,35954.0
2021-06-25 14:44:07.538,37422.0
2021-06-25 14:44:07.543,35102.0
2021-06-25 14:44:07.548,38260.0
2021-06-25 14:44:07.553,36674.0
2021-06-25 14:44:07.558,36590.0
2021-06-25 14:44:07.563,36898.0
2021-06-25 14:44:07.568,35272.0
2021-06-25 14:44:07.573,37006.0
2021-06-25 14:44:07.578,37684.0
2021-06-25 14:44:07.583,36734.0
2021-06-25 14:44:07.588,37336.0
2021-06-25 14:44:07.593,30082.0
2021-06-25 14:44:07.598,30474.0
2021-06-25 14:44:07.603,31684.0
2021-06-25 14:44:07.608,32932.0
2021-06-25 14:44:07.613,30192.0
2021-06-25 14:44:07.618,31254.0
2021-06-25 14:44:07.623,31470.0
2021-06-25 14:44:07.628,32562.0
2021-06-25 14:44:07.633,31598.0
2021-06-25 14:44:07.638,30436.0
2021-06-25 14:44:07.643,31190.0
2021-06-25 14:44:07.648,33604.0
2021-06-25 14:44:07.653,29974.0
2021-06-25 14:44:07.658,32090.0
2021-06-25 14:44:07.663,37710.0
2021-06-25 14:44:07.668,37616.0
2021-06-25 14:44:07.673,37526.0
2021-06-25 14:44:07.678,37736.0
2021-06-25 14:44:07.683,36436.0
2021-06-25 14:44:07.688,36904.0
2021-06-25 14:44:07.693,36052.0
2021-06-25 14:44:07.698,38356.0
2021-06-25 14:44:07.703,37494.0
2021-06-25 14:44:07.708,35570.0
2021-06-25 14:44:07.713,31776.0
2021-06-25 14:44:07.719,34080.0
2021-06-25 14:44:07.723,37180.0
2021-06-25 14:44:07.728,35632.0
2021-06-25 14:44:07.733,37916.0
2021-06-25 14:44:07.738,30456.0
2021-06-25 14:44:07.743,32278.0
2021-06-25 14:44:07.748,33244.0
2021-06-25 14:44:07.753,32664.0
2021-06-25 14:44:07.758,31094.0
2021-06-25 14:44:07.763,35314.0
2021-06-25 14:44:07.768,29544.0
2021-06-25 14:44:07.773,29420.0
2021-06-25 14:44:07.778,31026.0
2021-06-25 14:44:07.783,30508.0
2021-06-25 14:44:07.788,31560.0
2021-06-25 14:44:07.793,32106.0
2021-06-25 14:44:07.798,31828.0
2021-06-25 14:44:07.804,38080.0
2021-06-25 14:44:07.808,38250.0
2021-06-25 14:44:07.813,31602.0
2021-06-25 14:44:07.818,34614.0
2021-06-25 14:44:07.823,37156.0
2021-06-25 14:44:07.828,36622.0
2021-06-25 14:44:07.833,37120.0
2021-06-25 14:44:07.838,36786.0
2021-06-25 14:44:07.843,36674.0
2021-06-25 14:44:07.848,35728.0
2021-06-25 14:44:07.853,35678.0
2021-06-25 14:44:07.858,37022.0
2021-06-25 14:44:07.863,33204.0
2021-06-25 14:44:07.868,34974.0
2021-06-25 14:44:07.873,36536.0
2021-06-25 14:44:07.878,36118.0
2021-06-25 14:44:07.883,31520.0
2021-06-25 14:44:07.889,32188.0
2021-06-25 14:44:07.893,31160.0
2021-06-25 14:44:07.898,32608.0
2021-06-25 14:44:07.903,32794.0
2021-06-25 14:44:07.908,34040.0
2021-06-25 14:44:07.913,30412.0
2021-06-25 14:44:07.918,31500.0
2021-06-25 14:44:07.923,32132.0
2021-06-25 14:44:07.928,29794.0
2021-06-25 14:44:07.933,29878.0
2021-06-25 14:44:07.938,31752.0
2021-06-25 14:44:07.943,30032.0
2021-06-25 14:44:07.948,37796.0
2021-06-25 14:44:07.953,38572.0
2021-06-25 14:44:07.958,38830.0
2021-06-25 14:44:07.963,32684.0
2021-06-25 14:44:07.968,34216.0
2021-06-25 14:44:07.973,35770.0
2021-06-25 14:44:07.978,37588.0
2021-06-25 14:44:07.983,37582.0
2021-06-25 14:44:07.988,35816.0
2021-06-25 14:44:07.993,35672.0
2021-06-25 14:44:07.998,38476.0
2021-06-25 14:44:08.003,37798.0
2021-06-25 14:44:08.008,38788.0
2021-06-25 14:44:08.013,36098.0
2021-06-25 14:44:08.018,36330.0
2021-06-25 14:44:08.023,35692.0
2021-06-25 14:44:08.028,29810.0
2021-06-25 14:44:08.033,30728.0
2021-06-25 14:44:08.038,30636.0
2021-06-25 14:44:08.043,30468.0
2021-06-25 14:44:08.048,31510.0
2021-06-25 14:44:08.053,30282.0
2021-06-25 14:44:08.058,34152.0
2021-06-25 14:44:08.063,31726.0
2021-06-25 14:44:08.068,31694.0
2021-06-25 14:44:08.073,31932.0
2021-06-25 14:44:08.078,32776.0
2021-06-25 14:44:08.083,30500.0
2021-06-25 14:44:08.088,32742.0
2021-06-25 14:44:08.093,37906.0
2021-06-25 14:44:08.098,40210.0
2021-06-25 14:44:08.103,39122.0
2021-06-25 14:44:08.108,38212.0
2021-06-25 14:44:08.113,38680.0
2021-06-25 14:44:08.118,37976.0
2021-06-25 14:44:08.123,35718.0
2021-06-25 14:44:08.128,37126.0
2021-06-25 14:44:08.133,37156.0
2021-06-25 14:44:08.138,37750.0
2021-06-25 14:44:08.143,37782.0
2021-06-25 14:44:08.148,39060.0
2021-06-25 14:44:08.153,39918.0
2021-06-25 14:44:08.158,39218.0
2021-06-25 14:44:08.163,37026.0
2021-06-25 14:44:08.168,32828.0
2021-06-25 14:44:08.173,31226.0
2021-06-25 14:44:08.178,32314.0
2021-06-25 14:44:08.183,33830.0
2021-06-25 14:44:08.188,32516.0
2021-06-25 14:44:08.193,30016.0
2021-06-25 14:44:08.198,30766.0
2021-06-25 14:44:08.203,30780.0
2021-06-25 14:44:08.208,33670.0
2021-06-25 14:44:08.213,31940.0
2021-06-25 14:44:08.218,30262.0
2021-06-25 14:44:08.223,31664.0
2021-06-25 14:44:08.228,32966.0
2021-06-25 14:44:08.233,31976.0
2021-06-25 14:44:08.238,36688.0
2021-06-25 14:44:08.243,36120.0
2021-06-25 14:44:08.248,37198.0
2021-06-25 14:44:08.253,36708.0
2021-06-25 14:44:08.258,38578.0
2021-06-25 14:44:08.263,36098.0
2021-06-25 14:44:08.268,37326.0
2021-06-25 14:44:08.273,35990.0
2021-06-25 14:44:08.278,37252.0
2021-06-25 14:44:08.283,36484.0
2021-06-25 14:44:08.288,38192.0
2021-06-25 14:44:08.293,37234.0
2021-06-25 14:44:08.298,37760.0
2021-06-25 14:44:08.303,36318.0
2021-06-25 14:44:08.308,38568.0
2021-06-25 14:44:08.313,39142.0
2021-06-25 14:44:08.318,38458.0
2021-06-25 14:44:08.323,32130.0
2021-06-25 14:44:08.328,32002.0
2021-06-25 14:44:08.333,33382.0
2021-06-25 14:44:08.338,31510.0
2021-06-25 14:44:08.343,35288.0
2021-06-25 14:44:08.348,30338.0
2021-06-25 14:44:08.353,30082.0
2021-06-25 14:44:08.359,33092.0
2021-06-25 14:44:08.363,32014.0
2021-06-25 14:44:08.368,32938.0
2021-06-25 14:44:08.373,31120.0
2021-06-25 14:44:08.378,30710.0
2021-06-25 14:44:08.383,35750.0
2021-06-25 14:44:08.388,37192.0
2021-06-25 14:44:08.393,36160.0
2021-06-25 14:44:08.398,36646.0
2021-06-25 14:44:08.403,36402.0
2021-06-25 14:44:08.408,34906.0
2021-06-25 14:44:08.413,34092.0
2021-06-25 14:44:08.418,36888.0
2021-06-25 14:44:08.423,36780.0
2021-06-25 14:44:08.428,36110.0
2021-06-25 14:44:08.433,37054.0
2021-06-25 14:44:08.438,38086.0
2021-06-25 14:44:08.444,37474.0
2021-06-25 14:44:08.448,37726.0
2021-06-25 14:44:08.453,37242.0
2021-06-25 14:44:08.458,36062.0
2021-06-25 14:44:08.463,30808.0
2021-06-25 14:44:08.468,30390.0
2021-06-25 14:44:08.473,30848.0
2021-06-25 14:44:08.478,30402.0
2021-06-25 14:44:08.483,33116.0
2021-06-25 14:44:08.488,34262.0
2021-06-25 14:44:08.493,29822.0
2021-06-25 14:44:08.498,31870.0
2021-06-25 14:44:08.503,33112.0
2021-06-25 14:44:08.508,32270.0
2021-06-25 14:44:08.513,31244.0
2021-06-25 14:44:08.518,30318.0
2021-06-25 14:44:08.523,37218.0
2021-06-25 14:44:08.529,37392.0
2021-06-25 14:44:08.533,36232.0
2021-06-25 14:44:08.538,36960.0
2021-06-25 14:44:08.543,37444.0
2021-06-25 14:44:08.548,37612.0
2021-06-25 14:44:08.553,36462.0
2021-06-25 14:44:08.558,36836.0
2021-06-25 14:44:08.563,35308.0
2021-06-25 14:44:08.568,34708.0
2021-06-25 14:44:08.573,33556.0
2021-06-25 14:44:08.578,37288.0
2021-06-25 14:44:08.583,36646.0
2021-06-25 14:44:08.588,36232.0
2021-06-25 14:44:08.593,37562.0
2021-06-25 14:44:08.598,31212.0
2021-06-25 14:44:08.603,29704.0
2021-06-25 14:44:08.608,32104.0
2021-06-25 14:44:08.613,32676.0
2021-06-25 14:44:08.618,31018.0
2021-06-25 14:44:08.623,29468.0
2021-06-25 14:44:08.628,34480.0
2021-06-25 14:44:08.633,31126.0
2021-06-25 14:44:08.638,31860.0
2021-06-25 14:44:08.643,31592.0
2021-06-25 14:44:08.648,32644.0
2021-06-25 14:44:08.653,29096.0
2021-06-25 14:44:08.658,31310.0
2021-06-25 14:44:08.663,30200.0
2021-06-25 14:44:08.668,31648.0
2021-06-25 14:44:08.673,33752.0
2021-06-25 14:44:08.678,35918.0
2021-06-25 14:44:08.683,35258.0
2021-06-25 14:44:08.688,36406.0
2021-06-25 14:44:08.693,37480.0
2021-06-25 14:44:08.698,36626.0
2021-06-25 14:44:08.703,38352.0
2021-06-25 14:44:08.708,37254.0
2021-06-25 14:44:08.713,34308.0
2021-06-25 14:44:08.718,34128.0
2021-06-25 14:44:08.723,34082.0
2021-06-25 14:44:08.728,36340.0
2021-06-25 14:44:08.733,36334.0
2021-06-25 14:44:08.738,37398.0
2021-06-25 14:44:08.743,36790.0
2021-06-25 14:44:08.748,37832.0
2021-06-25 14:44:08.753,30288.0
2021-06-25 14:44:08.758,30364.0
2021-06-25 14:44:08.763,33120.0
2021-06-25 14:44:08.768,30618.0
2021-06-25 14:44:08.773,30092.0
2021-06-25 14:44:08.778,33148.0
2021-06-25 14:44:08.783,30432.0
2021-06-25 14:44:08.788,29682.0
2021-06-25 14:44:08.793,29912.0
2021-06-25 14:44:08.798,30888.0
2021-06-25 14:44:08.803,31344.0
2021-06-25 14:44:08.808,29646.0
2021-06-25 14:44:08.813,33624.0
2021-06-25 14:44:08.818,31952.0
2021-06-25 14:44:08.823,35802.0
2021-06-25 14:44:08.828,37094.0
2021-06-25 14:44:08.833,35580.0
2021-06-25 14:44:08.838,33742.0
2021-06-25 14:44:08.843,37850.0
2021-06-25 14:44:08.848,37376.0
2021-06-25 14:44:08.853,37330.0
2021-06-25 14:44:08.858,37392.0
2021-06-25 14:44:08.863,36344.0
2021-06-25 14:44:08.868,31628.0
2021-06-25 14:44:08.873,36098.0
2021-06-25 14:44:08.878,37402.0
2021-06-25 14:44:08.883,37362.0
2021-06-25 14:44:08.888,37130.0
2021-06-25 14:44:08.893,31788.0
2021-06-25 14:44:08.898,32432.0
2021-06-25 14:44:08.903,34266.0
2021-06-25 14:44:08.908,30134.0
2021-06-25 14:44:08.913,31592.0
2021-06-25 14:44:08.918,31622.0
2021-06-25 14:44:08.923,32686.0
2021-06-25 14:44:08.928,31100.0
2021-06-25 14:44:08.933,33404.0
2021-06-25 14:44:08.938,30402.0
2021-06-25 14:44:08.943,31536.0
2021-06-25 14:44:08.948,31300.0
2021-06-25 14:44:08.953,32864.0
2021-06-25 14:44:08.958,37950.0
2021-06-25 14:44:08.963,38058.0
2021-06-25 14:44:08.968,36066.0
2021-06-25 14:44:08.973,37198.0
2021-06-25 14:44:08.978,37396.0
2021-06-25 14:44:08.983,36406.0
2021-06-25 14:44:08.988,36920.0
2021-06-25 14:44:08.993,37658.0
2021-06-25 14:44:08.999,36572.0
2021-06-25 14:44:09.003,37894.0
2021-06-25 14:44:09.008,37274.0
2021-06-25 14:44:09.013,36992.0
2021-06-25 14:44:09.018,37310.0
2021-06-25 14:44:09.023,36222.0
2021-06-25 14:44:09.028,37586.0
2021-06-25 14:44:09.033,35374.0
2021-06-25 14:44:09.038,30610.0
2021-06-25 14:44:09.043,32296.0
2021-06-25 14:44:09.048,33470.0
2021-06-25 14:44:09.053,30546.0
2021-06-25 14:44:09.058,31028.0
2021-06-25 14:44:09.063,35194.0
2021-06-25 14:44:09.068,31734.0
2021-06-25 14:44:09.073,31308.0
2021-06-25 14:44:09.078,30202.0
2021-06-25 14:44:09.084,31262.0
2021-06-25 14:44:09.088,30848.0
2021-06-25 14:44:09.093,30062.0
2021-06-25 14:44:09.098,36878.0
2021-06-25 14:44:09.103,37742.0
2021-06-25 14:44:09.108,37658.0
2021-06-25 14:44:09.113,36740.0
2021-06-25 14:44:09.118,31970.0
2021-06-25 14:44:09.123,35036.0
2021-06-25 14:44:09.128,38074.0
2021-06-25 14:44:09.133,37618.0
2021-06-25 14:44:09.138,37802.0
2021-06-25 14:44:09.143,37996.0
2021-06-25 14:44:09.148,38412.0
2021-06-25 14:44:09.153,38860.0
2021-06-25 14:44:09.158,39048.0
2021-06-25 14:44:09.163,37618.0
2021-06-25 14:44:09.169,33210.0
2021-06-25 14:44:09.173,35918.0
2021-06-25 14:44:09.178,37036.0
2021-06-25 14:44:09.183,31408.0
2021-06-25 14:44:09.188,29816.0
2021-06-25 14:44:09.193,32532.0
2021-06-25 14:44:09.198,30298.0
2021-06-25 14:44:09.203,31454.0
2021-06-25 14:44:09.208,31146.0
2021-06-25 14:44:09.213,32690.0
2021-06-25 14:44:09.218,31834.0
2021-06-25 14:44:09.223,31556.0
2021-06-25 14:44:09.228,32428.0
2021-06-25 14:44:09.233,32530.0
2021-06-25 14:44:09.238,34308.0
2021-06-25 14:44:09.243,35738.0
2021-06-25 14:44:09.248,37190.0
2021-06-25 14:44:09.253,37524.0
2021-06-25 14:44:09.258,37642.0
2021-06-25 14:44:09.263,37940.0
2021-06-25 14:44:09.268,35676.0
2021-06-25 14:44:09.273,32116.0
2021-06-25 14:44:09.278,35954.0
2021-06-25 14:44:09.283,36756.0
2021-06-25 14:44:09.288,35938.0
2021-06-25 14:44:09.293,36302.0
2021-06-25 14:44:09.298,37294.0
2021-06-25 14:44:09.303,36124.0
2021-06-25 14:44:09.308,34502.0
2021-06-25 14:44:09.313,38604.0
2021-06-25 14:44:09.318,31698.0
2021-06-25 14:44:09.323,30192.0
2021-06-25 14:44:09.328,32086.0
2021-06-25 14:44:09.333,30692.0
2021-06-25 14:44:09.338,31248.0
2021-06-25 14:44:09.343,33364.0
2021-06-25 14:44:09.348,35948.0
2021-06-25 14:44:09.353,32818.0
2021-06-25 14:44:09.358,30098.0
2021-06-25 14:44:09.363,33320.0
2021-06-25 14:44:09.368,29020.0
2021-06-25 14:44:09.373,31526.0
2021-06-25 14:44:09.378,29364.0
2021-06-25 14:44:09.383,29160.0
2021-06-25 14:44:09.388,36084.0
2021-06-25 14:44:09.401,36134.0
2021-06-25 14:44:09.402,35912.0
2021-06-25 14:44:09.404,35704.0
2021-06-25 14:44:09.408,34752.0
2021-06-25 14:44:09.413,33690.0
2021-06-25 14:44:09.418,33450.0
2021-06-25 14:44:09.423,36180.0
2021-06-25 14:44:09.428,36042.0
2021-06-25 14:44:09.433,34236.0
2021-06-25 14:44:09.438,37474.0
2021-06-25 14:44:09.443,36790.0
2021-06-25 14:44:09.448,37920.0
2021-06-25 14:44:09.453,37932.0
2021-06-25 14:44:09.458,38106.0
2021-06-25 14:44:09.463,37782.0
2021-06-25 14:44:09.468,37162.0
2021-06-25 14:44:09.473,32604.0
2021-06-25 14:44:09.478,28924.0
2021-06-25 14:44:09.483,31416.0
2021-06-25 14:44:09.488,30944.0
2021-06-25 14:44:09.493,31474.0
2021-06-25 14:44:09.498,34148.0
2021-06-25 14:44:09.503,31294.0
2021-06-25 14:44:09.508,31488.0
2021-06-25 14:44:09.513,29134.0
2021-06-25 14:44:09.518,31698.0
2021-06-25 14:44:09.523,31012.0
2021-06-25 14:44:09.528,30898.0
2021-06-25 14:44:09.533,32618.0
2021-06-25 14:44:09.538,36898.0
2021-06-25 14:44:09.543,36842.0
2021-06-25 14:44:09.548,37170.0
2021-06-25 14:44:09.554,37694.0
2021-06-25 14:44:09.558,34548.0
2021-06-25 14:44:09.563,37478.0
2021-06-25 14:44:09.568,38588.0
2021-06-25 14:44:09.573,35332.0
2021-06-25 14:44:09.578,36606.0
2021-06-25 14:44:09.583,36082.0
2021-06-25 14:44:09.588,37592.0
2021-06-25 14:44:09.593,37088.0
2021-06-25 14:44:09.598,37500.0
2021-06-25 14:44:09.603,36298.0
2021-06-25 14:44:09.608,35098.0
2021-06-25 14:44:09.613,34190.0
2021-06-25 14:44:09.618,32496.0
2021-06-25 14:44:09.623,31560.0
2021-06-25 14:44:09.628,30756.0
2021-06-25 14:44:09.633,30272.0
2021-06-25 14:44:09.639,31310.0
2021-06-25 14:44:09.643,35096.0
2021-06-25 14:44:09.648,32156.0
2021-06-25 14:44:09.653,30364.0
2021-06-25 14:44:09.658,32034.0
2021-06-25 14:44:09.663,32742.0
2021-06-25 14:44:09.668,30484.0
2021-06-25 14:44:09.673,31218.0
2021-06-25 14:44:09.678,36302.0
2021-06-25 14:44:09.683,36996.0
2021-06-25 14:44:09.688,37998.0
2021-06-25 14:44:09.693,37756.0
2021-06-25 14:44:09.698,36904.0
2021-06-25 14:44:09.703,38476.0
2021-06-25 14:44:09.708,37100.0
2021-06-25 14:44:09.713,38050.0
2021-06-25 14:44:09.718,37484.0
2021-06-25 14:44:09.724,36356.0
2021-06-25 14:44:09.728,35060.0
2021-06-25 14:44:09.733,38204.0
2021-06-25 14:44:09.738,37642.0
2021-06-25 14:44:09.743,37714.0
2021-06-25 14:44:09.748,38820.0
2021-06-25 14:44:09.753,31960.0
2021-06-25 14:44:09.758,33166.0
2021-06-25 14:44:09.763,33574.0
2021-06-25 14:44:09.768,33246.0
2021-06-25 14:44:09.773,30088.0
2021-06-25 14:44:09.778,32054.0
2021-06-25 14:44:09.783,30048.0
2021-06-25 14:44:09.788,30992.0
2021-06-25 14:44:09.793,28806.0
2021-06-25 14:44:09.798,31622.0
2021-06-25 14:44:09.803,29494.0
2021-06-25 14:44:09.809,29912.0
2021-06-25 14:44:09.813,31818.0
2021-06-25 14:44:09.818,36072.0
2021-06-25 14:44:09.823,34214.0
2021-06-25 14:44:09.828,35024.0
2021-06-25 14:44:09.833,37068.0
2021-06-25 14:44:09.838,37494.0
2021-06-25 14:44:09.843,36560.0
2021-06-25 14:44:09.848,37012.0
2021-06-25 14:44:09.853,37416.0
2021-06-25 14:44:09.858,38444.0
2021-06-25 14:44:09.863,37018.0
2021-06-25 14:44:09.868,36582.0
2021-06-25 14:44:09.873,33964.0
2021-06-25 14:44:09.878,35826.0
2021-06-25 14:44:09.883,34760.0
2021-06-25 14:44:09.888,36652.0
2021-06-25 14:44:09.893,35590.0
2021-06-25 14:44:09.898,36190.0
2021-06-25 14:44:09.903,29478.0
2021-06-25 14:44:09.908,31484.0
2021-06-25 14:44:09.913,31652.0
2021-06-25 14:44:09.918,30808.0
2021-06-25 14:44:09.923,30120.0
2021-06-25 14:44:09.928,33928.0
2021-06-25 14:44:09.933,29378.0
2021-06-25 14:44:09.938,30266.0
2021-06-25 14:44:09.943,32304.0
2021-06-25 14:44:09.948,33182.0
2021-06-25 14:44:09.953,32284.0
2021-06-25 14:44:09.958,31458.0
2021-06-25 14:44:09.963,31232.0
2021-06-25 14:44:09.968,33938.0
2021-06-25 14:44:09.973,31500.0
2021-06-25 14:44:09.978,33954.0
2021-06-25 14:44:09.983,34380.0
2021-06-25 14:44:09.988,33798.0
2021-06-25 14:44:09.993,35370.0
2021-06-25 14:44:09.998,36184.0
2021-06-25 14:44:10.003,36720.0
2021-06-25 14:44:10.008,37550.0
2021-06-25 14:44:10.013,37704.0
2021-06-25 14:44:10.018,35842.0
2021-06-25 14:44:10.023,36364.0
2021-06-25 14:44:10.028,36782.0
2021-06-25 14:44:10.033,36356.0
2021-06-25 14:44:10.038,37144.0
2021-06-25 14:44:10.043,35050.0
2021-06-25 14:44:10.048,38054.0
2021-06-25 14:44:10.053,31750.0
2021-06-25 14:44:10.058,32604.0
2021-06-25 14:44:10.063,32870.0
2021-06-25 14:44:10.068,31772.0
2021-06-25 14:44:10.073,30000.0
2021-06-25 14:44:10.078,33116.0
2021-06-25 14:44:10.083,29730.0
2021-06-25 14:44:10.088,28958.0
2021-06-25 14:44:10.093,31000.0
2021-06-25 14:44:10.098,32176.0
2021-06-25 14:44:10.103,30556.0
2021-06-25 14:44:10.108,31120.0
2021-06-25 14:44:10.113,38172.0
2021-06-25 14:44:10.118,39532.0
2021-06-25 14:44:10.123,35148.0
2021-06-25 14:44:10.128,35548.0
2021-06-25 14:44:10.133,36256.0
2021-06-25 14:44:10.138,37700.0
2021-06-25 14:44:10.143,36554.0
2021-06-25 14:44:10.148,37986.0
2021-06-25 14:44:10.153,35728.0
2021-06-25 14:44:10.158,37442.0
2021-06-25 14:44:10.163,36782.0
2021-06-25 14:44:10.168,36456.0
2021-06-25 14:44:10.173,36288.0
2021-06-25 14:44:10.178,33864.0
2021-06-25 14:44:10.183,38074.0
2021-06-25 14:44:10.188,36822.0
2021-06-25 14:44:10.193,31392.0
2021-06-25 14:44:10.198,30828.0
2021-06-25 14:44:10.203,32140.0
2021-06-25 14:44:10.208,32258.0
2021-06-25 14:44:10.213,30698.0
2021-06-25 14:44:10.218,34446.0
2021-06-25 14:44:10.223,30232.0
2021-06-25 14:44:10.228,31054.0
2021-06-25 14:44:10.233,29494.0
2021-06-25 14:44:10.238,29894.0
2021-06-25 14:44:10.243,30990.0
2021-06-25 14:44:10.248,31576.0
2021-06-25 14:44:10.253,29800.0
2021-06-25 14:44:10.258,37110.0
2021-06-25 14:44:10.263,37180.0
2021-06-25 14:44:10.268,38048.0
2021-06-25 14:44:10.273,35626.0
2021-06-25 14:44:10.279,35944.0
2021-06-25 14:44:10.283,36088.0
2021-06-25 14:44:10.288,34918.0
2021-06-25 14:44:10.293,36472.0
2021-06-25 14:44:10.298,36428.0
2021-06-25 14:44:10.303,37860.0
2021-06-25 14:44:10.308,37530.0
2021-06-25 14:44:10.313,38470.0
2021-06-25 14:44:10.318,39174.0
2021-06-25 14:44:10.323,35498.0
2021-06-25 14:44:10.328,37072.0
2021-06-25 14:44:10.333,31376.0
2021-06-25 14:44:10.338,31272.0
2021-06-25 14:44:10.343,29476.0
2021-06-25 14:44:10.348,33020.0
2021-06-25 14:44:10.353,32992.0
2021-06-25 14:44:10.358,34594.0
2021-06-25 14:44:10.364,30772.0
2021-06-25 14:44:10.368,31412.0
2021-06-25 14:44:10.373,31824.0
2021-06-25 14:44:10.378,31016.0
2021-06-25 14:44:10.383,33640.0
2021-06-25 14:44:10.388,29816.0
2021-06-25 14:44:10.393,36690.0
2021-06-25 14:44:10.398,37642.0
2021-06-25 14:44:10.403,37642.0
2021-06-25 14:44:10.408,37602.0
2021-06-25 14:44:10.413,36918.0
2021-06-25 14:44:10.418,37090.0
2021-06-25 14:44:10.423,35524.0
2021-06-25 14:44:10.428,34732.0
2021-06-25 14:44:10.433,35000.0
2021-06-25 14:44:10.438,36222.0
2021-06-25 14:44:10.443,35340.0
2021-06-25 14:44:10.449,34626.0
2021-06-25 14:44:10.453,37442.0
2021-06-25 14:44:10.458,37988.0
2021-06-25 14:44:10.463,37042.0
2021-06-25 14:44:10.468,37088.0
2021-06-25 14:44:10.473,31932.0
2021-06-25 14:44:10.478,31536.0
2021-06-25 14:44:10.483,29334.0
2021-06-25 14:44:10.488,30012.0
2021-06-25 14:44:10.493,31196.0
2021-06-25 14:44:10.498,35124.0
2021-06-25 14:44:10.503,32454.0
2021-06-25 14:44:10.508,29528.0
2021-06-25 14:44:10.513,32012.0
2021-06-25 14:44:10.518,31000.0
2021-06-25 14:44:10.523,31252.0
2021-06-25 14:44:10.528,30618.0
2021-06-25 14:44:10.533,36764.0
2021-06-25 14:44:10.538,36370.0
2021-06-25 14:44:10.543,35400.0
2021-06-25 14:44:10.548,36104.0
2021-06-25 14:44:10.553,36052.0
2021-06-25 14:44:10.558,36874.0
2021-06-25 14:44:10.563,37428.0
2021-06-25 14:44:10.568,36638.0
2021-06-25 14:44:10.573,37026.0
2021-06-25 14:44:10.578,38362.0
2021-06-25 14:44:10.583,35790.0
2021-06-25 14:44:10.588,37088.0
2021-06-25 14:44:10.593,37932.0
2021-06-25 14:44:10.598,37700.0
2021-06-25 14:44:10.603,36772.0
2021-06-25 14:44:10.608,36884.0
2021-06-25 14:44:10.613,37896.0
2021-06-25 14:44:10.618,31448.0
2021-06-25 14:44:10.623,32110.0
2021-06-25 14:44:10.628,29200.0
2021-06-25 14:44:10.633,30724.0
2021-06-25 14:44:10.638,29882.0
2021-06-25 14:44:10.643,35226.0
2021-06-25 14:44:10.648,31478.0
2021-06-25 14:44:10.653,30556.0
2021-06-25 14:44:10.658,32936.0
2021-06-25 14:44:10.663,32664.0
2021-06-25 14:44:10.668,30920.0
2021-06-25 14:44:10.673,33300.0
2021-06-25 14:44:10.678,31350.0
2021-06-25 14:44:10.683,37634.0
2021-06-25 14:44:10.688,37310.0
2021-06-25 14:44:10.693,38588.0
2021-06-25 14:44:10.698,38276.0
2021-06-25 14:44:10.703,37166.0
2021-06-25 14:44:10.708,37114.0
2021-06-25 14:44:10.713,38058.0
2021-06-25 14:44:10.718,36972.0
2021-06-25 14:44:10.723,36226.0
2021-06-25 14:44:10.728,32412.0
2021-06-25 14:44:10.733,35442.0
2021-06-25 14:44:10.738,36284.0
2021-06-25 14:44:10.743,36832.0
2021-06-25 14:44:10.748,38162.0
2021-06-25 14:44:10.753,37226.0
2021-06-25 14:44:10.758,31612.0
2021-06-25 14:44:10.763,32916.0
2021-06-25 14:44:10.768,33096.0
2021-06-25 14:44:10.773,31606.0
2021-06-25 14:44:10.778,36560.0
2021-06-25 14:44:10.783,32274.0
2021-06-25 14:44:10.788,31380.0
2021-06-25 14:44:10.793,31402.0
2021-06-25 14:44:10.798,29586.0
2021-06-25 14:44:10.803,31018.0
2021-06-25 14:44:10.808,32484.0
2021-06-25 14:44:10.813,31264.0
2021-06-25 14:44:10.818,37668.0
2021-06-25 14:44:10.823,37166.0
2021-06-25 14:44:10.828,36278.0
2021-06-25 14:44:10.833,36864.0
2021-06-25 14:44:10.838,38368.0
2021-06-25 14:44:10.843,35276.0
2021-06-25 14:44:10.848,37552.0
2021-06-25 14:44:10.853,38468.0
2021-06-25 14:44:10.858,37560.0
2021-06-25 14:44:10.863,37438.0
2021-06-25 14:44:10.868,37972.0
2021-06-25 14:44:10.873,38650.0
2021-06-25 14:44:10.878,32096.0
2021-06-25 14:44:10.883,34922.0
2021-06-25 14:44:10.888,36566.0
2021-06-25 14:44:10.893,35514.0
2021-06-25 14:44:10.898,30678.0
2021-06-25 14:44:10.903,31356.0
2021-06-25 14:44:10.908,32700.0
2021-06-25 14:44:10.913,30790.0
2021-06-25 14:44:10.919,35846.0
2021-06-25 14:44:10.923,32042.0
2021-06-25 14:44:10.928,30048.0
2021-06-25 14:44:10.933,30124.0
2021-06-25 14:44:10.938,31242.0
2021-06-25 14:44:10.943,32542.0
2021-06-25 14:44:10.948,30990.0
2021-06-25 14:44:10.953,33076.0
2021-06-25 14:44:10.958,38326.0
2021-06-25 14:44:10.963,39116.0
2021-06-25 14:44:10.968,38168.0
2021-06-25 14:44:10.973,35802.0
2021-06-25 14:44:10.978,31068.0
2021-06-25 14:44:10.983,34328.0
2021-06-25 14:44:10.988,34784.0
2021-06-25 14:44:10.993,35712.0
2021-06-25 14:44:10.998,37144.0
2021-06-25 14:44:11.004,37976.0
2021-06-25 14:44:11.008,37710.0
2021-06-25 14:44:11.013,37008.0
2021-06-25 14:44:11.018,37232.0
2021-06-25 14:44:11.023,37880.0
2021-06-25 14:44:11.028,36452.0
2021-06-25 14:44:11.033,31206.0
2021-06-25 14:44:11.038,30926.0
2021-06-25 14:44:11.043,31776.0
2021-06-25 14:44:11.048,33368.0
2021-06-25 14:44:11.053,29256.0
2021-06-25 14:44:11.058,35564.0
2021-06-25 14:44:11.063,32776.0
2021-06-25 14:44:11.068,30914.0
2021-06-25 14:44:11.073,30056.0
2021-06-25 14:44:11.078,30412.0
2021-06-25 14:44:11.083,30868.0
2021-06-25 14:44:11.089,30436.0
2021-06-25 14:44:11.093,36674.0
2021-06-25 14:44:11.098,36760.0
2021-06-25 14:44:11.103,35348.0
2021-06-25 14:44:11.108,36438.0
2021-06-25 14:44:11.113,38094.0
2021-06-25 14:44:11.118,37844.0
2021-06-25 14:44:11.123,37468.0
2021-06-25 14:44:11.128,31988.0
2021-06-25 14:44:11.133,34286.0
2021-06-25 14:44:11.138,36890.0
2021-06-25 14:44:11.143,38058.0
2021-06-25 14:44:11.148,37530.0
2021-06-25 14:44:11.153,36936.0
2021-06-25 14:44:11.158,36084.0
2021-06-25 14:44:11.163,38738.0
2021-06-25 14:44:11.168,28878.0
2021-06-25 14:44:11.173,31300.0
2021-06-25 14:44:11.178,31412.0
2021-06-25 14:44:11.183,32576.0
2021-06-25 14:44:11.188,28496.0
2021-06-25 14:44:11.193,32520.0
2021-06-25 14:44:11.198,30504.0
2021-06-25 14:44:11.203,32058.0
2021-06-25 14:44:11.208,31386.0
2021-06-25 14:44:11.213,31822.0
2021-06-25 14:44:11.218,29928.0
2021-06-25 14:44:11.223,32988.0
2021-06-25 14:44:11.228,34950.0
2021-06-25 14:44:11.233,36360.0
2021-06-25 14:44:11.238,34390.0
2021-06-25 14:44:11.243,37248.0
2021-06-25 14:44:11.248,35514.0
2021-06-25 14:44:11.253,37622.0
2021-06-25 14:44:11.258,37808.0
2021-06-25 14:44:11.263,38034.0
2021-06-25 14:44:11.268,37396.0
2021-06-25 14:44:11.273,38422.0
2021-06-25 14:44:11.278,37098.0
2021-06-25 14:44:11.283,36068.0
2021-06-25 14:44:11.288,36390.0
2021-06-25 14:44:11.293,36878.0
2021-06-25 14:44:11.298,36146.0
2021-06-25 14:44:11.303,37670.0
2021-06-25 14:44:11.308,32300.0
2021-06-25 14:44:11.313,32876.0
2021-06-25 14:44:11.318,32710.0
2021-06-25 14:44:11.323,32186.0
2021-06-25 14:44:11.328,31488.0
2021-06-25 14:44:11.333,34954.0
2021-06-25 14:44:11.338,32496.0
2021-06-25 14:44:11.343,30682.0
2021-06-25 14:44:11.348,29820.0
2021-06-25 14:44:11.353,28456.0
2021-06-25 14:44:11.358,28562.0
2021-06-25 14:44:11.363,28836.0
2021-06-25 14:44:11.368,33906.0
2021-06-25 14:44:11.373,35216.0
2021-06-25 14:44:11.378,33818.0
2021-06-25 14:44:11.383,31834.0
2021-06-25 14:44:11.388,33146.0
2021-06-25 14:44:11.393,35088.0
2021-06-25 14:44:11.398,33152.0
2021-06-25 14:44:11.403,34060.0
2021-06-25 14:44:11.408,35640.0
2021-06-25 14:44:11.413,35098.0
2021-06-25 14:44:11.418,35222.0
2021-06-25 14:44:11.423,35538.0
2021-06-25 14:44:11.428,34334.0
2021-06-25 14:44:11.433,33428.0
2021-06-25 14:44:11.438,34686.0
2021-06-25 14:44:11.443,34152.0
2021-06-25 14:44:11.448,33954.0
2021-06-25 14:44:11.453,27902.0
2021-06-25 14:44:11.458,28948.0
2021-06-25 14:44:11.463,29954.0
2021-06-25 14:44:11.468,31734.0
2021-06-25 14:44:11.473,29400.0
2021-06-25 14:44:11.478,28958.0
2021-06-25 14:44:11.483,28154.0
2021-06-25 14:44:11.488,27466.0
2021-06-25 14:44:11.493,28054.0
2021-06-25 14:44:11.498,27954.0
2021-06-25 14:44:11.503,28260.0
2021-06-25 14:44:11.508,30268.0
2021-06-25 14:44:11.513,29240.0
2021-06-25 14:44:11.518,31386.0
2021-06-25 14:44:11.523,33984.0
2021-06-25 14:44:11.528,33404.0
2021-06-25 14:44:11.533,28642.0
2021-06-25 14:44:11.538,32156.0
2021-06-25 14:44:11.543,32214.0
2021-06-25 14:44:11.548,32322.0
2021-06-25 14:44:11.553,35170.0
2021-06-25 14:44:11.559,35026.0
2021-06-25 14:44:11.563,34636.0
2021-06-25 14:44:11.568,33056.0
2021-06-25 14:44:11.573,35610.0
2021-06-25 14:44:11.578,35412.0
2021-06-25 14:44:11.583,34852.0
2021-06-25 14:44:11.588,35426.0
2021-06-25 14:44:11.593,32352.0
2021-06-25 14:44:11.598,27732.0
2021-06-25 14:44:11.603,28148.0
2021-06-25 14:44:11.608,28174.0
2021-06-25 14:44:11.613,30210.0
2021-06-25 14:44:11.618,29016.0
2021-06-25 14:44:11.623,30900.0
2021-06-25 14:44:11.628,29564.0
2021-06-25 14:44:11.633,30094.0
2021-06-25 14:44:11.638,30864.0
2021-06-25 14:44:11.644,29948.0
2021-06-25 14:44:11.648,30390.0
2021-06-25 14:44:11.653,30884.0
2021-06-25 14:44:11.658,31808.0
2021-06-25 14:44:11.663,33636.0
2021-06-25 14:44:11.668,32028.0
2021-06-25 14:44:11.673,33254.0
2021-06-25 14:44:11.678,34436.0
2021-06-25 14:44:11.683,33070.0
2021-06-25 14:44:11.688,34082.0
2021-06-25 14:44:11.693,35436.0
2021-06-25 14:44:11.698,34148.0
2021-06-25 14:44:11.703,34790.0
2021-06-25 14:44:11.708,35678.0
2021-06-25 14:44:11.713,34738.0
2021-06-25 14:44:11.718,34326.0
2021-06-25 14:44:11.723,36120.0
2021-06-25 14:44:11.729,35702.0
2021-06-25 14:44:11.733,28768.0
2021-06-25 14:44:11.738,32536.0
2021-06-25 14:44:11.743,28600.0
2021-06-25 14:44:11.748,29246.0
2021-06-25 14:44:11.753,29826.0
2021-06-25 14:44:11.758,29512.0
2021-06-25 14:44:11.763,32894.0
2021-06-25 14:44:11.768,30114.0
2021-06-25 14:44:11.773,28086.0
2021-06-25 14:44:11.778,29106.0
2021-06-25 14:44:11.783,28332.0
2021-06-25 14:44:11.788,30232.0
2021-06-25 14:44:11.793,30252.0
2021-06-25 14:44:11.798,28634.0
2021-06-25 14:44:11.803,28942.0
2021-06-25 14:44:11.808,35114.0
2021-06-25 14:44:11.813,35774.0
2021-06-25 14:44:11.818,35848.0
2021-06-25 14:44:11.823,33968.0
2021-06-25 14:44:11.828,35580.0
2021-06-25 14:44:11.833,34764.0
2021-06-25 14:44:11.838,33254.0
2021-06-25 14:44:11.843,33650.0
2021-06-25 14:44:11.848,33880.0
2021-06-25 14:44:11.853,34090.0
2021-06-25 14:44:11.858,35204.0
2021-06-25 14:44:11.863,35072.0
2021-06-25 14:44:11.868,34250.0
2021-06-25 14:44:11.873,34934.0
2021-06-25 14:44:11.878,35622.0
2021-06-25 14:44:11.883,29144.0
2021-06-25 14:44:11.888,29030.0
2021-06-25 14:44:11.893,30120.0
2021-06-25 14:44:11.898,28988.0
2021-06-25 14:44:11.903,28476.0
2021-06-25 14:44:11.908,29944.0
2021-06-25 14:44:11.913,30118.0
2021-06-25 14:44:11.918,30210.0
2021-06-25 14:44:11.923,26804.0
2021-06-25 14:44:11.928,28670.0
2021-06-25 14:44:11.933,28948.0
2021-06-25 14:44:11.938,26804.0
2021-06-25 14:44:11.943,34188.0
2021-06-25 14:44:11.948,34620.0
2021-06-25 14:44:11.961,36104.0
2021-06-25 14:44:11.962,35754.0
2021-06-25 14:44:11.964,35920.0
2021-06-25 14:44:11.968,34548.0
2021-06-25 14:44:11.973,34024.0
2021-06-25 14:44:11.978,32362.0
2021-06-25 14:44:11.983,29604.0
2021-06-25 14:44:11.988,32006.0
2021-06-25 14:44:11.993,35040.0
2021-06-25 14:44:11.998,34020.0
2021-06-25 14:44:12.003,33322.0
2021-06-25 14:44:12.008,32930.0
2021-06-25 14:44:12.013,34476.0
2021-06-25 14:44:12.018,35596.0
2021-06-25 14:44:12.023,28030.0
2021-06-25 14:44:12.028,30252.0
2021-06-25 14:44:12.033,29160.0
2021-06-25 14:44:12.038,27316.0
2021-06-25 14:44:12.043,28778.0
2021-06-25 14:44:12.048,28888.0
2021-06-25 14:44:12.053,28788.0
2021-06-25 14:44:12.058,27794.0
2021-06-25 14:44:12.063,27702.0
2021-06-25 14:44:12.068,28554.0
2021-06-25 14:44:12.073,27266.0
2021-06-25 14:44:12.078,29852.0
2021-06-25 14:44:12.083,27264.0
2021-06-25 14:44:12.088,34686.0
2021-06-25 14:44:12.093,32828.0
2021-06-25 14:44:12.098,32054.0
2021-06-25 14:44:12.103,33908.0
2021-06-25 14:44:12.108,33174.0
2021-06-25 14:44:12.113,33536.0
2021-06-25 14:44:12.118,35210.0
2021-06-25 14:44:12.123,33680.0
2021-06-25 14:44:12.128,34898.0
2021-06-25 14:44:12.133,33774.0
2021-06-25 14:44:12.138,32936.0
2021-06-25 14:44:12.143,34280.0
2021-06-25 14:44:12.148,34460.0
2021-06-25 14:44:12.153,33480.0
2021-06-25 14:44:12.158,34706.0
2021-06-25 14:44:12.163,28488.0
2021-06-25 14:44:12.168,28876.0
2021-06-25 14:44:12.173,29042.0
2021-06-25 14:44:12.178,29420.0
2021-06-25 14:44:12.183,27918.0
2021-06-25 14:44:12.188,28240.0
2021-06-25 14:44:12.193,28272.0
2021-06-25 14:44:12.199,28706.0
2021-06-25 14:44:12.203,27782.0
2021-06-25 14:44:12.208,28518.0
2021-06-25 14:44:12.213,26208.0
2021-06-25 14:44:12.218,26558.0
2021-06-25 14:44:12.223,28682.0
2021-06-25 14:44:12.228,34246.0
2021-06-25 14:44:12.233,33762.0
2021-06-25 14:44:12.238,32910.0
2021-06-25 14:44:12.243,33096.0
2021-06-25 14:44:12.248,33090.0
2021-06-25 14:44:12.253,32614.0
2021-06-25 14:44:12.258,33246.0
2021-06-25 14:44:12.263,34898.0
2021-06-25 14:44:12.268,35118.0
2021-06-25 14:44:12.273,34244.0
2021-06-25 14:44:12.278,36822.0
2021-06-25 14:44:12.284,33872.0
2021-06-25 14:44:12.288,34440.0
2021-06-25 14:44:12.293,33814.0
2021-06-25 14:44:12.298,35902.0
2021-06-25 14:44:12.303,35096.0
2021-06-25 14:44:12.308,30946.0
2021-06-25 14:44:12.313,29282.0
2021-06-25 14:44:12.318,31242.0
2021-06-25 14:44:12.323,30232.0
2021-06-25 14:44:12.328,29332.0
2021-06-25 14:44:12.333,36192.0
2021-06-25 14:44:12.338,31470.0
2021-06-25 14:44:12.343,28384.0
2021-06-25 14:44:12.348,30374.0
2021-06-25 14:44:12.353,29128.0
2021-06-25 14:44:12.358,31192.0
2021-06-25 14:44:12.363,31022.0
2021-06-25 14:44:12.369,35920.0
2021-06-25 14:44:12.373,35222.0
2021-06-25 14:44:12.378,38322.0
2021-06-25 14:44:12.383,35312.0
2021-06-25 14:44:12.388,33634.0
2021-06-25 14:44:12.393,36360.0
2021-06-25 14:44:12.398,35168.0
2021-06-25 14:44:12.403,34558.0
2021-06-25 14:44:12.408,34856.0
2021-06-25 14:44:12.413,36718.0
2021-06-25 14:44:12.418,36822.0
2021-06-25 14:44:12.423,35498.0
2021-06-25 14:44:12.428,35810.0
2021-06-25 14:44:12.433,34944.0
2021-06-25 14:44:12.438,35016.0
2021-06-25 14:44:12.443,35098.0
2021-06-25 14:44:12.448,33076.0
2021-06-25 14:44:12.453,31406.0
2021-06-25 14:44:12.458,30570.0
2021-06-25 14:44:12.463,29856.0
2021-06-25 14:44:12.468,29832.0
2021-06-25 14:44:12.473,28764.0
2021-06-25 14:44:12.478,34118.0
2021-06-25 14:44:12.483,30102.0
2021-06-25 14:44:12.488,29580.0
2021-06-25 14:44:12.493,29646.0
2021-06-25 14:44:12.498,29702.0
2021-06-25 14:44:12.503,29242.0
2021-06-25 14:44:12.508,30396.0
2021-06-25 14:44:12.513,35322.0
2021-06-25 14:44:12.518,35450.0
2021-06-25 14:44:12.523,36184.0
2021-06-25 14:44:12.528,36956.0
2021-06-25 14:44:12.533,35960.0
2021-06-25 14:44:12.538,32166.0
2021-06-25 14:44:12.543,34044.0
2021-06-25 14:44:12.548,35630.0
2021-06-25 14:44:12.553,34876.0
2021-06-25 14:44:12.558,34384.0
2021-06-25 14:44:12.563,36078.0
2021-06-25 14:44:12.568,35866.0
2021-06-25 14:44:12.573,36520.0
2021-06-25 14:44:12.578,37444.0
2021-06-25 14:44:12.583,33936.0
2021-06-25 14:44:12.588,37008.0
2021-06-25 14:44:12.593,37324.0
2021-06-25 14:44:12.598,29584.0
2021-06-25 14:44:12.603,30298.0
2021-06-25 14:44:12.608,31740.0
2021-06-25 14:44:12.613,30052.0
2021-06-25 14:44:12.618,30832.0
2021-06-25 14:44:12.623,28646.0
2021-06-25 14:44:12.628,29920.0
2021-06-25 14:44:12.633,31560.0
2021-06-25 14:44:12.638,28672.0
2021-06-25 14:44:12.643,29714.0
2021-06-25 14:44:12.648,30156.0
2021-06-25 14:44:12.653,35924.0
2021-06-25 14:44:12.658,35924.0
2021-06-25 14:44:12.663,36730.0
2021-06-25 14:44:12.668,36154.0
2021-06-25 14:44:12.673,35122.0
2021-06-25 14:44:12.678,34944.0
2021-06-25 14:44:12.683,34994.0
2021-06-25 14:44:12.688,35086.0
2021-06-25 14:44:12.693,37314.0
2021-06-25 14:44:12.698,36828.0
2021-06-25 14:44:12.703,38048.0
2021-06-25 14:44:12.708,37346.0
2021-06-25 14:44:12.713,37746.0
2021-06-25 14:44:12.718,37684.0
2021-06-25 14:44:12.723,37176.0
2021-06-25 14:44:12.728,38798.0
2021-06-25 14:44:12.733,32218.0
2021-06-25 14:44:12.738,32274.0
2021-06-25 14:44:12.743,32196.0
2021-06-25 14:44:12.748,33116.0
2021-06-25 14:44:12.753,32870.0
2021-06-25 14:44:12.758,34342.0
2021-06-25 14:44:12.763,31000.0
2021-06-25 14:44:12.768,32254.0
2021-06-25 14:44:12.773,30772.0
2021-06-25 14:44:12.778,30692.0
2021-06-25 14:44:12.783,31714.0
2021-06-25 14:44:12.788,30258.0
2021-06-25 14:44:12.793,36982.0
2021-06-25 14:44:12.798,36472.0
2021-06-25 14:44:12.803,35866.0
2021-06-25 14:44:12.808,35692.0
2021-06-25 14:44:12.813,36606.0
2021-06-25 14:44:12.818,36854.0
2021-06-25 14:44:12.823,36926.0
2021-06-25 14:44:12.828,37052.0
2021-06-25 14:44:12.833,35250.0
2021-06-25 14:44:12.839,36658.0
2021-06-25 14:44:12.843,35446.0
2021-06-25 14:44:12.848,37162.0
2021-06-25 14:44:12.853,36262.0
2021-06-25 14:44:12.858,36190.0
2021-06-25 14:44:12.863,36664.0
2021-06-25 14:44:12.868,37480.0
2021-06-25 14:44:12.873,29586.0
2021-06-25 14:44:12.878,31304.0
2021-06-25 14:44:12.883,29842.0
2021-06-25 14:44:12.888,30524.0
2021-06-25 14:44:12.893,29964.0
2021-06-25 14:44:12.898,28994.0
2021-06-25 14:44:12.903,33020.0
2021-06-25 14:44:12.908,29348.0
2021-06-25 14:44:12.913,31244.0
2021-06-25 14:44:12.918,29620.0
2021-06-25 14:44:12.924,30498.0
2021-06-25 14:44:12.928,30056.0
2021-06-25 14:44:12.933,30284.0
2021-06-25 14:44:12.938,31572.0
2021-06-25 14:44:12.943,35838.0
2021-06-25 14:44:12.948,36302.0
2021-06-25 14:44:12.953,35348.0
2021-06-25 14:44:12.958,36484.0
2021-06-25 14:44:12.963,36790.0
2021-06-25 14:44:12.968,37762.0
2021-06-25 14:44:12.973,37166.0
2021-06-25 14:44:12.978,37700.0
2021-06-25 14:44:12.983,36258.0
2021-06-25 14:44:12.988,32068.0
2021-06-25 14:44:12.993,35688.0
2021-06-25 14:44:12.998,37032.0
2021-06-25 14:44:13.003,34682.0
2021-06-25 14:44:13.009,35062.0
2021-06-25 14:44:13.013,34984.0
2021-06-25 14:44:13.018,31196.0
2021-06-25 14:44:13.023,30448.0
2021-06-25 14:44:13.028,30740.0
2021-06-25 14:44:13.033,31254.0
2021-06-25 14:44:13.038,31950.0
2021-06-25 14:44:13.043,30448.0
2021-06-25 14:44:13.048,31268.0
2021-06-25 14:44:13.053,30258.0
2021-06-25 14:44:13.058,31906.0
2021-06-25 14:44:13.063,29180.0
2021-06-25 14:44:13.068,31062.0
2021-06-25 14:44:13.073,30108.0
2021-06-25 14:44:13.078,34980.0
2021-06-25 14:44:13.083,35102.0
2021-06-25 14:44:13.088,31648.0
2021-06-25 14:44:13.093,33634.0
2021-06-25 14:44:13.098,34974.0
2021-06-25 14:44:13.103,36238.0
2021-06-25 14:44:13.108,36308.0
2021-06-25 14:44:13.113,37244.0
2021-06-25 14:44:13.118,36370.0
2021-06-25 14:44:13.123,39102.0
2021-06-25 14:44:13.128,36534.0
2021-06-25 14:44:13.133,36412.0
2021-06-25 14:44:13.138,38602.0
2021-06-25 14:44:13.143,35092.0
2021-06-25 14:44:13.148,36638.0
2021-06-25 14:44:13.153,36494.0
2021-06-25 14:44:13.158,35734.0
2021-06-25 14:44:13.163,31706.0
2021-06-25 14:44:13.168,30740.0
2021-06-25 14:44:13.173,32126.0
2021-06-25 14:44:13.178,31002.0
2021-06-25 14:44:13.183,31598.0
2021-06-25 14:44:13.188,33162.0
2021-06-25 14:44:13.193,31422.0
2021-06-25 14:44:13.198,30272.0
2021-06-25 14:44:13.203,30908.0
2021-06-25 14:44:13.208,28882.0
2021-06-25 14:44:13.213,30874.0
2021-06-25 14:44:13.218,28788.0
2021-06-25 14:44:13.223,37372.0
2021-06-25 14:44:13.228,36868.0
2021-06-25 14:44:13.233,37880.0
2021-06-25 14:44:13.238,36344.0
2021-06-25 14:44:13.243,36616.0
2021-06-25 14:44:13.248,34758.0
2021-06-25 14:44:13.253,35794.0
2021-06-25 14:44:13.258,34670.0
2021-06-25 14:44:13.263,36472.0
2021-06-25 14:44:13.268,37586.0
2021-06-25 14:44:13.273,36320.0
2021-06-25 14:44:13.278,36632.0
2021-06-25 14:44:13.283,38484.0
2021-06-25 14:44:13.288,35006.0
2021-06-25 14:44:13.293,35322.0
2021-06-25 14:44:13.298,37202.0
2021-06-25 14:44:13.303,29486.0
2021-06-25 14:44:13.308,29504.0
2021-06-25 14:44:13.313,30344.0
2021-06-25 14:44:13.318,33748.0
2021-06-25 14:44:13.323,31072.0
2021-06-25 14:44:13.328,34620.0
2021-06-25 14:44:13.333,35954.0
2021-06-25 14:44:13.338,29544.0
2021-06-25 14:44:13.343,30386.0
2021-06-25 14:44:13.348,31052.0
2021-06-25 14:44:13.353,31198.0
2021-06-25 14:44:13.358,29118.0
2021-06-25 14:44:13.363,31664.0
2021-06-25 14:44:13.368,38012.0
2021-06-25 14:44:13.373,38294.0
2021-06-25 14:44:13.378,36908.0
2021-06-25 14:44:13.383,38562.0
2021-06-25 14:44:13.388,36190.0
2021-06-25 14:44:13.393,35452.0
2021-06-25 14:44:13.398,36690.0
2021-06-25 14:44:13.403,36518.0
2021-06-25 14:44:13.408,34870.0
2021-06-25 14:44:13.413,35712.0
2021-06-25 14:44:13.418,36062.0
2021-06-25 14:44:13.423,36586.0
2021-06-25 14:44:13.428,37064.0
2021-06-25 14:44:13.433,36674.0
2021-06-25 14:44:13.438,36310.0
2021-06-25 14:44:13.443,32776.0
2021-06-25 14:44:13.448,31124.0
2021-06-25 14:44:13.453,30918.0
2021-06-25 14:44:13.458,30642.0
2021-06-25 14:44:13.463,30392.0
2021-06-25 14:44:13.468,29744.0
2021-06-25 14:44:13.473,28646.0
2021-06-25 14:44:13.479,33374.0
2021-06-25 14:44:13.483,30580.0
2021-06-25 14:44:13.488,29822.0
2021-06-25 14:44:13.493,28958.0
2021-06-25 14:44:13.498,28698.0
2021-06-25 14:44:13.503,26838.0
2021-06-25 14:44:13.508,29466.0
2021-06-25 14:44:13.513,28928.0
2021-06-25 14:44:13.518,35930.0
2021-06-25 14:44:13.523,35508.0
2021-06-25 14:44:13.528,35004.0
2021-06-25 14:44:13.533,35416.0
2021-06-25 14:44:13.538,33228.0
2021-06-25 14:44:13.543,28122.0
2021-06-25 14:44:13.548,32028.0
2021-06-25 14:44:13.553,35600.0
2021-06-25 14:44:13.558,33112.0
2021-06-25 14:44:13.564,33378.0
2021-06-25 14:44:13.568,33990.0
2021-06-25 14:44:13.573,35730.0
2021-06-25 14:44:13.578,34678.0
2021-06-25 14:44:13.583,35360.0
2021-06-25 14:44:13.588,33054.0
2021-06-25 14:44:13.593,30000.0
2021-06-25 14:44:13.598,29312.0
2021-06-25 14:44:13.603,29052.0
2021-06-25 14:44:13.608,30452.0
2021-06-25 14:44:13.613,29734.0
2021-06-25 14:44:13.618,27410.0
2021-06-25 14:44:13.623,30180.0
2021-06-25 14:44:13.628,27260.0
2021-06-25 14:44:13.633,30390.0
2021-06-25 14:44:13.638,26926.0
2021-06-25 14:44:13.643,30294.0
2021-06-25 14:44:13.649,31314.0
2021-06-25 14:44:13.653,29938.0
2021-06-25 14:44:13.658,35396.0
2021-06-25 14:44:13.663,35666.0
2021-06-25 14:44:13.668,35508.0
2021-06-25 14:44:13.673,34728.0
2021-06-25 14:44:13.678,33562.0
2021-06-25 14:44:13.683,37274.0
2021-06-25 14:44:13.688,36462.0
2021-06-25 14:44:13.693,36746.0
2021-06-25 14:44:13.698,34980.0
2021-06-25 14:44:13.703,34990.0
2021-06-25 14:44:13.708,35604.0
2021-06-25 14:44:13.713,37504.0
2021-06-25 14:44:13.718,36114.0
2021-06-25 14:44:13.723,35682.0
2021-06-25 14:44:13.728,36356.0
2021-06-25 14:44:13.733,30514.0
2021-06-25 14:44:13.738,30648.0
2021-06-25 14:44:13.743,30138.0
2021-06-25 14:44:13.748,28600.0
2021-06-25 14:44:13.753,27674.0
2021-06-25 14:44:13.758,29252.0
2021-06-25 14:44:13.763,31792.0
2021-06-25 14:44:13.768,31114.0
2021-06-25 14:44:13.773,28100.0
2021-06-25 14:44:13.778,28352.0
2021-06-25 14:44:13.783,29512.0
2021-06-25 14:44:13.788,27864.0
2021-06-25 14:44:13.793,27598.0
2021-06-25 14:44:13.798,27654.0
2021-06-25 14:44:13.803,34256.0
2021-06-25 14:44:13.808,34394.0
2021-06-25 14:44:13.813,35980.0
2021-06-25 14:44:13.818,34246.0
2021-06-25 14:44:13.823,34804.0
2021-06-25 14:44:13.828,33110.0
2021-06-25 14:44:13.833,35494.0
2021-06-25 14:44:13.838,36026.0
2021-06-25 14:44:13.843,33660.0
2021-06-25 14:44:13.848,34316.0
2021-06-25 14:44:13.853,33856.0
2021-06-25 14:44:13.858,33106.0
2021-06-25 14:44:13.863,33844.0
2021-06-25 14:44:13.868,35534.0
2021-06-25 14:44:13.873,36238.0
2021-06-25 14:44:13.878,28446.0
2021-06-25 14:44:13.883,28354.0
2021-06-25 14:44:13.888,29158.0
2021-06-25 14:44:13.893,26994.0
2021-06-25 14:44:13.898,30236.0
2021-06-25 14:44:13.903,30002.0
2021-06-25 14:44:13.908,30036.0
2021-06-25 14:44:13.913,28246.0
2021-06-25 14:44:13.918,31120.0
2021-06-25 14:44:13.923,28650.0
2021-06-25 14:44:13.928,28498.0
2021-06-25 14:44:13.933,28358.0
2021-06-25 14:44:13.938,30124.0
2021-06-25 14:44:13.943,35360.0
2021-06-25 14:44:13.948,35006.0
2021-06-25 14:44:13.953,34172.0
2021-06-25 14:44:13.958,34050.0
2021-06-25 14:44:13.963,33382.0
2021-06-25 14:44:13.968,35504.0
2021-06-25 14:44:13.973,34866.0
2021-06-25 14:44:13.978,36002.0
2021-06-25 14:44:13.983,32232.0
2021-06-25 14:44:13.988,31098.0
2021-06-25 14:44:13.993,35554.0
2021-06-25 14:44:13.998,33300.0
2021-06-25 14:44:14.003,34796.0
2021-06-25 14:44:14.008,34414.0
2021-06-25 14:44:14.013,33804.0
2021-06-25 14:44:14.018,34686.0
2021-06-25 14:44:14.023,29430.0
2021-06-25 14:44:14.028,28290.0
2021-06-25 14:44:14.033,30760.0
2021-06-25 14:44:14.038,28692.0
2021-06-25 14:44:14.043,26866.0
2021-06-25 14:44:14.048,27312.0
2021-06-25 14:44:14.053,30836.0
2021-06-25 14:44:14.058,26530.0
2021-06-25 14:44:14.063,29728.0
2021-06-25 14:44:14.068,29082.0
2021-06-25 14:44:14.073,27954.0
2021-06-25 14:44:14.078,29194.0
2021-06-25 14:44:14.083,30846.0
2021-06-25 14:44:14.088,32640.0
2021-06-25 14:44:14.093,31162.0
2021-06-25 14:44:14.098,31426.0
2021-06-25 14:44:14.103,33656.0
2021-06-25 14:44:14.108,33440.0
2021-06-25 14:44:14.113,32952.0
2021-06-25 14:44:14.119,34626.0
2021-06-25 14:44:14.123,35806.0
2021-06-25 14:44:14.128,35954.0
2021-06-25 14:44:14.133,33722.0
2021-06-25 14:44:14.138,33260.0
2021-06-25 14:44:14.143,29928.0
2021-06-25 14:44:14.148,32160.0
2021-06-25 14:44:14.153,33198.0
2021-06-25 14:44:14.158,34394.0
2021-06-25 14:44:14.163,31552.0
2021-06-25 14:44:14.168,29410.0
2021-06-25 14:44:14.173,27792.0
2021-06-25 14:44:14.178,29806.0
2021-06-25 14:44:14.183,28968.0
2021-06-25 14:44:14.188,33240.0
2021-06-25 14:44:14.193,28154.0
2021-06-25 14:44:14.198,28840.0
2021-06-25 14:44:14.204,26864.0
2021-06-25 14:44:14.208,29186.0
2021-06-25 14:44:14.213,26920.0
2021-06-25 14:44:14.218,30138.0
2021-06-25 14:44:14.223,28000.0
2021-06-25 14:44:14.228,36504.0
2021-06-25 14:44:14.233,34670.0
2021-06-25 14:44:14.238,32916.0
2021-06-25 14:44:14.243,32644.0
2021-06-25 14:44:14.248,33948.0
2021-06-25 14:44:14.253,33464.0
2021-06-25 14:44:14.258,34106.0
2021-06-25 14:44:14.263,34098.0
2021-06-25 14:44:14.268,34118.0
2021-06-25 14:44:14.273,34410.0
2021-06-25 14:44:14.278,35056.0
2021-06-25 14:44:14.283,35390.0
2021-06-25 14:44:14.289,33420.0
2021-06-25 14:44:14.293,34682.0
2021-06-25 14:44:14.298,35180.0
2021-06-25 14:44:14.303,33532.0
2021-06-25 14:44:14.308,27746.0
2021-06-25 14:44:14.313,28306.0
2021-06-25 14:44:14.318,30740.0
2021-06-25 14:44:14.323,29502.0
2021-06-25 14:44:14.328,29340.0
2021-06-25 14:44:14.333,33292.0
2021-06-25 14:44:14.338,29380.0
2021-06-25 14:44:14.343,29744.0
2021-06-25 14:44:14.348,31058.0
2021-06-25 14:44:14.353,27946.0
2021-06-25 14:44:14.358,30514.0
2021-06-25 14:44:14.363,29708.0
2021-06-25 14:44:14.368,36320.0
2021-06-25 14:44:14.373,37098.0
2021-06-25 14:44:14.378,36724.0
2021-06-25 14:44:14.383,36228.0
2021-06-25 14:44:14.388,37798.0
2021-06-25 14:44:14.393,35530.0
2021-06-25 14:44:14.398,32848.0
2021-06-25 14:44:14.403,36150.0
2021-06-25 14:44:14.408,33060.0
2021-06-25 14:44:14.413,34164.0
2021-06-25 14:44:14.418,36016.0
2021-06-25 14:44:14.423,34496.0
2021-06-25 14:44:14.428,35400.0
2021-06-25 14:44:14.433,34498.0
2021-06-25 14:44:14.438,36364.0
2021-06-25 14:44:14.443,34342.0
2021-06-25 14:44:14.448,30294.0
2021-06-25 14:44:14.453,29302.0
2021-06-25 14:44:14.458,29092.0
2021-06-25 14:44:14.463,30256.0
2021-06-25 14:44:14.468,29930.0
2021-06-25 14:44:14.473,28598.0
2021-06-25 14:44:14.478,30190.0
2021-06-25 14:44:14.483,27870.0
2021-06-25 14:44:14.488,31556.0
2021-06-25 14:44:14.493,27982.0
2021-06-25 14:44:14.498,28642.0
2021-06-25 14:44:14.503,27420.0
2021-06-25 14:44:14.508,29686.0
2021-06-25 14:44:14.521,36900.0
2021-06-25 14:44:14.522,35220.0
2021-06-25 14:44:14.524,36324.0
2021-06-25 14:44:14.528,36246.0
2021-06-25 14:44:14.533,36782.0
2021-06-25 14:44:14.538,37244.0
2021-06-25 14:44:14.543,36844.0
2021-06-25 14:44:14.548,33824.0
2021-06-25 14:44:14.553,36146.0
2021-06-25 14:44:14.558,36918.0
2021-06-25 14:44:14.563,35324.0
2021-06-25 14:44:14.568,35984.0
2021-06-25 14:44:14.573,37452.0
2021-06-25 14:44:14.578,37182.0
2021-06-25 14:44:14.583,37162.0
2021-06-25 14:44:14.588,32844.0
2021-06-25 14:44:14.593,30164.0
2021-06-25 14:44:14.598,28738.0
2021-06-25 14:44:14.603,31828.0
2021-06-25 14:44:14.608,28922.0
2021-06-25 14:44:14.613,33752.0
2021-06-25 14:44:14.618,30770.0
2021-06-25 14:44:14.623,29866.0
2021-06-25 14:44:14.628,30318.0
2021-06-25 14:44:14.633,30174.0
2021-06-25 14:44:14.638,29766.0
2021-06-25 14:44:14.643,29800.0
2021-06-25 14:44:14.648,30776.0
2021-06-25 14:44:14.653,36200.0
2021-06-25 14:44:14.658,35722.0
2021-06-25 14:44:14.663,35712.0
2021-06-25 14:44:14.668,35604.0
2021-06-25 14:44:14.673,36602.0
2021-06-25 14:44:14.678,34532.0
2021-06-25 14:44:14.683,35498.0
2021-06-25 14:44:14.688,37136.0
2021-06-25 14:44:14.693,37058.0
2021-06-25 14:44:14.698,35488.0
2021-06-25 14:44:14.703,34840.0
2021-06-25 14:44:14.708,36170.0
2021-06-25 14:44:14.713,36030.0
2021-06-25 14:44:14.718,36808.0
2021-06-25 14:44:14.723,36022.0
2021-06-25 14:44:14.728,30422.0
2021-06-25 14:44:14.733,30160.0
2021-06-25 14:44:14.738,32992.0
2021-06-25 14:44:14.743,30636.0
2021-06-25 14:44:14.748,29322.0
2021-06-25 14:44:14.753,32920.0
2021-06-25 14:44:14.759,29806.0
2021-06-25 14:44:14.763,30216.0
2021-06-25 14:44:14.768,28872.0
2021-06-25 14:44:14.773,29304.0
2021-06-25 14:44:14.778,30846.0
2021-06-25 14:44:14.783,28778.0
2021-06-25 14:44:14.788,30062.0
2021-06-25 14:44:14.793,37576.0
2021-06-25 14:44:14.798,35416.0
2021-06-25 14:44:14.803,33120.0
2021-06-25 14:44:14.808,36094.0
2021-06-25 14:44:14.813,36386.0
2021-06-25 14:44:14.818,36012.0
2021-06-25 14:44:14.823,36980.0
2021-06-25 14:44:14.828,36392.0
2021-06-25 14:44:14.833,36448.0
2021-06-25 14:44:14.838,35758.0
2021-06-25 14:44:14.844,34826.0
2021-06-25 14:44:14.848,35354.0
2021-06-25 14:44:14.853,35440.0
2021-06-25 14:44:14.858,36156.0
2021-06-25 14:44:14.863,34702.0
2021-06-25 14:44:14.868,32512.0
2021-06-25 14:44:14.873,30304.0
2021-06-25 14:44:14.878,30428.0
2021-06-25 14:44:14.883,30910.0
2021-06-25 14:44:14.888,29494.0
2021-06-25 14:44:14.893,30964.0
2021-06-25 14:44:14.898,30770.0
2021-06-25 14:44:14.903,27768.0
2021-06-25 14:44:14.908,29256.0
2021-06-25 14:44:14.913,29350.0
2021-06-25 14:44:14.918,28214.0
2021-06-25 14:44:14.923,28332.0
2021-06-25 14:44:14.929,30190.0
2021-06-25 14:44:14.933,36382.0
2021-06-25 14:44:14.938,36544.0
2021-06-25 14:44:14.943,36284.0
2021-06-25 14:44:14.948,35394.0
2021-06-25 14:44:14.953,36458.0
2021-06-25 14:44:14.958,35524.0
2021-06-25 14:44:14.963,35118.0
2021-06-25 14:44:14.968,34456.0
2021-06-25 14:44:14.973,36940.0
2021-06-25 14:44:14.978,34554.0
2021-06-25 14:44:14.983,36036.0
2021-06-25 14:44:14.988,35504.0
2021-06-25 14:44:14.993,36000.0
2021-06-25 14:44:14.998,35276.0
2021-06-25 14:44:15.003,35812.0
2021-06-25 14:44:15.008,28614.0
2021-06-25 14:44:15.013,28062.0
2021-06-25 14:44:15.018,29122.0
2021-06-25 14:44:15.023,30808.0
2021-06-25 14:44:15.028,27712.0
2021-06-25 14:44:15.033,29554.0
2021-06-25 14:44:15.038,32634.0
2021-06-25 14:44:15.043,29694.0
2021-06-25 14:44:15.048,30420.0
2021-06-25 14:44:15.053,28420.0
2021-06-25 14:44:15.058,28502.0
2021-06-25 14:44:15.063,27768.0
2021-06-25 14:44:15.068,30836.0
2021-06-25 14:44:15.073,30756.0
2021-06-25 14:44:15.078,34236.0
2021-06-25 14:44:15.083,35774.0
2021-06-25 14:44:15.088,35648.0
2021-06-25 14:44:15.093,34836.0
2021-06-25 14:44:15.098,34486.0
2021-06-25 14:44:15.103,33182.0
2021-06-25 14:44:15.108,34790.0
2021-06-25 14:44:15.113,34476.0
2021-06-25 14:44:15.118,34804.0
2021-06-25 14:44:15.123,35276.0
2021-06-25 14:44:15.128,35226.0
2021-06-25 14:44:15.133,35826.0
2021-06-25 14:44:15.138,35642.0
2021-06-25 14:44:15.143,34044.0
2021-06-25 14:44:15.148,30698.0
2021-06-25 14:44:15.153,32820.0
2021-06-25 14:44:15.158,36006.0
2021-06-25 14:44:15.163,30072.0
2021-06-25 14:44:15.168,30190.0
2021-06-25 14:44:15.173,31982.0
2021-06-25 14:44:15.178,28952.0
2021-06-25 14:44:15.183,34136.0
2021-06-25 14:44:15.188,30818.0
2021-06-25 14:44:15.193,31078.0
2021-06-25 14:44:15.198,28214.0
2021-06-25 14:44:15.203,31700.0
2021-06-25 14:44:15.208,29668.0
2021-06-25 14:44:15.213,28082.0
2021-06-25 14:44:15.218,29410.0
2021-06-25 14:44:15.223,36328.0
2021-06-25 14:44:15.228,35966.0
2021-06-25 14:44:15.233,36910.0
2021-06-25 14:44:15.238,35750.0
2021-06-25 14:44:15.243,34096.0
2021-06-25 14:44:15.248,36498.0
2021-06-25 14:44:15.253,34226.0
2021-06-25 14:44:15.258,34942.0
2021-06-25 14:44:15.263,33676.0
2021-06-25 14:44:15.268,34666.0
2021-06-25 14:44:15.273,34312.0
2021-06-25 14:44:15.278,35692.0
2021-06-25 14:44:15.283,37098.0
2021-06-25 14:44:15.288,35488.0
2021-06-25 14:44:15.293,37310.0
2021-06-25 14:44:15.298,35612.0
2021-06-25 14:44:15.303,29056.0
2021-06-25 14:44:15.308,26976.0
2021-06-25 14:44:15.313,28944.0
2021-06-25 14:44:15.318,31514.0
2021-06-25 14:44:15.323,27912.0
2021-06-25 14:44:15.328,32906.0
2021-06-25 14:44:15.333,31382.0
2021-06-25 14:44:15.338,29458.0
2021-06-25 14:44:15.343,29786.0
2021-06-25 14:44:15.348,29088.0
2021-06-25 14:44:15.353,29158.0
2021-06-25 14:44:15.358,29586.0
2021-06-25 14:44:15.363,27860.0
2021-06-25 14:44:15.368,35838.0
2021-06-25 14:44:15.373,36338.0
2021-06-25 14:44:15.378,35286.0
2021-06-25 14:44:15.383,37438.0
2021-06-25 14:44:15.388,35016.0
2021-06-25 14:44:15.393,35042.0
2021-06-25 14:44:15.399,33358.0
2021-06-25 14:44:15.403,36000.0
2021-06-25 14:44:15.408,33716.0
2021-06-25 14:44:15.413,34426.0
2021-06-25 14:44:15.418,34050.0
2021-06-25 14:44:15.423,35640.0
2021-06-25 14:44:15.428,34194.0
2021-06-25 14:44:15.433,35368.0
2021-06-25 14:44:15.438,36052.0
2021-06-25 14:44:15.443,29626.0
2021-06-25 14:44:15.448,29358.0
2021-06-25 14:44:15.453,30396.0
2021-06-25 14:44:15.458,27824.0
2021-06-25 14:44:15.463,33012.0
2021-06-25 14:44:15.468,28718.0
2021-06-25 14:44:15.473,30344.0
2021-06-25 14:44:15.478,28856.0
2021-06-25 14:44:15.484,30724.0
2021-06-25 14:44:15.488,29450.0
2021-06-25 14:44:15.493,28752.0
2021-06-25 14:44:15.498,29554.0
2021-06-25 14:44:15.503,31140.0
2021-06-25 14:44:15.508,32622.0
2021-06-25 14:44:15.513,34866.0
2021-06-25 14:44:15.518,33692.0
2021-06-25 14:44:15.523,34354.0
2021-06-25 14:44:15.528,35268.0
2021-06-25 14:44:15.533,33368.0
2021-06-25 14:44:15.538,36176.0
2021-06-25 14:44:15.543,35522.0
2021-06-25 14:44:15.548,35476.0
2021-06-25 14:44:15.553,34272.0
2021-06-25 14:44:15.558,34532.0
2021-06-25 14:44:15.563,35432.0
2021-06-25 14:44:15.569,34918.0
2021-06-25 14:44:15.573,35446.0
2021-06-25 14:44:15.578,35256.0
2021-06-25 14:44:15.583,34348.0
2021-06-25 14:44:15.588,30292.0
2021-06-25 14:44:15.593,29296.0
2021-06-25 14:44:15.598,29068.0
2021-06-25 14:44:15.603,29728.0
2021-06-25 14:44:15.608,28820.0
2021-06-25 14:44:15.613,29718.0
2021-06-25 14:44:15.618,28610.0
2021-06-25 14:44:15.623,29780.0
2021-06-25 14:44:15.628,29912.0
2021-06-25 14:44:15.633,30360.0
2021-06-25 14:44:15.638,29106.0
2021-06-25 14:44:15.643,30750.0
2021-06-25 14:44:15.648,35456.0
2021-06-25 14:44:15.653,34708.0
2021-06-25 14:44:15.658,35340.0
2021-06-25 14:44:15.663,35472.0
2021-06-25 14:44:15.668,34532.0
2021-06-25 14:44:15.673,35486.0
2021-06-25 14:44:15.678,34506.0
2021-06-25 14:44:15.683,35944.0
2021-06-25 14:44:15.688,35848.0
2021-06-25 14:44:15.693,35694.0
2021-06-25 14:44:15.698,34574.0
2021-06-25 14:44:15.703,33476.0
2021-06-25 14:44:15.708,35050.0
2021-06-25 14:44:15.713,35098.0
2021-06-25 14:44:15.718,33830.0
2021-06-25 14:44:15.723,34688.0
2021-06-25 14:44:15.728,29000.0
2021-06-25 14:44:15.733,28852.0
2021-06-25 14:44:15.738,29288.0
2021-06-25 14:44:15.743,29876.0
2021-06-25 14:44:15.748,28696.0
2021-06-25 14:44:15.753,33122.0
2021-06-25 14:44:15.758,28362.0
2021-06-25 14:44:15.763,27636.0
2021-06-25 14:44:15.768,29656.0
2021-06-25 14:44:15.773,27758.0
2021-06-25 14:44:15.778,30166.0
2021-06-25 14:44:15.783,27654.0
2021-06-25 14:44:15.788,29370.0
2021-06-25 14:44:15.793,35600.0
2021-06-25 14:44:15.798,35984.0
2021-06-25 14:44:15.803,28636.0
2021-06-25 14:44:15.808,31052.0
2021-06-25 14:44:15.813,34256.0
2021-06-25 14:44:15.818,34332.0
2021-06-25 14:44:15.823,35774.0
2021-06-25 14:44:15.828,35354.0
2021-06-25 14:44:15.833,34876.0
2021-06-25 14:44:15.838,32978.0
2021-06-25 14:44:15.843,35478.0
2021-06-25 14:44:15.848,36294.0
2021-06-25 14:44:15.853,35068.0
2021-06-25 14:44:15.858,33074.0
2021-06-25 14:44:15.863,34554.0
2021-06-25 14:44:15.868,34282.0
2021-06-25 14:44:15.873,28810.0
2021-06-25 14:44:15.878,28922.0
2021-06-25 14:44:15.883,29144.0
2021-06-25 14:44:15.888,27754.0
2021-06-25 14:44:15.893,32696.0
2021-06-25 14:44:15.898,29846.0
2021-06-25 14:44:15.903,28680.0
2021-06-25 14:44:15.908,30360.0
2021-06-25 14:44:15.913,28620.0
2021-06-25 14:44:15.918,28416.0
2021-06-25 14:44:15.923,29648.0
2021-06-25 14:44:15.928,28152.0
2021-06-25 14:44:15.933,36082.0
2021-06-25 14:44:15.938,36402.0
2021-06-25 14:44:15.943,36646.0
2021-06-25 14:44:15.948,33772.0
2021-06-25 14:44:15.953,35266.0
2021-06-25 14:44:15.958,33030.0
2021-06-25 14:44:15.963,36032.0
2021-06-25 14:44:15.968,34862.0
2021-06-25 14:44:15.973,34466.0
2021-06-25 14:44:15.978,36600.0
2021-06-25 14:44:15.983,35442.0
2021-06-25 14:44:15.988,35666.0
2021-06-25 14:44:15.993,35764.0
2021-06-25 14:44:15.998,34764.0
2021-06-25 14:44:16.003,31396.0
2021-06-25 14:44:16.008,32104.0
2021-06-25 14:44:16.013,29380.0
2021-06-25 14:44:16.018,28580.0
2021-06-25 14:44:16.023,30226.0
2021-06-25 14:44:16.028,27846.0
2021-06-25 14:44:16.033,30750.0
2021-06-25 14:44:16.039,29446.0
2021-06-25 14:44:16.043,29030.0
2021-06-25 14:44:16.048,30438.0
2021-06-25 14:44:16.053,30488.0
2021-06-25 14:44:16.058,30636.0
2021-06-25 14:44:16.063,28332.0
2021-06-25 14:44:16.068,30740.0
2021-06-25 14:44:16.073,29820.0
2021-06-25 14:44:16.078,35206.0
2021-06-25 14:44:16.083,35350.0
2021-06-25 14:44:16.088,36000.0
2021-06-25 14:44:16.093,34020.0
2021-06-25 14:44:16.098,33918.0
2021-06-25 14:44:16.103,29666.0
2021-06-25 14:44:16.108,34482.0
2021-06-25 14:44:16.113,33866.0
2021-06-25 14:44:16.118,33784.0
2021-06-25 14:44:16.124,33392.0
2021-06-25 14:44:16.128,34616.0
2021-06-25 14:44:16.133,35560.0
2021-06-25 14:44:16.138,35518.0
2021-06-25 14:44:16.143,35872.0
2021-06-25 14:44:16.148,33064.0
2021-06-25 14:44:16.153,28282.0
2021-06-25 14:44:16.158,28804.0
2021-06-25 14:44:16.163,30554.0
2021-06-25 14:44:16.168,29740.0
2021-06-25 14:44:16.173,28188.0
2021-06-25 14:44:16.178,33636.0
2021-06-25 14:44:16.183,30484.0
2021-06-25 14:44:16.188,29708.0
2021-06-25 14:44:16.193,27764.0
2021-06-25 14:44:16.198,29266.0
2021-06-25 14:44:16.203,28798.0
2021-06-25 14:44:16.209,27048.0
2021-06-25 14:44:16.213,27700.0
2021-06-25 14:44:16.218,34598.0
2021-06-25 14:44:16.223,34616.0
2021-06-25 14:44:16.228,33588.0
2021-06-25 14:44:16.233,35580.0
2021-06-25 14:44:16.238,34640.0
2021-06-25 14:44:16.243,35016.0
2021-06-25 14:44:16.248,30960.0
2021-06-25 14:44:16.253,35420.0
2021-06-25 14:44:16.258,32126.0
2021-06-25 14:44:16.263,35222.0
2021-06-25 14:44:16.268,34492.0
2021-06-25 14:44:16.273,34352.0
2021-06-25 14:44:16.278,34152.0
2021-06-25 14:44:16.283,34488.0
2021-06-25 14:44:16.288,35386.0
2021-06-25 14:44:16.293,29030.0
2021-06-25 14:44:16.298,28660.0
2021-06-25 14:44:16.303,29636.0
2021-06-25 14:44:16.308,28778.0
2021-06-25 14:44:16.313,31494.0
2021-06-25 14:44:16.318,29570.0
2021-06-25 14:44:16.323,27362.0
2021-06-25 14:44:16.328,29682.0
2021-06-25 14:44:16.333,28218.0
2021-06-25 14:44:16.338,28328.0
2021-06-25 14:44:16.343,27872.0
2021-06-25 14:44:16.348,30898.0
2021-06-25 14:44:16.353,34210.0
2021-06-25 14:44:16.358,31950.0
2021-06-25 14:44:16.363,35566.0
2021-06-25 14:44:16.368,33994.0
2021-06-25 14:44:16.373,33718.0
2021-06-25 14:44:16.378,34826.0
2021-06-25 14:44:16.383,35748.0
2021-06-25 14:44:16.388,37028.0
2021-06-25 14:44:16.393,35446.0
2021-06-25 14:44:16.398,35554.0
2021-06-25 14:44:16.403,33552.0
2021-06-25 14:44:16.408,32284.0
2021-06-25 14:44:16.413,35078.0
2021-06-25 14:44:16.418,35010.0
2021-06-25 14:44:16.423,35210.0
2021-06-25 14:44:16.428,35440.0
2021-06-25 14:44:16.433,30056.0
2021-06-25 14:44:16.438,29414.0
2021-06-25 14:44:16.443,29318.0
2021-06-25 14:44:16.448,29738.0
2021-06-25 14:44:16.453,29400.0
2021-06-25 14:44:16.458,30130.0
2021-06-25 14:44:16.463,28686.0
2021-06-25 14:44:16.468,28578.0
2021-06-25 14:44:16.473,27900.0
2021-06-25 14:44:16.478,30020.0
2021-06-25 14:44:16.483,29086.0
2021-06-25 14:44:16.488,29452.0
2021-06-25 14:44:16.493,29426.0
2021-06-25 14:44:16.498,37340.0
2021-06-25 14:44:16.503,33584.0
2021-06-25 14:44:16.508,34994.0
2021-06-25 14:44:16.513,33624.0
2021-06-25 14:44:16.518,35052.0
2021-06-25 14:44:16.523,34062.0
2021-06-25 14:44:16.528,35174.0
2021-06-25 14:44:16.533,34670.0
2021-06-25 14:44:16.538,35354.0
2021-06-25 14:44:16.543,35304.0
2021-06-25 14:44:16.548,37372.0
2021-06-25 14:44:16.553,33954.0
2021-06-25 14:44:16.558,33310.0
2021-06-25 14:44:16.563,33490.0
2021-06-25 14:44:16.568,35830.0
2021-06-25 14:44:16.573,30360.0
2021-06-25 14:44:16.578,29344.0
2021-06-25 14:44:16.583,31278.0
2021-06-25 14:44:16.588,31716.0
2021-06-25 14:44:16.593,30668.0
2021-06-25 14:44:16.598,35702.0
2021-06-25 14:44:16.603,30724.0
2021-06-25 14:44:16.608,30936.0
2021-06-25 14:44:16.613,30828.0
2021-06-25 14:44:16.618,29138.0
2021-06-25 14:44:16.623,31026.0
2021-06-25 14:44:16.628,31052.0
2021-06-25 14:44:16.633,31360.0
2021-06-25 14:44:16.638,35714.0
2021-06-25 14:44:16.643,37418.0
2021-06-25 14:44:16.648,36528.0
2021-06-25 14:44:16.653,37750.0
2021-06-25 14:44:16.658,33876.0
2021-06-25 14:44:16.663,35558.0
2021-06-25 14:44:16.668,37452.0
2021-06-25 14:44:16.673,35296.0
2021-06-25 14:44:16.679,35898.0
2021-06-25 14:44:16.683,37514.0
2021-06-25 14:44:16.688,35436.0
2021-06-25 14:44:16.693,37732.0
2021-06-25 14:44:16.698,36642.0
2021-06-25 14:44:16.703,36386.0
2021-06-25 14:44:16.708,34528.0
2021-06-25 14:44:16.713,35734.0
2021-06-25 14:44:16.718,29822.0
2021-06-25 14:44:16.723,29730.0
2021-06-25 14:44:16.728,31426.0
2021-06-25 14:44:16.733,30540.0
2021-06-25 14:44:16.738,31190.0
2021-06-25 14:44:16.743,30314.0
2021-06-25 14:44:16.748,30432.0
2021-06-25 14:44:16.753,30724.0
2021-06-25 14:44:16.758,31884.0
2021-06-25 14:44:16.764,28960.0
2021-06-25 14:44:16.768,28502.0
2021-06-25 14:44:16.773,31198.0
2021-06-25 14:44:16.778,36576.0
2021-06-25 14:44:16.783,37002.0
2021-06-25 14:44:16.788,36950.0
2021-06-25 14:44:16.793,36308.0
2021-06-25 14:44:16.798,35390.0
2021-06-25 14:44:16.803,36258.0
2021-06-25 14:44:16.808,33440.0
2021-06-25 14:44:16.813,32484.0
2021-06-25 14:44:16.818,36382.0
2021-06-25 14:44:16.823,35138.0
2021-06-25 14:44:16.828,34830.0
2021-06-25 14:44:16.833,36402.0
2021-06-25 14:44:16.838,35466.0
2021-06-25 14:44:16.843,35882.0
2021-06-25 14:44:16.849,37336.0
2021-06-25 14:44:16.853,28928.0
2021-06-25 14:44:16.858,29476.0
2021-06-25 14:44:16.863,28142.0
2021-06-25 14:44:16.868,29426.0
2021-06-25 14:44:16.873,28732.0
2021-06-25 14:44:16.878,34522.0
2021-06-25 14:44:16.883,29974.0
2021-06-25 14:44:16.888,30262.0
2021-06-25 14:44:16.893,32208.0
2021-06-25 14:44:16.898,31494.0
2021-06-25 14:44:16.903,30832.0
2021-06-25 14:44:16.908,30210.0
2021-06-25 14:44:16.913,34010.0
2021-06-25 14:44:16.918,37894.0
2021-06-25 14:44:16.923,37238.0
2021-06-25 14:44:16.928,37888.0
2021-06-25 14:44:16.933,38368.0
2021-06-25 14:44:16.938,38664.0
2021-06-25 14:44:16.943,35632.0
2021-06-25 14:44:16.948,36764.0
2021-06-25 14:44:16.953,36186.0
2021-06-25 14:44:16.958,38428.0
2021-06-25 14:44:16.963,37986.0
2021-06-25 14:44:16.968,37156.0
2021-06-25 14:44:16.973,36170.0
2021-06-25 14:44:16.978,36448.0
2021-06-25 14:44:16.983,36160.0
2021-06-25 14:44:16.988,35078.0
2021-06-25 14:44:16.993,32006.0
2021-06-25 14:44:16.998,31878.0
2021-06-25 14:44:17.003,33002.0
2021-06-25 14:44:17.008,31418.0
2021-06-25 14:44:17.013,34410.0
2021-06-25 14:44:17.018,31438.0
2021-06-25 14:44:17.023,31274.0
2021-06-25 14:44:17.028,29514.0
2021-06-25 14:44:17.033,31586.0
2021-06-25 14:44:17.038,31822.0
2021-06-25 14:44:17.043,29754.0
2021-06-25 14:44:17.048,32130.0
2021-06-25 14:44:17.053,37802.0
2021-06-25 14:44:17.058,37474.0
2021-06-25 14:44:17.063,37352.0
2021-06-25 14:44:17.068,37284.0
2021-06-25 14:44:17.081,38074.0
2021-06-25 14:44:17.082,37942.0
2021-06-25 14:44:17.084,35436.0
2021-06-25 14:44:17.088,36862.0
2021-06-25 14:44:17.093,36058.0
2021-06-25 14:44:17.098,36264.0
2021-06-25 14:44:17.103,37352.0
2021-06-25 14:44:17.108,31134.0
2021-06-25 14:44:17.113,33804.0
2021-06-25 14:44:17.118,35204.0
2021-06-25 14:44:17.123,37144.0
2021-06-25 14:44:17.128,34200.0
2021-06-25 14:44:17.133,30498.0
2021-06-25 14:44:17.138,31026.0
2021-06-25 14:44:17.143,32274.0
2021-06-25 14:44:17.148,30908.0
2021-06-25 14:44:17.153,28754.0
2021-06-25 14:44:17.158,30318.0
2021-06-25 14:44:17.163,30734.0
2021-06-25 14:44:17.168,30918.0
2021-06-25 14:44:17.173,30310.0
2021-06-25 14:44:17.178,29230.0
2021-06-25 14:44:17.183,32300.0
2021-06-25 14:44:17.188,29868.0
2021-06-25 14:44:17.193,38158.0
2021-06-25 14:44:17.198,37306.0
2021-06-25 14:44:17.203,37130.0
2021-06-25 14:44:17.208,33562.0
2021-06-25 14:44:17.213,33582.0
2021-06-25 14:44:17.218,35078.0
2021-06-25 14:44:17.223,37022.0
2021-06-25 14:44:17.228,36104.0
2021-06-25 14:44:17.233,36782.0
2021-06-25 14:44:17.238,35078.0
2021-06-25 14:44:17.243,37546.0
2021-06-25 14:44:17.248,37078.0
2021-06-25 14:44:17.253,36364.0
2021-06-25 14:44:17.258,36278.0
2021-06-25 14:44:17.263,34292.0
2021-06-25 14:44:17.268,29240.0
2021-06-25 14:44:17.273,30740.0
2021-06-25 14:44:17.278,30920.0
2021-06-25 14:44:17.283,31242.0
2021-06-25 14:44:17.288,30596.0
2021-06-25 14:44:17.293,30918.0
2021-06-25 14:44:17.298,33158.0
2021-06-25 14:44:17.303,30868.0
2021-06-25 14:44:17.308,30144.0
2021-06-25 14:44:17.313,29986.0
2021-06-25 14:44:17.319,30356.0
2021-06-25 14:44:17.323,28280.0
2021-06-25 14:44:17.328,30654.0
2021-06-25 14:44:17.333,28752.0
2021-06-25 14:44:17.338,36600.0
2021-06-25 14:44:17.343,37428.0
2021-06-25 14:44:17.348,36718.0
2021-06-25 14:44:17.353,33866.0
2021-06-25 14:44:17.358,30474.0
2021-06-25 14:44:17.363,34840.0
2021-06-25 14:44:17.368,36884.0
2021-06-25 14:44:17.373,35016.0
2021-06-25 14:44:17.378,34584.0
2021-06-25 14:44:17.383,36226.0
2021-06-25 14:44:17.388,35200.0
2021-06-25 14:44:17.393,37940.0
2021-06-25 14:44:17.398,36690.0
2021-06-25 14:44:17.404,34426.0
2021-06-25 14:44:17.408,34198.0
2021-06-25 14:44:17.413,37160.0
2021-06-25 14:44:17.418,29878.0
2021-06-25 14:44:17.423,30438.0
2021-06-25 14:44:17.428,33090.0
2021-06-25 14:44:17.433,30036.0
2021-06-25 14:44:17.438,30038.0
2021-06-25 14:44:17.443,30692.0
2021-06-25 14:44:17.448,28778.0
2021-06-25 14:44:17.453,31032.0
2021-06-25 14:44:17.458,28210.0
2021-06-25 14:44:17.463,30256.0
2021-06-25 14:44:17.468,29604.0
2021-06-25 14:44:17.473,29678.0
2021-06-25 14:44:17.478,35422.0
2021-06-25 14:44:17.483,36786.0
2021-06-25 14:44:17.489,36980.0
2021-06-25 14:44:17.493,37288.0
2021-06-25 14:44:17.498,35114.0
2021-06-25 14:44:17.503,35866.0
2021-06-25 14:44:17.508,33954.0
2021-06-25 14:44:17.513,33464.0
2021-06-25 14:44:17.518,35164.0
2021-06-25 14:44:17.523,33726.0
2021-06-25 14:44:17.528,34024.0
2021-06-25 14:44:17.533,36006.0
2021-06-25 14:44:17.538,34568.0
2021-06-25 14:44:17.543,36736.0
2021-06-25 14:44:17.548,34650.0
2021-06-25 14:44:17.553,35964.0
2021-06-25 14:44:17.558,29170.0
2021-06-25 14:44:17.563,28408.0
2021-06-25 14:44:17.568,30288.0
2021-06-25 14:44:17.573,27604.0
2021-06-25 14:44:17.578,29912.0
2021-06-25 14:44:17.583,30874.0
2021-06-25 14:44:17.588,27738.0
2021-06-25 14:44:17.593,28794.0
2021-06-25 14:44:17.598,30374.0
2021-06-25 14:44:17.603,29686.0
2021-06-25 14:44:17.608,28174.0
2021-06-25 14:44:17.613,29072.0
2021-06-25 14:44:17.618,28322.0
2021-06-25 14:44:17.623,35164.0
2021-06-25 14:44:17.628,35730.0
2021-06-25 14:44:17.633,35980.0
2021-06-25 14:44:17.638,35748.0
2021-06-25 14:44:17.643,32776.0
2021-06-25 14:44:17.648,35004.0
2021-06-25 14:44:17.653,36806.0
2021-06-25 14:44:17.658,34878.0
2021-06-25 14:44:17.663,34696.0
2021-06-25 14:44:17.668,36042.0
2021-06-25 14:44:17.673,35676.0
2021-06-25 14:44:17.678,33112.0
2021-06-25 14:44:17.683,34302.0
2021-06-25 14:44:17.688,35386.0
2021-06-25 14:44:17.693,35482.0
2021-06-25 14:44:17.698,28132.0
2021-06-25 14:44:17.703,31448.0
2021-06-25 14:44:17.708,31146.0
2021-06-25 14:44:17.713,29958.0
2021-06-25 14:44:17.718,29278.0
2021-06-25 14:44:17.723,33348.0
2021-06-25 14:44:17.728,29386.0
2021-06-25 14:44:17.733,29032.0
2021-06-25 14:44:17.738,29364.0
2021-06-25 14:44:17.743,28154.0
2021-06-25 14:44:17.748,27880.0
2021-06-25 14:44:17.753,30190.0
2021-06-25 14:44:17.758,28026.0
2021-06-25 14:44:17.763,33834.0
2021-06-25 14:44:17.768,35832.0
2021-06-25 14:44:17.773,36590.0
2021-06-25 14:44:17.778,34430.0
2021-06-25 14:44:17.783,34452.0
2021-06-25 14:44:17.788,34878.0
2021-06-25 14:44:17.793,34722.0
2021-06-25 14:44:17.798,36068.0
2021-06-25 14:44:17.803,35858.0
2021-06-25 14:44:17.808,33562.0
2021-06-25 14:44:17.813,33782.0
2021-06-25 14:44:17.818,34742.0
2021-06-25 14:44:17.823,34010.0
2021-06-25 14:44:17.828,34246.0
2021-06-25 14:44:17.833,36554.0
2021-06-25 14:44:17.838,29722.0
2021-06-25 14:44:17.843,29550.0
2021-06-25 14:44:17.848,29214.0
2021-06-25 14:44:17.853,32644.0
2021-06-25 14:44:17.858,30216.0
2021-06-25 14:44:17.863,33156.0
2021-06-25 14:44:17.868,27276.0
2021-06-25 14:44:17.873,27600.0
2021-06-25 14:44:17.878,27444.0
2021-06-25 14:44:17.883,30310.0
2021-06-25 14:44:17.888,29616.0
2021-06-25 14:44:17.893,28578.0
2021-06-25 14:44:17.898,35462.0
2021-06-25 14:44:17.903,37190.0
2021-06-25 14:44:17.908,34630.0
2021-06-25 14:44:17.913,33188.0
2021-06-25 14:44:17.918,35822.0
2021-06-25 14:44:17.923,35646.0
2021-06-25 14:44:17.928,34214.0
2021-06-25 14:44:17.933,36088.0
2021-06-25 14:44:17.938,33918.0
2021-06-25 14:44:17.943,35604.0
2021-06-25 14:44:17.948,34876.0
2021-06-25 14:44:17.953,35796.0
2021-06-25 14:44:17.959,34662.0
2021-06-25 14:44:17.963,35616.0
2021-06-25 14:44:17.968,34082.0
2021-06-25 14:44:17.973,34410.0
2021-06-25 14:44:17.978,30422.0
2021-06-25 14:44:17.983,28372.0
2021-06-25 14:44:17.988,31798.0
2021-06-25 14:44:17.993,29800.0
2021-06-25 14:44:17.998,28742.0
2021-06-25 14:44:18.003,31992.0
2021-06-25 14:44:18.008,30986.0
2021-06-25 14:44:18.013,30190.0
2021-06-25 14:44:18.018,29662.0
2021-06-25 14:44:18.023,27260.0
2021-06-25 14:44:18.028,28364.0
2021-06-25 14:44:18.033,34650.0
2021-06-25 14:44:18.038,35810.0
2021-06-25 14:44:18.044,36036.0
2021-06-25 14:44:18.048,35950.0
2021-06-25 14:44:18.053,33266.0
2021-06-25 14:44:18.058,32906.0
2021-06-25 14:44:18.063,29920.0
2021-06-25 14:44:18.068,31936.0
2021-06-25 14:44:18.073,34620.0
2021-06-25 14:44:18.078,35514.0
2021-06-25 14:44:18.083,32690.0
2021-06-25 14:44:18.088,35114.0
2021-06-25 14:44:18.093,35308.0
2021-06-25 14:44:18.098,35308.0
2021-06-25 14:44:18.103,36156.0
2021-06-25 14:44:18.108,32106.0
2021-06-25 14:44:18.113,27974.0
2021-06-25 14:44:18.118,29078.0
2021-06-25 14:44:18.123,30658.0
2021-06-25 14:44:18.129,30052.0
2021-06-25 14:44:18.133,28718.0
2021-06-25 14:44:18.138,34208.0
2021-06-25 14:44:18.143,28210.0
2021-06-25 14:44:18.148,31330.0
2021-06-25 14:44:18.153,31300.0
2021-06-25 14:44:18.158,29338.0
2021-06-25 14:44:18.163,29204.0
2021-06-25 14:44:18.168,37084.0
2021-06-25 14:44:18.173,37334.0
2021-06-25 14:44:18.178,36192.0
2021-06-25 14:44:18.183,37578.0
2021-06-25 14:44:18.188,37068.0
2021-06-25 14:44:18.193,38900.0
2021-06-25 14:44:18.198,37048.0
2021-06-25 14:44:18.203,38422.0
2021-06-25 14:44:18.208,36894.0
2021-06-25 14:44:18.213,37100.0
2021-06-25 14:44:18.218,34560.0
2021-06-25 14:44:18.223,37704.0
2021-06-25 14:44:18.228,35918.0
2021-06-25 14:44:18.233,37540.0
2021-06-25 14:44:18.238,38068.0
2021-06-25 14:44:18.243,31510.0
2021-06-25 14:44:18.248,32686.0
2021-06-25 14:44:18.253,30980.0
2021-06-25 14:44:18.258,33210.0
2021-06-25 14:44:18.263,31294.0
2021-06-25 14:44:18.268,33990.0
2021-06-25 14:44:18.273,29740.0
2021-06-25 14:44:18.278,31438.0
2021-06-25 14:44:18.283,32238.0
2021-06-25 14:44:18.288,30990.0
2021-06-25 14:44:18.293,29312.0
2021-06-25 14:44:18.298,32114.0
2021-06-25 14:44:18.303,29160.0
2021-06-25 14:44:18.308,31844.0
2021-06-25 14:44:18.313,34450.0
2021-06-25 14:44:18.318,33168.0
2021-06-25 14:44:18.323,33264.0
2021-06-25 14:44:18.328,33692.0
2021-06-25 14:44:18.333,32296.0
2021-06-25 14:44:18.338,33048.0
2021-06-25 14:44:18.343,33710.0
2021-06-25 14:44:18.348,35272.0
2021-06-25 14:44:18.353,33392.0
2021-06-25 14:44:18.358,33536.0
2021-06-25 14:44:18.363,28502.0
2021-06-25 14:44:18.368,32624.0
2021-06-25 14:44:18.373,34250.0
2021-06-25 14:44:18.378,33818.0
2021-06-25 14:44:18.383,26638.0
2021-06-25 14:44:18.388,28404.0
2021-06-25 14:44:18.393,28948.0
2021-06-25 14:44:18.398,29604.0
2021-06-25 14:44:18.403,28226.0
2021-06-25 14:44:18.408,29820.0
2021-06-25 14:44:18.413,28348.0
2021-06-25 14:44:18.418,29770.0
2021-06-25 14:44:18.423,28262.0
2021-06-25 14:44:18.428,29594.0
2021-06-25 14:44:18.433,28204.0
2021-06-25 14:44:18.438,28404.0
2021-06-25 14:44:18.443,35894.0
2021-06-25 14:44:18.448,36822.0
2021-06-25 14:44:18.453,37126.0
2021-06-25 14:44:18.458,35604.0
2021-06-25 14:44:18.463,29586.0
2021-06-25 14:44:18.468,33948.0
2021-06-25 14:44:18.473,34924.0
2021-06-25 14:44:18.478,34152.0
2021-06-25 14:44:18.483,34090.0
2021-06-25 14:44:18.488,35324.0
2021-06-25 14:44:18.493,34486.0
2021-06-25 14:44:18.498,35856.0
2021-06-25 14:44:18.503,35200.0
2021-06-25 14:44:18.508,36488.0
2021-06-25 14:44:18.513,30888.0
2021-06-25 14:44:18.518,31072.0
2021-06-25 14:44:18.523,28200.0
2021-06-25 14:44:18.528,30934.0
2021-06-25 14:44:18.533,28008.0
2021-06-25 14:44:18.538,30238.0
2021-06-25 14:44:18.543,30560.0
2021-06-25 14:44:18.548,30796.0
2021-06-25 14:44:18.553,29780.0
2021-06-25 14:44:18.558,32956.0
2021-06-25 14:44:18.563,28562.0
2021-06-25 14:44:18.568,30492.0
2021-06-25 14:44:18.573,35082.0
2021-06-25 14:44:18.578,36970.0
2021-06-25 14:44:18.583,36606.0
2021-06-25 14:44:18.588,35384.0
2021-06-25 14:44:18.593,35838.0
2021-06-25 14:44:18.599,37274.0
2021-06-25 14:44:18.603,38512.0
2021-06-25 14:44:18.608,37166.0
2021-06-25 14:44:18.613,37396.0
2021-06-25 14:44:18.618,35708.0
2021-06-25 14:44:18.623,37930.0
2021-06-25 14:44:18.628,36184.0
2021-06-25 14:44:18.633,36750.0
2021-06-25 14:44:18.638,36862.0
2021-06-25 14:44:18.643,29386.0
2021-06-25 14:44:18.648,31950.0
2021-06-25 14:44:18.653,30972.0
2021-06-25 14:44:18.658,31252.0
2021-06-25 14:44:18.663,30436.0
2021-06-25 14:44:18.668,33706.0
2021-06-25 14:44:18.673,29394.0
2021-06-25 14:44:18.678,30914.0
2021-06-25 14:44:18.684,28502.0
2021-06-25 14:44:18.688,29180.0
2021-06-25 14:44:18.693,31140.0
2021-06-25 14:44:18.698,30164.0
2021-06-25 14:44:18.703,36918.0
2021-06-25 14:44:18.708,37920.0
2021-06-25 14:44:18.713,35688.0
2021-06-25 14:44:18.718,35924.0
2021-06-25 14:44:18.723,37208.0
2021-06-25 14:44:18.728,34534.0
2021-06-25 14:44:18.733,34698.0
2021-06-25 14:44:18.738,36844.0
2021-06-25 14:44:18.743,37674.0
2021-06-25 14:44:18.748,37072.0
2021-06-25 14:44:18.753,35986.0
2021-06-25 14:44:18.758,38258.0
2021-06-25 14:44:18.763,36310.0
2021-06-25 14:44:18.769,35684.0
2021-06-25 14:44:18.773,36262.0
2021-06-25 14:44:18.778,31000.0
2021-06-25 14:44:18.783,28840.0
2021-06-25 14:44:18.788,31362.0
2021-06-25 14:44:18.793,31468.0
2021-06-25 14:44:18.798,31510.0
2021-06-25 14:44:18.803,34102.0
2021-06-25 14:44:18.808,31006.0
2021-06-25 14:44:18.813,30724.0
2021-06-25 14:44:18.818,30872.0
2021-06-25 14:44:18.823,29134.0
2021-06-25 14:44:18.828,31022.0
2021-06-25 14:44:18.833,31664.0
2021-06-25 14:44:18.838,36346.0
2021-06-25 14:44:18.843,35620.0
2021-06-25 14:44:18.848,36878.0
2021-06-25 14:44:18.853,34252.0
2021-06-25 14:44:18.858,36288.0
2021-06-25 14:44:18.863,36510.0
2021-06-25 14:44:18.868,34666.0
2021-06-25 14:44:18.873,36374.0
2021-06-25 14:44:18.878,35476.0
2021-06-25 14:44:18.883,33732.0
2021-06-25 14:44:18.888,36314.0
2021-06-25 14:44:18.893,36202.0
2021-06-25 14:44:18.898,35600.0
2021-06-25 14:44:18.903,37478.0
2021-06-25 14:44:18.908,36530.0
2021-06-25 14:44:18.913,37208.0
2021-06-25 14:44:18.918,31464.0
2021-06-25 14:44:18.923,30256.0
2021-06-25 14:44:18.928,30802.0
2021-06-25 14:44:18.933,28374.0
2021-06-25 14:44:18.938,33516.0
2021-06-25 14:44:18.943,32114.0
2021-06-25 14:44:18.948,30472.0
2021-06-25 14:44:18.953,29908.0
2021-06-25 14:44:18.958,32090.0
2021-06-25 14:44:18.963,31742.0
2021-06-25 14:44:18.968,31624.0
2021-06-25 14:44:18.973,30868.0
2021-06-25 14:44:18.978,37072.0
2021-06-25 14:44:18.983,37084.0
2021-06-25 14:44:18.988,35974.0
2021-06-25 14:44:18.993,38322.0
2021-06-25 14:44:18.998,37438.0
2021-06-25 14:44:19.003,36654.0
2021-06-25 14:44:19.008,36996.0
2021-06-25 14:44:19.013,36078.0
2021-06-25 14:44:19.018,35124.0
2021-06-25 14:44:19.023,37304.0
2021-06-25 14:44:19.028,37484.0
2021-06-25 14:44:19.033,36320.0
2021-06-25 14:44:19.038,35956.0
2021-06-25 14:44:19.043,36674.0
2021-06-25 14:44:19.048,37704.0
2021-06-25 14:44:19.053,30616.0
2021-06-25 14:44:19.058,31192.0
2021-06-25 14:44:19.063,30628.0
2021-06-25 14:44:19.068,31336.0
2021-06-25 14:44:19.073,30390.0
2021-06-25 14:44:19.078,30862.0
2021-06-25 14:44:19.083,29826.0
2021-06-25 14:44:19.088,31966.0
2021-06-25 14:44:19.093,30868.0
2021-06-25 14:44:19.098,29230.0
2021-06-25 14:44:19.103,30540.0
2021-06-25 14:44:19.108,30908.0
2021-06-25 14:44:19.113,29800.0
2021-06-25 14:44:19.118,29308.0
2021-06-25 14:44:19.123,36400.0
2021-06-25 14:44:19.128,36540.0
2021-06-25 14:44:19.133,37992.0
2021-06-25 14:44:19.138,36436.0
2021-06-25 14:44:19.143,35888.0
2021-06-25 14:44:19.148,35078.0
2021-06-25 14:44:19.153,32512.0
2021-06-25 14:44:19.158,35920.0
2021-06-25 14:44:19.163,36006.0
2021-06-25 14:44:19.168,37068.0
2021-06-25 14:44:19.173,35278.0
2021-06-25 14:44:19.178,37176.0
2021-06-25 14:44:19.183,35318.0
2021-06-25 14:44:19.188,35452.0
2021-06-25 14:44:19.193,36836.0
2021-06-25 14:44:19.198,29920.0
2021-06-25 14:44:19.203,30436.0
2021-06-25 14:44:19.208,32756.0
2021-06-25 14:44:19.213,32320.0
2021-06-25 14:44:19.218,30848.0
2021-06-25 14:44:19.223,30458.0
2021-06-25 14:44:19.228,29964.0
2021-06-25 14:44:19.233,29164.0
2021-06-25 14:44:19.239,31088.0
2021-06-25 14:44:19.243,31016.0
2021-06-25 14:44:19.248,28960.0
2021-06-25 14:44:19.253,30996.0
2021-06-25 14:44:19.258,33672.0
2021-06-25 14:44:19.263,35456.0
2021-06-25 14:44:19.268,29668.0
2021-06-25 14:44:19.273,33672.0
2021-06-25 14:44:19.278,34112.0
2021-06-25 14:44:19.283,35420.0
2021-06-25 14:44:19.288,35452.0
2021-06-25 14:44:19.293,35240.0
2021-06-25 14:44:19.298,35338.0
2021-06-25 14:44:19.303,32948.0
2021-06-25 14:44:19.308,35780.0
2021-06-25 14:44:19.313,35908.0
2021-06-25 14:44:19.318,32084.0
2021-06-25 14:44:19.324,34678.0
2021-06-25 14:44:19.328,34932.0
2021-06-25 14:44:19.333,34806.0
2021-06-25 14:44:19.338,35242.0
2021-06-25 14:44:19.343,35450.0
2021-06-25 14:44:19.348,31202.0
2021-06-25 14:44:19.353,29332.0
2021-06-25 14:44:19.358,30508.0
2021-06-25 14:44:19.363,29770.0
2021-06-25 14:44:19.368,28708.0
2021-06-25 14:44:19.373,27332.0
2021-06-25 14:44:19.378,25786.0
2021-06-25 14:44:19.383,26012.0
2021-06-25 14:44:19.388,27392.0
2021-06-25 14:44:19.393,27372.0
2021-06-25 14:44:19.398,28548.0
2021-06-25 14:44:19.403,28800.0
2021-06-25 14:44:19.409,28270.0
2021-06-25 14:44:19.413,33444.0
2021-06-25 14:44:19.418,29604.0
2021-06-25 14:44:19.423,31720.0
2021-06-25 14:44:19.428,34194.0
2021-06-25 14:44:19.433,34162.0
2021-06-25 14:44:19.438,35164.0
2021-06-25 14:44:19.443,35992.0
2021-06-25 14:44:19.448,35292.0
2021-06-25 14:44:19.453,35354.0
2021-06-25 14:44:19.458,35494.0
2021-06-25 14:44:19.463,34066.0
2021-06-25 14:44:19.468,32830.0
2021-06-25 14:44:19.473,35062.0
2021-06-25 14:44:19.478,34368.0
2021-06-25 14:44:19.483,35476.0
2021-06-25 14:44:19.488,34862.0
2021-06-25 14:44:19.493,34480.0
2021-06-25 14:44:19.498,28906.0
2021-06-25 14:44:19.503,30800.0
2021-06-25 14:44:19.508,31474.0
2021-06-25 14:44:19.513,31202.0
2021-06-25 14:44:19.518,29456.0
2021-06-25 14:44:19.523,33250.0
2021-06-25 14:44:19.528,29820.0
2021-06-25 14:44:19.533,31022.0
2021-06-25 14:44:19.538,30852.0
2021-06-25 14:44:19.543,29318.0
2021-06-25 14:44:19.548,31406.0
2021-06-25 14:44:19.553,29862.0
2021-06-25 14:44:19.558,31094.0
2021-06-25 14:44:19.563,36246.0
2021-06-25 14:44:19.568,37422.0
2021-06-25 14:44:19.573,35586.0
2021-06-25 14:44:19.578,35086.0
2021-06-25 14:44:19.583,36888.0
2021-06-25 14:44:19.588,36468.0
2021-06-25 14:44:19.593,35878.0
2021-06-25 14:44:19.598,37072.0
2021-06-25 14:44:19.603,37334.0
2021-06-25 14:44:19.608,36910.0
2021-06-25 14:44:19.613,34964.0
2021-06-25 14:44:19.618,30776.0
2021-06-25 14:44:19.623,33194.0
2021-06-25 14:44:19.628,35216.0
2021-06-25 14:44:19.641,31952.0
2021-06-25 14:44:19.642,29938.0
2021-06-25 14:44:19.644,31606.0
2021-06-25 14:44:19.648,33056.0
2021-06-25 14:44:19.653,32238.0
2021-06-25 14:44:19.658,34398.0
2021-06-25 14:44:19.663,31006.0
2021-06-25 14:44:19.668,30156.0
2021-06-25 14:44:19.673,31742.0
2021-06-25 14:44:19.678,28226.0
2021-06-25 14:44:19.683,29776.0
2021-06-25 14:44:19.688,29652.0
2021-06-25 14:44:19.693,30646.0
2021-06-25 14:44:19.698,30428.0
2021-06-25 14:44:19.703,36330.0
2021-06-25 14:44:19.708,35606.0
2021-06-25 14:44:19.713,37146.0
2021-06-25 14:44:19.718,35060.0
2021-06-25 14:44:19.723,33728.0
2021-06-25 14:44:19.728,36586.0
2021-06-25 14:44:19.733,35256.0
2021-06-25 14:44:19.738,36796.0
2021-06-25 14:44:19.743,35574.0
2021-06-25 14:44:19.748,37006.0
2021-06-25 14:44:19.753,37222.0
2021-06-25 14:44:19.758,37170.0
2021-06-25 14:44:19.763,36268.0
2021-06-25 14:44:19.768,35862.0
2021-06-25 14:44:19.773,36744.0
2021-06-25 14:44:19.778,32658.0
2021-06-25 14:44:19.783,28716.0
2021-06-25 14:44:19.788,29430.0
2021-06-25 14:44:19.793,32048.0
2021-06-25 14:44:19.798,29950.0
2021-06-25 14:44:19.803,32776.0
2021-06-25 14:44:19.808,29164.0
2021-06-25 14:44:19.813,31376.0
2021-06-25 14:44:19.818,28850.0
2021-06-25 14:44:19.823,28584.0
2021-06-25 14:44:19.828,30246.0
2021-06-25 14:44:19.833,30632.0
2021-06-25 14:44:19.838,30992.0
2021-06-25 14:44:19.843,29026.0
2021-06-25 14:44:19.848,34906.0
2021-06-25 14:44:19.853,35258.0
2021-06-25 14:44:19.858,35430.0
2021-06-25 14:44:19.863,37638.0
2021-06-25 14:44:19.868,34774.0
2021-06-25 14:44:19.873,34184.0
2021-06-25 14:44:19.879,35102.0
2021-06-25 14:44:19.883,33774.0
2021-06-25 14:44:19.888,35210.0
2021-06-25 14:44:19.893,35328.0
2021-06-25 14:44:19.898,34688.0
2021-06-25 14:44:19.903,36196.0
2021-06-25 14:44:19.908,35796.0
2021-06-25 14:44:19.913,36852.0
2021-06-25 14:44:19.918,36258.0
2021-06-25 14:44:19.923,33512.0
2021-06-25 14:44:19.928,35980.0
2021-06-25 14:44:19.933,30226.0
2021-06-25 14:44:19.938,30022.0
2021-06-25 14:44:19.943,30438.0
2021-06-25 14:44:19.948,30334.0
2021-06-25 14:44:19.953,30468.0
2021-06-25 14:44:19.958,32218.0
2021-06-25 14:44:19.964,31268.0
2021-06-25 14:44:19.968,30238.0
2021-06-25 14:44:19.973,31130.0
2021-06-25 14:44:19.978,28390.0
2021-06-25 14:44:19.983,29754.0
2021-06-25 14:44:19.988,30114.0
2021-06-25 14:44:19.993,29414.0
2021-06-25 14:44:19.998,32084.0
2021-06-25 14:44:20.003,36888.0
2021-06-25 14:44:20.008,36622.0
2021-06-25 14:44:20.013,36104.0
2021-06-25 14:44:20.018,36694.0
2021-06-25 14:44:20.023,33532.0
2021-06-25 14:44:20.028,35570.0
2021-06-25 14:44:20.033,36442.0
2021-06-25 14:44:20.038,36228.0
2021-06-25 14:44:20.043,34296.0
2021-06-25 14:44:20.049,34506.0
2021-06-25 14:44:20.053,36458.0
2021-06-25 14:44:20.058,35836.0
2021-06-25 14:44:20.063,35340.0
2021-06-25 14:44:20.068,36318.0
2021-06-25 14:44:20.073,29118.0
2021-06-25 14:44:20.078,30564.0
2021-06-25 14:44:20.083,30662.0
2021-06-25 14:44:20.088,28836.0
2021-06-25 14:44:20.093,30586.0
2021-06-25 14:44:20.098,32640.0
2021-06-25 14:44:20.103,28518.0
2021-06-25 14:44:20.108,30150.0
2021-06-25 14:44:20.113,32278.0
2021-06-25 14:44:20.118,29200.0
2021-06-25 14:44:20.123,31054.0
2021-06-25 14:44:20.128,28830.0
2021-06-25 14:44:20.133,34092.0
2021-06-25 14:44:20.138,34410.0
2021-06-25 14:44:20.143,36108.0
2021-06-25 14:44:20.148,34670.0
2021-06-25 14:44:20.153,36328.0
2021-06-25 14:44:20.158,33958.0
2021-06-25 14:44:20.163,36186.0
2021-06-25 14:44:20.168,35348.0
2021-06-25 14:44:20.173,33158.0
2021-06-25 14:44:20.178,34610.0
2021-06-25 14:44:20.183,35878.0
2021-06-25 14:44:20.188,35794.0
2021-06-25 14:44:20.193,35066.0
2021-06-25 14:44:20.198,35004.0
2021-06-25 14:44:20.203,35440.0
2021-06-25 14:44:20.208,34440.0
2021-06-25 14:44:20.213,30472.0
2021-06-25 14:44:20.218,29868.0
2021-06-25 14:44:20.223,29430.0
2021-06-25 14:44:20.228,31272.0
2021-06-25 14:44:20.233,35456.0
2021-06-25 14:44:20.238,29354.0
2021-06-25 14:44:20.243,29462.0
2021-06-25 14:44:20.248,29892.0
2021-06-25 14:44:20.253,30228.0
2021-06-25 14:44:20.258,28898.0
2021-06-25 14:44:20.263,29740.0
2021-06-25 14:44:20.268,29450.0
2021-06-25 14:44:20.273,35360.0
2021-06-25 14:44:20.278,35888.0
2021-06-25 14:44:20.283,32506.0
2021-06-25 14:44:20.288,34626.0
2021-06-25 14:44:20.293,34624.0
2021-06-25 14:44:20.298,36124.0
2021-06-25 14:44:20.303,35924.0
2021-06-25 14:44:20.308,35302.0
2021-06-25 14:44:20.313,33512.0
2021-06-25 14:44:20.318,33610.0
2021-06-25 14:44:20.323,35964.0
2021-06-25 14:44:20.328,31608.0
2021-06-25 14:44:20.333,34816.0
2021-06-25 14:44:20.338,36042.0
2021-06-25 14:44:20.343,34056.0
2021-06-25 14:44:20.348,34354.0
2021-06-25 14:44:20.353,30042.0
2021-06-25 14:44:20.358,29282.0
2021-06-25 14:44:20.363,28688.0
2021-06-25 14:44:20.368,31044.0
2021-06-25 14:44:20.373,27994.0
2021-06-25 14:44:20.378,31904.0
2021-06-25 14:44:20.383,29604.0
2021-06-25 14:44:20.388,30574.0
2021-06-25 14:44:20.393,29502.0
2021-06-25 14:44:20.398,30108.0
2021-06-25 14:44:20.403,27676.0
2021-06-25 14:44:20.408,30818.0
2021-06-25 14:44:20.413,35830.0
2021-06-25 14:44:20.418,34682.0
2021-06-25 14:44:20.423,35822.0
2021-06-25 14:44:20.428,34830.0
2021-06-25 14:44:20.433,36144.0
2021-06-25 14:44:20.438,34522.0
2021-06-25 14:44:20.443,33712.0
2021-06-25 14:44:20.448,36472.0
2021-06-25 14:44:20.453,35912.0
2021-06-25 14:44:20.458,35704.0
2021-06-25 14:44:20.463,34738.0
2021-06-25 14:44:20.468,32238.0
2021-06-25 14:44:20.473,35574.0
2021-06-25 14:44:20.478,34054.0
2021-06-25 14:44:20.483,33722.0
2021-06-25 14:44:20.488,34624.0
2021-06-25 14:44:20.493,28414.0
2021-06-25 14:44:20.498,29580.0
2021-06-25 14:44:20.503,28326.0
2021-06-25 14:44:20.508,31352.0
2021-06-25 14:44:20.513,28918.0
2021-06-25 14:44:20.519,28806.0
2021-06-25 14:44:20.523,29148.0
2021-06-25 14:44:20.528,31222.0
2021-06-25 14:44:20.533,29328.0
2021-06-25 14:44:20.538,26958.0
2021-06-25 14:44:20.543,29096.0
2021-06-25 14:44:20.548,27578.0
2021-06-25 14:44:20.553,35128.0
2021-06-25 14:44:20.558,36764.0
2021-06-25 14:44:20.563,33830.0
2021-06-25 14:44:20.568,35790.0
2021-06-25 14:44:20.573,34534.0
2021-06-25 14:44:20.578,33782.0
2021-06-25 14:44:20.583,35636.0
2021-06-25 14:44:20.588,35790.0
2021-06-25 14:44:20.593,34436.0
2021-06-25 14:44:20.598,34164.0
2021-06-25 14:44:20.604,35786.0
2021-06-25 14:44:20.608,37176.0
2021-06-25 14:44:20.613,36012.0
2021-06-25 14:44:20.618,34574.0
2021-06-25 14:44:20.623,30474.0
2021-06-25 14:44:20.628,30012.0
2021-06-25 14:44:20.633,27990.0
2021-06-25 14:44:20.638,28804.0
2021-06-25 14:44:20.643,28590.0
2021-06-25 14:44:20.648,29160.0
2021-06-25 14:44:20.653,31592.0
2021-06-25 14:44:20.658,30772.0
2021-06-25 14:44:20.663,30970.0
2021-06-25 14:44:20.668,29858.0
2021-06-25 14:44:20.673,27876.0
2021-06-25 14:44:20.678,28914.0
2021-06-25 14:44:20.683,30554.0
2021-06-25 14:44:20.689,34384.0
2021-06-25 14:44:20.693,35220.0
2021-06-25 14:44:20.698,33202.0
2021-06-25 14:44:20.703,35298.0
2021-06-25 14:44:20.708,35776.0
2021-06-25 14:44:20.713,33972.0
2021-06-25 14:44:20.718,35830.0
2021-06-25 14:44:20.723,29702.0
2021-06-25 14:44:20.728,32794.0
2021-06-25 14:44:20.733,32100.0
2021-06-25 14:44:20.738,32232.0
2021-06-25 14:44:20.743,34322.0
2021-06-25 14:44:20.748,34358.0
2021-06-25 14:44:20.753,33238.0
2021-06-25 14:44:20.758,33246.0
2021-06-25 14:44:20.763,33764.0
2021-06-25 14:44:20.768,28856.0
2021-06-25 14:44:20.773,27564.0
2021-06-25 14:44:20.778,29924.0
2021-06-25 14:44:20.783,29226.0
2021-06-25 14:44:20.788,27674.0
2021-06-25 14:44:20.793,31006.0
2021-06-25 14:44:20.798,29630.0
2021-06-25 14:44:20.803,29820.0
2021-06-25 14:44:20.808,30808.0
2021-06-25 14:44:20.813,27866.0
2021-06-25 14:44:20.818,29168.0
2021-06-25 14:44:20.823,34184.0
2021-06-25 14:44:20.828,35158.0
2021-06-25 14:44:20.833,34552.0
2021-06-25 14:44:20.838,35190.0
2021-06-25 14:44:20.843,34076.0
2021-06-25 14:44:20.848,35676.0
2021-06-25 14:44:20.853,35810.0
2021-06-25 14:44:20.858,34852.0
2021-06-25 14:44:20.863,34308.0
2021-06-25 14:44:20.868,36720.0
2021-06-25 14:44:20.873,34210.0
2021-06-25 14:44:20.878,33166.0
2021-06-25 14:44:20.883,35350.0
2021-06-25 14:44:20.888,35016.0
2021-06-25 14:44:20.893,33172.0
2021-06-25 14:44:20.898,28984.0
2021-06-25 14:44:20.903,29744.0
2021-06-25 14:44:20.908,31408.0
2021-06-25 14:44:20.913,27634.0
2021-06-25 14:44:20.918,33778.0
2021-06-25 14:44:20.923,27496.0
2021-06-25 14:44:20.928,28444.0
2021-06-25 14:44:20.933,27346.0
2021-06-25 14:44:20.938,27388.0
2021-06-25 14:44:20.943,28770.0
2021-06-25 14:44:20.948,29994.0
2021-06-25 14:44:20.953,35606.0
2021-06-25 14:44:20.958,36678.0
2021-06-25 14:44:20.963,34640.0
2021-06-25 14:44:20.968,36206.0
2021-06-25 14:44:20.973,33224.0
2021-06-25 14:44:20.978,33440.0
2021-06-25 14:44:20.983,34046.0
2021-06-25 14:44:20.988,33850.0
2021-06-25 14:44:20.993,34996.0
2021-06-25 14:44:20.998,34678.0
2021-06-25 14:44:21.003,34358.0
2021-06-25 14:44:21.008,34414.0
2021-06-25 14:44:21.013,34856.0
2021-06-25 14:44:21.018,30436.0
2021-06-25 14:44:21.023,28044.0
2021-06-25 14:44:21.028,28384.0
2021-06-25 14:44:21.033,30590.0
2021-06-25 14:44:21.038,28158.0
2021-06-25 14:44:21.043,29364.0
2021-06-25 14:44:21.048,29830.0
2021-06-25 14:44:21.053,30438.0
2021-06-25 14:44:21.058,27808.0
2021-06-25 14:44:21.063,27076.0
2021-06-25 14:44:21.068,29586.0
2021-06-25 14:44:21.073,33808.0
2021-06-25 14:44:21.078,28164.0
2021-06-25 14:44:21.083,32566.0
2021-06-25 14:44:21.088,32480.0
2021-06-25 14:44:21.093,34866.0
2021-06-25 14:44:21.098,32762.0
2021-06-25 14:44:21.103,34378.0
2021-06-25 14:44:21.108,35574.0
2021-06-25 14:44:21.113,34194.0
2021-06-25 14:44:21.118,34246.0
2021-06-25 14:44:21.123,34824.0
2021-06-25 14:44:21.128,32926.0
2021-06-25 14:44:21.133,31654.0
2021-06-25 14:44:21.138,34672.0
2021-06-25 14:44:21.143,27066.0
2021-06-25 14:44:21.148,29568.0
2021-06-25 14:44:21.153,29328.0
2021-06-25 14:44:21.159,29374.0
2021-06-25 14:44:21.163,27218.0
2021-06-25 14:44:21.168,29386.0
2021-06-25 14:44:21.173,31442.0
2021-06-25 14:44:21.178,30000.0
2021-06-25 14:44:21.183,26700.0
2021-06-25 14:44:21.188,28698.0
2021-06-25 14:44:21.193,27490.0
2021-06-25 14:44:21.198,34398.0
2021-06-25 14:44:21.203,34552.0
2021-06-25 14:44:21.208,35446.0
2021-06-25 14:44:21.213,34090.0
2021-06-25 14:44:21.218,34122.0
2021-06-25 14:44:21.223,35688.0
2021-06-25 14:44:21.228,34470.0
2021-06-25 14:44:21.233,34358.0
2021-06-25 14:44:21.238,35092.0
2021-06-25 14:44:21.244,35158.0
2021-06-25 14:44:21.248,34800.0
2021-06-25 14:44:21.253,34378.0
2021-06-25 14:44:21.258,33496.0
2021-06-25 14:44:21.263,27670.0
2021-06-25 14:44:21.268,29046.0
2021-06-25 14:44:21.273,30508.0
2021-06-25 14:44:21.278,28372.0
2021-06-25 14:44:21.283,26808.0
2021-06-25 14:44:21.288,32132.0
2021-06-25 14:44:21.293,28214.0
2021-06-25 14:44:21.298,29632.0
2021-06-25 14:44:21.303,28834.0
2021-06-25 14:44:21.308,27050.0
2021-06-25 14:44:21.313,30160.0
2021-06-25 14:44:21.318,29682.0
2021-06-25 14:44:21.323,33048.0
2021-06-25 14:44:21.329,28744.0
2021-06-25 14:44:21.333,33024.0
2021-06-25 14:44:21.338,34870.0
2021-06-25 14:44:21.343,34516.0
2021-06-25 14:44:21.348,34014.0
2021-06-25 14:44:21.353,33774.0
2021-06-25 14:44:21.358,32696.0
2021-06-25 14:44:21.363,33928.0
2021-06-25 14:44:21.368,36020.0
2021-06-25 14:44:21.373,33736.0
2021-06-25 14:44:21.378,31690.0
2021-06-25 14:44:21.383,34794.0
2021-06-25 14:44:21.388,28380.0
2021-06-25 14:44:21.393,28836.0
2021-06-25 14:44:21.398,28276.0
2021-06-25 14:44:21.403,29096.0
2021-06-25 14:44:21.408,33138.0
2021-06-25 14:44:21.413,31972.0
2021-06-25 14:44:21.418,29894.0
2021-06-25 14:44:21.423,29092.0
2021-06-25 14:44:21.428,29078.0
2021-06-25 14:44:21.433,29630.0
2021-06-25 14:44:21.438,26700.0
2021-06-25 14:44:21.443,32890.0
2021-06-25 14:44:21.448,33050.0
2021-06-25 14:44:21.453,33202.0
2021-06-25 14:44:21.458,34748.0
2021-06-25 14:44:21.463,35006.0
2021-06-25 14:44:21.468,35256.0
2021-06-25 14:44:21.473,33794.0
2021-06-25 14:44:21.478,31490.0
2021-06-25 14:44:21.483,32634.0
2021-06-25 14:44:21.488,34734.0
2021-06-25 14:44:21.493,33598.0
2021-06-25 14:44:21.498,34378.0
2021-06-25 14:44:21.503,34784.0
2021-06-25 14:44:21.508,29214.0
2021-06-25 14:44:21.513,27722.0
2021-06-25 14:44:21.518,29000.0
2021-06-25 14:44:21.523,30406.0
2021-06-25 14:44:21.528,27408.0
2021-06-25 14:44:21.533,30684.0
2021-06-25 14:44:21.538,28944.0
2021-06-25 14:44:21.543,28380.0
2021-06-25 14:44:21.548,27610.0
2021-06-25 14:44:21.553,30210.0
2021-06-25 14:44:21.558,28026.0
2021-06-25 14:44:21.563,28236.0
2021-06-25 14:44:21.568,35350.0
2021-06-25 14:44:21.573,33650.0
2021-06-25 14:44:21.578,34932.0
2021-06-25 14:44:21.583,32894.0
2021-06-25 14:44:21.588,34416.0
2021-06-25 14:44:21.593,34416.0
2021-06-25 14:44:21.598,32350.0
2021-06-25 14:44:21.603,34096.0
2021-06-25 14:44:21.608,35604.0
2021-06-25 14:44:21.613,35786.0
2021-06-25 14:44:21.618,34180.0
2021-06-25 14:44:21.623,27202.0
2021-06-25 14:44:21.628,27290.0
2021-06-25 14:44:21.633,27464.0
2021-06-25 14:44:21.638,29332.0
2021-06-25 14:44:21.643,29328.0
2021-06-25 14:44:21.648,33018.0
2021-06-25 14:44:21.653,28072.0
2021-06-25 14:44:21.658,29148.0
2021-06-25 14:44:21.663,31484.0
2021-06-25 14:44:21.668,28528.0
2021-06-25 14:44:21.673,28420.0
2021-06-25 14:44:21.678,27198.0
2021-06-25 14:44:21.683,33192.0
2021-06-25 14:44:21.688,33356.0
2021-06-25 14:44:21.693,33886.0
2021-06-25 14:44:21.698,31474.0
2021-06-25 14:44:21.703,33492.0
2021-06-25 14:44:21.708,34476.0
2021-06-25 14:44:21.713,35498.0
2021-06-25 14:44:21.718,33706.0
2021-06-25 14:44:21.723,31422.0
2021-06-25 14:44:21.728,33788.0
2021-06-25 14:44:21.733,31330.0
2021-06-25 14:44:21.738,33460.0
2021-06-25 14:44:21.743,34656.0
2021-06-25 14:44:21.748,27336.0
2021-06-25 14:44:21.753,27974.0
2021-06-25 14:44:21.758,29806.0
2021-06-25 14:44:21.763,29456.0
2021-06-25 14:44:21.768,29194.0
2021-06-25 14:44:21.773,28218.0
2021-06-25 14:44:21.778,29132.0
2021-06-25 14:44:21.783,27880.0
2021-06-25 14:44:21.788,29174.0
2021-06-25 14:44:21.793,26602.0
2021-06-25 14:44:21.799,29348.0
2021-06-25 14:44:21.803,35776.0
2021-06-25 14:44:21.808,34626.0
2021-06-25 14:44:21.813,34760.0
2021-06-25 14:44:21.818,33748.0
2021-06-25 14:44:21.823,32182.0
2021-06-25 14:44:21.828,34318.0
2021-06-25 14:44:21.833,34590.0
2021-06-25 14:44:21.838,33810.0
2021-06-25 14:44:21.843,35440.0
2021-06-25 14:44:21.848,35210.0
2021-06-25 14:44:21.853,35512.0
2021-06-25 14:44:21.858,32866.0
2021-06-25 14:44:21.863,32186.0
2021-06-25 14:44:21.868,29642.0
2021-06-25 14:44:21.873,31232.0
2021-06-25 14:44:21.878,31402.0
2021-06-25 14:44:21.884,29174.0
2021-06-25 14:44:21.888,27004.0
2021-06-25 14:44:21.893,30756.0
2021-06-25 14:44:21.898,27194.0
2021-06-25 14:44:21.903,28270.0
2021-06-25 14:44:21.908,29964.0
2021-06-25 14:44:21.913,28450.0
2021-06-25 14:44:21.918,28398.0
2021-06-25 14:44:21.923,33152.0
2021-06-25 14:44:21.928,34090.0
2021-06-25 14:44:21.933,32228.0
2021-06-25 14:44:21.938,32186.0
2021-06-25 14:44:21.943,33292.0
2021-06-25 14:44:21.948,34538.0
2021-06-25 14:44:21.953,35324.0
2021-06-25 14:44:21.958,34354.0
2021-06-25 14:44:21.963,35340.0
2021-06-25 14:44:21.969,34092.0
2021-06-25 14:44:21.973,34178.0
2021-06-25 14:44:21.978,35486.0
2021-06-25 14:44:21.983,31998.0
2021-06-25 14:44:21.988,27284.0
2021-06-25 14:44:21.993,29574.0
2021-06-25 14:44:21.998,30924.0
2021-06-25 14:44:22.003,28194.0
2021-06-25 14:44:22.008,31942.0
2021-06-25 14:44:22.013,28554.0
2021-06-25 14:44:22.018,28306.0
2021-06-25 14:44:22.023,30688.0
2021-06-25 14:44:22.028,29132.0
2021-06-25 14:44:22.033,29442.0
2021-06-25 14:44:22.038,28840.0
2021-06-25 14:44:22.043,33624.0
2021-06-25 14:44:22.048,34706.0
2021-06-25 14:44:22.053,34964.0
2021-06-25 14:44:22.058,34914.0
2021-06-25 14:44:22.063,34200.0
2021-06-25 14:44:22.068,34826.0
2021-06-25 14:44:22.073,34348.0
2021-06-25 14:44:22.078,33020.0
2021-06-25 14:44:22.083,32658.0
2021-06-25 14:44:22.088,31668.0
2021-06-25 14:44:22.093,31848.0
2021-06-25 14:44:22.098,33778.0
2021-06-25 14:44:22.103,32938.0
2021-06-25 14:44:22.108,34528.0
2021-06-25 14:44:22.113,28640.0
2021-06-25 14:44:22.118,29610.0
2021-06-25 14:44:22.123,30530.0
2021-06-25 14:44:22.128,26720.0
2021-06-25 14:44:22.133,33012.0
2021-06-25 14:44:22.138,29314.0
2021-06-25 14:44:22.143,28722.0
2021-06-25 14:44:22.148,26668.0
2021-06-25 14:44:22.153,28912.0
2021-06-25 14:44:22.158,30838.0
2021-06-25 14:44:22.163,29200.0
2021-06-25 14:44:22.168,35026.0
2021-06-25 14:44:22.173,36802.0
2021-06-25 14:44:22.178,35096.0
2021-06-25 14:44:22.183,35508.0
2021-06-25 14:44:22.188,34640.0
2021-06-25 14:44:22.201,33106.0
2021-06-25 14:44:22.202,35180.0
2021-06-25 14:44:22.204,34270.0
2021-06-25 14:44:22.208,34312.0
2021-06-25 14:44:22.213,35082.0
2021-06-25 14:44:22.218,35640.0
2021-06-25 14:44:22.223,27636.0
2021-06-25 14:44:22.228,29508.0
2021-06-25 14:44:22.233,27732.0
2021-06-25 14:44:22.238,29796.0
2021-06-25 14:44:22.243,27818.0
2021-06-25 14:44:22.248,31182.0
2021-06-25 14:44:22.253,29092.0
2021-06-25 14:44:22.258,29194.0
2021-06-25 14:44:22.263,30062.0
2021-06-25 14:44:22.268,28394.0
2021-06-25 14:44:22.273,27064.0
2021-06-25 14:44:22.278,29914.0
2021-06-25 14:44:22.283,28774.0
2021-06-25 14:44:22.288,33748.0
2021-06-25 14:44:22.293,34778.0
2021-06-25 14:44:22.298,34480.0
2021-06-25 14:44:22.303,34044.0
2021-06-25 14:44:22.308,34738.0
2021-06-25 14:44:22.313,35286.0
2021-06-25 14:44:22.318,34806.0
2021-06-25 14:44:22.323,32694.0
2021-06-25 14:44:22.328,35200.0
2021-06-25 14:44:22.333,33582.0
2021-06-25 14:44:22.338,32106.0
2021-06-25 14:44:22.343,33746.0
2021-06-25 14:44:22.348,35184.0
2021-06-25 14:44:22.353,29260.0
2021-06-25 14:44:22.358,28636.0
2021-06-25 14:44:22.363,29508.0
2021-06-25 14:44:22.368,29472.0
2021-06-25 14:44:22.373,27008.0
2021-06-25 14:44:22.378,28086.0
2021-06-25 14:44:22.383,31924.0
2021-06-25 14:44:22.388,28218.0
2021-06-25 14:44:22.393,27414.0
2021-06-25 14:44:22.398,28652.0
2021-06-25 14:44:22.403,27824.0
2021-06-25 14:44:22.408,29450.0
2021-06-25 14:44:22.413,34198.0
2021-06-25 14:44:22.418,33854.0
2021-06-25 14:44:22.423,33100.0
2021-06-25 14:44:22.428,34806.0
2021-06-25 14:44:22.433,33702.0
2021-06-25 14:44:22.439,32784.0
2021-06-25 14:44:22.443,33482.0
2021-06-25 14:44:22.448,34460.0
2021-06-25 14:44:22.453,35494.0
2021-06-25 14:44:22.458,35758.0
2021-06-25 14:44:22.463,34436.0
2021-06-25 14:44:22.468,33516.0
2021-06-25 14:44:22.473,35334.0
2021-06-25 14:44:22.478,29386.0
2021-06-25 14:44:22.483,26932.0
2021-06-25 14:44:22.488,26106.0
2021-06-25 14:44:22.493,27266.0
2021-06-25 14:44:22.498,26094.0
2021-06-25 14:44:22.503,29662.0
2021-06-25 14:44:22.508,29164.0
2021-06-25 14:44:22.513,28014.0
2021-06-25 14:44:22.518,28488.0
2021-06-25 14:44:22.524,29286.0
2021-06-25 14:44:22.528,28652.0
2021-06-25 14:44:22.533,28752.0
2021-06-25 14:44:22.538,33044.0
2021-06-25 14:44:22.543,34416.0
2021-06-25 14:44:22.548,32594.0
2021-06-25 14:44:22.553,33764.0
2021-06-25 14:44:22.558,31716.0
2021-06-25 14:44:22.563,35312.0
2021-06-25 14:44:22.568,34978.0
2021-06-25 14:44:22.573,35594.0
2021-06-25 14:44:22.578,33958.0
2021-06-25 14:44:22.583,34164.0
2021-06-25 14:44:22.588,32320.0
2021-06-25 14:44:22.593,35076.0
2021-06-25 14:44:22.598,33060.0
2021-06-25 14:44:22.603,29282.0
2021-06-25 14:44:22.609,28826.0
2021-06-25 14:44:22.613,30528.0
2021-06-25 14:44:22.618,30590.0
2021-06-25 14:44:22.623,27558.0
2021-06-25 14:44:22.628,28840.0
2021-06-25 14:44:22.633,28348.0
2021-06-25 14:44:22.638,29692.0
2021-06-25 14:44:22.643,29666.0
2021-06-25 14:44:22.648,27736.0
2021-06-25 14:44:22.653,28398.0
2021-06-25 14:44:22.658,36036.0
2021-06-25 14:44:22.663,37120.0
2021-06-25 14:44:22.668,34760.0
2021-06-25 14:44:22.673,36212.0
2021-06-25 14:44:22.678,35708.0
2021-06-25 14:44:22.683,31796.0
2021-06-25 14:44:22.688,32394.0
2021-06-25 14:44:22.693,36010.0
2021-06-25 14:44:22.698,36212.0
2021-06-25 14:44:22.703,34738.0
2021-06-25 14:44:22.708,35534.0
2021-06-25 14:44:22.713,35256.0
2021-06-25 14:44:22.718,31884.0
2021-06-25 14:44:22.723,30606.0
2021-06-25 14:44:22.728,31402.0
2021-06-25 14:44:22.733,31624.0
2021-06-25 14:44:22.738,30058.0
2021-06-25 14:44:22.743,30622.0
2021-06-25 14:44:22.748,28834.0
2021-06-25 14:44:22.753,30228.0
2021-06-25 14:44:22.758,28538.0
2021-06-25 14:44:22.763,28512.0
2021-06-25 14:44:22.768,31706.0
2021-06-25 14:44:22.773,36468.0
2021-06-25 14:44:22.778,35296.0
2021-06-25 14:44:22.783,35456.0
2021-06-25 14:44:22.788,35672.0
2021-06-25 14:44:22.793,35328.0
2021-06-25 14:44:22.798,36600.0
2021-06-25 14:44:22.803,35118.0
2021-06-25 14:44:22.808,36998.0
2021-06-25 14:44:22.813,35204.0
2021-06-25 14:44:22.818,35904.0
2021-06-25 14:44:22.823,36160.0
2021-06-25 14:44:22.828,38080.0
2021-06-25 14:44:22.833,34214.0
2021-06-25 14:44:22.838,29766.0
2021-06-25 14:44:22.843,29666.0
2021-06-25 14:44:22.848,30492.0
2021-06-25 14:44:22.853,30884.0
2021-06-25 14:44:22.858,28298.0
2021-06-25 14:44:22.863,29940.0
2021-06-25 14:44:22.868,29902.0
2021-06-25 14:44:22.873,30756.0
2021-06-25 14:44:22.878,29868.0
2021-06-25 14:44:22.883,30000.0
2021-06-25 14:44:22.888,31976.0
2021-06-25 14:44:22.893,28388.0
2021-06-25 14:44:22.898,35848.0
2021-06-25 14:44:22.903,35810.0
2021-06-25 14:44:22.908,35672.0
2021-06-25 14:44:22.913,35170.0
2021-06-25 14:44:22.918,35374.0
2021-06-25 14:44:22.923,35960.0
2021-06-25 14:44:22.928,37520.0
2021-06-25 14:44:22.933,32332.0
2021-06-25 14:44:22.938,33836.0
2021-06-25 14:44:22.943,33722.0
2021-06-25 14:44:22.948,33284.0
2021-06-25 14:44:22.953,35832.0
2021-06-25 14:44:22.958,35006.0
2021-06-25 14:44:22.963,35214.0
2021-06-25 14:44:22.968,34502.0
2021-06-25 14:44:22.973,35440.0
2021-06-25 14:44:22.978,29030.0
2021-06-25 14:44:22.983,29754.0
2021-06-25 14:44:22.988,30298.0
2021-06-25 14:44:22.993,31828.0
2021-06-25 14:44:22.998,29596.0
2021-06-25 14:44:23.003,34506.0
2021-06-25 14:44:23.008,28850.0
2021-06-25 14:44:23.013,29098.0
2021-06-25 14:44:23.018,32172.0
2021-06-25 14:44:23.023,31418.0
2021-06-25 14:44:23.028,34702.0
2021-06-25 14:44:23.033,36020.0
2021-06-25 14:44:23.038,38250.0
2021-06-25 14:44:23.043,40380.0
2021-06-25 14:44:23.048,41194.0
2021-06-25 14:44:23.053,40830.0
2021-06-25 14:44:23.058,40650.0
2021-06-25 14:44:23.063,41318.0
2021-06-25 14:44:23.068,41348.0
2021-06-25 14:44:23.073,40362.0
2021-06-25 14:44:23.079,42164.0
2021-06-25 14:44:23.083,42638.0
2021-06-25 14:44:23.088,42350.0
2021-06-25 14:44:23.093,38972.0
2021-06-25 14:44:23.098,39480.0
2021-06-25 14:44:23.103,42410.0
2021-06-25 14:44:23.108,42032.0
2021-06-25 14:44:23.113,34378.0
2021-06-25 14:44:23.118,37032.0
2021-06-25 14:44:23.123,36724.0
2021-06-25 14:44:23.128,37140.0
2021-06-25 14:44:23.133,40358.0
2021-06-25 14:44:23.138,35288.0
2021-06-25 14:44:23.143,36618.0
2021-06-25 14:44:23.148,35040.0
2021-06-25 14:44:23.153,36570.0
2021-06-25 14:44:23.158,35062.0
2021-06-25 14:44:23.164,35158.0
2021-06-25 14:44:23.168,34574.0
2021-06-25 14:44:23.173,40180.0
2021-06-25 14:44:23.178,40548.0
2021-06-25 14:44:23.183,38070.0
2021-06-25 14:44:23.188,38182.0
2021-06-25 14:44:23.193,38460.0
2021-06-25 14:44:23.198,40728.0
2021-06-25 14:44:23.203,39800.0
2021-06-25 14:44:23.208,40144.0
2021-06-25 14:44:23.213,40198.0
2021-06-25 14:44:23.218,41420.0
2021-06-25 14:44:23.223,39122.0
2021-06-25 14:44:23.228,40656.0
2021-06-25 14:44:23.233,40522.0
2021-06-25 14:44:23.238,40318.0
2021-06-25 14:44:23.243,38972.0
2021-06-25 14:44:23.249,37926.0
2021-06-25 14:44:23.253,32120.0
2021-06-25 14:44:23.258,33604.0
2021-06-25 14:44:23.263,35934.0
2021-06-25 14:44:23.268,33962.0
2021-06-25 14:44:23.273,31422.0
2021-06-25 14:44:23.278,31828.0
2021-06-25 14:44:23.283,33040.0
2021-06-25 14:44:23.288,32736.0
2021-06-25 14:44:23.293,32622.0
2021-06-25 14:44:23.298,32290.0
2021-06-25 14:44:23.303,28888.0
2021-06-25 14:44:23.308,31366.0
2021-06-25 14:44:23.313,38818.0
2021-06-25 14:44:23.318,38622.0
2021-06-25 14:44:23.323,37120.0
2021-06-25 14:44:23.328,38122.0
2021-06-25 14:44:23.333,36750.0
2021-06-25 14:44:23.338,32572.0
2021-06-25 14:44:23.343,34626.0
2021-06-25 14:44:23.348,36226.0
2021-06-25 14:44:23.353,37700.0
2021-06-25 14:44:23.358,36690.0
2021-06-25 14:44:23.363,36590.0
2021-06-25 14:44:23.368,35468.0
2021-06-25 14:44:23.373,37572.0
2021-06-25 14:44:23.378,37818.0
2021-06-25 14:44:23.383,32418.0
2021-06-25 14:44:23.388,31408.0
2021-06-25 14:44:23.393,29350.0
2021-06-25 14:44:23.398,31580.0
2021-06-25 14:44:23.403,30914.0
2021-06-25 14:44:23.408,35702.0
2021-06-25 14:44:23.413,33526.0
2021-06-25 14:44:23.418,28662.0
2021-06-25 14:44:23.423,28952.0
2021-06-25 14:44:23.428,31674.0
2021-06-25 14:44:23.433,30374.0
2021-06-25 14:44:23.438,30612.0
2021-06-25 14:44:23.443,30206.0
2021-06-25 14:44:23.448,35178.0
2021-06-25 14:44:23.453,36334.0
2021-06-25 14:44:23.458,36930.0
2021-06-25 14:44:23.463,36184.0
2021-06-25 14:44:23.468,36464.0
2021-06-25 14:44:23.473,38050.0
2021-06-25 14:44:23.478,35258.0
2021-06-25 14:44:23.483,34040.0
2021-06-25 14:44:23.488,34984.0
2021-06-25 14:44:23.493,37968.0
2021-06-25 14:44:23.498,36302.0
2021-06-25 14:44:23.503,34604.0
2021-06-25 14:44:23.508,35566.0
2021-06-25 14:44:23.513,36412.0
2021-06-25 14:44:23.518,36022.0
2021-06-25 14:44:23.523,36066.0
2021-06-25 14:44:23.528,37690.0
2021-06-25 14:44:23.533,30376.0
2021-06-25 14:44:23.538,30812.0
2021-06-25 14:44:23.543,30360.0
2021-06-25 14:44:23.548,33430.0
2021-06-25 14:44:23.553,31426.0
2021-06-25 14:44:23.558,32628.0
2021-06-25 14:44:23.563,31280.0
2021-06-25 14:44:23.568,31582.0
2021-06-25 14:44:23.573,31298.0
2021-06-25 14:44:23.578,30346.0
2021-06-25 14:44:23.583,32454.0
2021-06-25 14:44:23.588,29766.0
2021-06-25 14:44:23.593,32696.0
2021-06-25 14:44:23.598,35668.0
2021-06-25 14:44:23.603,37914.0
2021-06-25 14:44:23.608,36918.0
2021-06-25 14:44:23.613,38274.0
2021-06-25 14:44:23.618,37536.0
2021-06-25 14:44:23.623,37352.0
2021-06-25 14:44:23.628,36438.0
2021-06-25 14:44:23.633,35324.0
2021-06-25 14:44:23.638,32294.0
2021-06-25 14:44:23.643,36324.0
2021-06-25 14:44:23.648,36868.0
2021-06-25 14:44:23.653,37238.0
2021-06-25 14:44:23.658,37444.0
2021-06-25 14:44:23.663,38300.0
2021-06-25 14:44:23.668,38130.0
2021-06-25 14:44:23.673,36944.0
2021-06-25 14:44:23.678,34050.0
2021-06-25 14:44:23.683,32228.0
2021-06-25 14:44:23.688,33040.0
2021-06-25 14:44:23.693,32870.0
2021-06-25 14:44:23.698,32388.0
2021-06-25 14:44:23.703,29468.0
2021-06-25 14:44:23.708,33238.0
2021-06-25 14:44:23.713,30498.0
2021-06-25 14:44:23.719,32450.0
2021-06-25 14:44:23.723,33228.0
2021-06-25 14:44:23.728,32788.0
2021-06-25 14:44:23.733,32350.0
2021-06-25 14:44:23.738,32214.0
2021-06-25 14:44:23.743,36518.0
2021-06-25 14:44:23.748,37314.0
2021-06-25 14:44:23.753,38480.0
2021-06-25 14:44:23.758,37556.0
2021-06-25 14:44:23.763,39066.0
2021-06-25 14:44:23.768,37786.0
2021-06-25 14:44:23.773,39590.0
2021-06-25 14:44:23.778,37344.0
2021-06-25 14:44:23.783,34414.0
2021-06-25 14:44:23.788,34000.0
2021-06-25 14:44:23.793,34118.0
2021-06-25 14:44:23.798,36920.0
2021-06-25 14:44:23.804,37742.0
2021-06-25 14:44:23.808,36800.0
2021-06-25 14:44:23.813,38588.0
2021-06-25 14:44:23.818,30310.0
2021-06-25 14:44:23.823,31992.0
2021-06-25 14:44:23.828,32120.0
2021-06-25 14:44:23.833,33296.0
2021-06-25 14:44:23.838,31824.0
2021-06-25 14:44:23.843,32378.0
2021-06-25 14:44:23.848,30966.0
2021-06-25 14:44:23.853,30926.0
2021-06-25 14:44:23.858,31090.0
2021-06-25 14:44:23.863,31952.0
2021-06-25 14:44:23.868,30298.0
2021-06-25 14:44:23.873,31740.0
2021-06-25 14:44:23.878,31380.0
2021-06-25 14:44:23.883,32120.0
2021-06-25 14:44:23.889,30918.0
2021-06-25 14:44:23.893,34626.0
2021-06-25 14:44:23.898,37344.0
2021-06-25 14:44:23.903,38042.0
2021-06-25 14:44:23.908,37432.0
2021-06-25 14:44:23.913,35966.0
2021-06-25 14:44:23.918,37690.0
2021-06-25 14:44:23.923,37130.0
2021-06-25 14:44:23.928,37642.0
2021-06-25 14:44:23.933,36950.0
2021-06-25 14:44:23.938,35190.0
2021-06-25 14:44:23.943,33578.0
2021-06-25 14:44:23.948,36736.0
2021-06-25 14:44:23.953,36020.0
2021-06-25 14:44:23.958,36340.0
2021-06-25 14:44:23.963,36020.0
2021-06-25 14:44:23.968,35802.0
2021-06-25 14:44:23.973,30846.0
2021-06-25 14:44:23.978,32278.0
2021-06-25 14:44:23.983,33856.0
2021-06-25 14:44:23.988,29738.0
2021-06-25 14:44:23.993,32270.0
2021-06-25 14:44:23.998,31044.0
2021-06-25 14:44:24.003,28990.0
2021-06-25 14:44:24.008,30872.0
2021-06-25 14:44:24.013,29632.0
2021-06-25 14:44:24.018,30346.0
2021-06-25 14:44:24.023,31392.0
2021-06-25 14:44:24.028,29744.0
2021-06-25 14:44:24.033,31624.0
2021-06-25 14:44:24.038,38004.0
2021-06-25 14:44:24.043,34964.0
2021-06-25 14:44:24.048,36950.0
2021-06-25 14:44:24.053,37874.0
2021-06-25 14:44:24.058,36890.0
2021-06-25 14:44:24.063,37526.0
2021-06-25 14:44:24.068,36462.0
2021-06-25 14:44:24.073,38074.0
2021-06-25 14:44:24.078,37582.0
2021-06-25 14:44:24.083,38224.0
2021-06-25 14:44:24.088,36786.0
2021-06-25 14:44:24.093,34532.0
2021-06-25 14:44:24.098,36298.0
2021-06-25 14:44:24.103,34934.0
2021-06-25 14:44:24.108,37038.0
2021-06-25 14:44:24.113,35858.0
2021-06-25 14:44:24.118,31474.0
2021-06-25 14:44:24.123,31818.0
2021-06-25 14:44:24.128,33322.0
2021-06-25 14:44:24.133,30246.0
2021-06-25 14:44:24.138,32968.0
2021-06-25 14:44:24.143,32494.0
2021-06-25 14:44:24.148,30056.0
2021-06-25 14:44:24.153,29324.0
2021-06-25 14:44:24.158,30068.0
2021-06-25 14:44:24.163,30176.0
2021-06-25 14:44:24.168,30846.0
2021-06-25 14:44:24.173,30882.0
2021-06-25 14:44:24.178,35852.0
2021-06-25 14:44:24.183,37648.0
2021-06-25 14:44:24.188,37372.0
2021-06-25 14:44:24.193,34414.0
2021-06-25 14:44:24.198,35380.0
2021-06-25 14:44:24.203,36066.0
2021-06-25 14:44:24.208,36202.0
2021-06-25 14:44:24.213,36944.0
2021-06-25 14:44:24.218,38248.0
2021-06-25 14:44:24.223,38468.0
2021-06-25 14:44:24.228,36544.0
2021-06-25 14:44:24.233,37652.0
2021-06-25 14:44:24.238,37870.0
2021-06-25 14:44:24.243,36842.0
2021-06-25 14:44:24.248,36972.0
2021-06-25 14:44:24.253,36228.0
2021-06-25 14:44:24.258,31344.0
2021-06-25 14:44:24.263,31806.0
2021-06-25 14:44:24.268,33844.0
2021-06-25 14:44:24.273,33492.0
2021-06-25 14:44:24.278,31628.0
2021-06-25 14:44:24.283,34974.0
2021-06-25 14:44:24.288,33328.0
2021-06-25 14:44:24.293,31180.0
2021-06-25 14:44:24.298,31822.0
2021-06-25 14:44:24.303,32358.0
2021-06-25 14:44:24.308,32240.0
2021-06-25 14:44:24.313,32546.0
2021-06-25 14:44:24.318,33618.0
2021-06-25 14:44:24.323,37488.0
2021-06-25 14:44:24.328,38404.0
2021-06-25 14:44:24.333,37120.0
2021-06-25 14:44:24.338,38310.0
2021-06-25 14:44:24.343,33594.0
2021-06-25 14:44:24.348,34846.0
2021-06-25 14:44:24.353,37036.0
2021-06-25 14:44:24.359,35586.0
2021-06-25 14:44:24.363,36654.0
2021-06-25 14:44:24.368,37782.0
2021-06-25 14:44:24.373,37914.0
2021-06-25 14:44:24.378,37562.0
2021-06-25 14:44:24.383,38238.0
2021-06-25 14:44:24.388,38296.0
2021-06-25 14:44:24.393,37904.0
2021-06-25 14:44:24.398,29446.0
2021-06-25 14:44:24.403,32168.0
2021-06-25 14:44:24.408,31078.0
2021-06-25 14:44:24.413,33922.0
2021-06-25 14:44:24.418,29964.0
2021-06-25 14:44:24.423,32670.0
2021-06-25 14:44:24.428,31720.0
2021-06-25 14:44:24.433,31206.0
2021-06-25 14:44:24.438,31520.0
2021-06-25 14:44:24.444,32594.0
2021-06-25 14:44:24.448,30920.0
2021-06-25 14:44:24.453,31488.0
2021-06-25 14:44:24.458,31012.0
2021-06-25 14:44:24.463,36524.0
2021-06-25 14:44:24.468,37370.0
2021-06-25 14:44:24.473,38300.0
2021-06-25 14:44:24.478,36026.0
2021-06-25 14:44:24.483,36068.0
2021-06-25 14:44:24.488,36554.0
2021-06-25 14:44:24.493,32958.0
2021-06-25 14:44:24.498,33480.0
2021-06-25 14:44:24.503,35838.0
2021-06-25 14:44:24.508,35930.0
2021-06-25 14:44:24.513,36082.0
2021-06-25 14:44:24.518,36262.0
2021-06-25 14:44:24.523,36714.0
2021-06-25 14:44:24.529,35590.0
2021-06-25 14:44:24.533,37350.0
2021-06-25 14:44:24.538,35984.0
2021-06-25 14:44:24.543,30226.0
2021-06-25 14:44:24.548,30790.0
2021-06-25 14:44:24.553,33208.0
2021-06-25 14:44:24.558,29252.0
2021-06-25 14:44:24.563,36236.0
2021-06-25 14:44:24.568,35016.0
2021-06-25 14:44:24.573,32284.0
2021-06-25 14:44:24.578,32556.0
2021-06-25 14:44:24.583,31588.0
2021-06-25 14:44:24.588,31786.0
2021-06-25 14:44:24.593,31228.0
2021-06-25 14:44:24.598,32086.0
2021-06-25 14:44:24.603,36150.0
2021-06-25 14:44:24.608,36638.0
2021-06-25 14:44:24.613,35442.0
2021-06-25 14:44:24.618,35750.0
2021-06-25 14:44:24.623,36544.0
2021-06-25 14:44:24.628,39028.0
2021-06-25 14:44:24.633,36642.0
2021-06-25 14:44:24.638,37226.0
2021-06-25 14:44:24.643,35400.0
2021-06-25 14:44:24.648,37628.0
2021-06-25 14:44:24.653,37002.0
2021-06-25 14:44:24.658,36462.0
2021-06-25 14:44:24.663,38002.0
2021-06-25 14:44:24.668,38048.0
2021-06-25 14:44:24.673,36704.0
2021-06-25 14:44:24.678,38468.0
2021-06-25 14:44:24.683,31930.0
2021-06-25 14:44:24.688,30124.0
2021-06-25 14:44:24.693,29652.0
2021-06-25 14:44:24.698,29848.0
2021-06-25 14:44:24.703,31124.0
2021-06-25 14:44:24.708,34426.0
2021-06-25 14:44:24.713,32362.0
2021-06-25 14:44:24.718,31494.0
2021-06-25 14:44:24.723,29354.0
2021-06-25 14:44:24.728,31366.0
2021-06-25 14:44:24.733,30924.0
2021-06-25 14:44:24.738,31772.0
2021-06-25 14:44:24.743,30746.0
2021-06-25 14:44:24.748,36078.0
2021-06-25 14:44:24.761,38454.0
2021-06-25 14:44:24.762,36114.0
2021-06-25 14:44:24.764,37346.0
2021-06-25 14:44:24.768,38050.0
2021-06-25 14:44:24.773,37298.0
2021-06-25 14:44:24.778,37920.0
2021-06-25 14:44:24.783,37116.0
2021-06-25 14:44:24.788,38566.0
2021-06-25 14:44:24.793,36800.0
2021-06-25 14:44:24.798,36618.0
2021-06-25 14:44:24.803,37916.0
2021-06-25 14:44:24.808,37130.0
2021-06-25 14:44:24.813,36890.0
2021-06-25 14:44:24.818,38766.0
2021-06-25 14:44:24.823,35924.0
2021-06-25 14:44:24.828,33630.0
2021-06-25 14:44:24.833,33028.0
2021-06-25 14:44:24.838,35016.0
2021-06-25 14:44:24.843,30756.0
2021-06-25 14:44:24.848,35524.0
2021-06-25 14:44:24.853,32572.0
2021-06-25 14:44:24.858,30964.0
2021-06-25 14:44:24.863,31782.0
2021-06-25 14:44:24.868,31870.0
2021-06-25 14:44:24.873,31762.0
2021-06-25 14:44:24.878,30924.0
2021-06-25 14:44:24.883,31742.0
2021-06-25 14:44:24.888,38742.0
2021-06-25 14:44:24.893,33312.0
2021-06-25 14:44:24.898,35468.0
2021-06-25 14:44:24.903,35966.0
2021-06-25 14:44:24.908,36560.0
2021-06-25 14:44:24.913,35014.0
2021-06-25 14:44:24.918,36904.0
2021-06-25 14:44:24.923,37480.0
2021-06-25 14:44:24.928,35350.0
2021-06-25 14:44:24.933,35168.0
2021-06-25 14:44:24.938,37428.0
2021-06-25 14:44:24.943,33346.0
2021-06-25 14:44:24.948,36146.0
2021-06-25 14:44:24.953,36556.0
2021-06-25 14:44:24.958,35646.0
2021-06-25 14:44:24.963,31280.0
2021-06-25 14:44:24.968,30282.0
2021-06-25 14:44:24.973,32196.0
2021-06-25 14:44:24.978,34738.0
2021-06-25 14:44:24.983,29548.0
2021-06-25 14:44:24.988,33158.0
2021-06-25 14:44:24.993,30308.0
2021-06-25 14:44:24.999,32394.0
2021-06-25 14:44:25.003,30766.0
2021-06-25 14:44:25.008,31654.0
2021-06-25 14:44:25.013,29600.0
2021-06-25 14:44:25.018,31998.0
2021-06-25 14:44:25.023,31878.0
2021-06-25 14:44:25.028,36160.0
2021-06-25 14:44:25.033,36258.0
2021-06-25 14:44:25.038,37570.0
2021-06-25 14:44:25.043,37238.0
2021-06-25 14:44:25.048,37280.0
2021-06-25 14:44:25.053,37670.0
2021-06-25 14:44:25.058,36586.0
2021-06-25 14:44:25.063,37212.0
2021-06-25 14:44:25.068,37206.0
2021-06-25 14:44:25.073,37632.0
2021-06-25 14:44:25.078,37150.0
2021-06-25 14:44:25.084,38258.0
2021-06-25 14:44:25.088,38772.0
2021-06-25 14:44:25.093,36146.0
2021-06-25 14:44:25.098,37770.0
2021-06-25 14:44:25.103,36088.0
2021-06-25 14:44:25.108,35652.0
2021-06-25 14:44:25.113,29396.0
2021-06-25 14:44:25.118,31012.0
2021-06-25 14:44:25.123,30304.0
2021-06-25 14:44:25.128,32222.0
2021-06-25 14:44:25.133,30376.0
2021-06-25 14:44:25.138,36186.0
2021-06-25 14:44:25.143,32368.0
2021-06-25 14:44:25.148,31860.0
2021-06-25 14:44:25.153,33106.0
2021-06-25 14:44:25.158,32212.0
2021-06-25 14:44:25.163,30910.0
2021-06-25 14:44:25.169,32542.0
2021-06-25 14:44:25.173,32864.0
2021-06-25 14:44:25.178,36052.0
2021-06-25 14:44:25.183,36530.0
2021-06-25 14:44:25.188,37238.0
2021-06-25 14:44:25.193,36282.0
2021-06-25 14:44:25.198,37334.0
2021-06-25 14:44:25.203,36026.0
2021-06-25 14:44:25.208,36124.0
2021-06-25 14:44:25.213,37206.0
2021-06-25 14:44:25.218,38232.0
2021-06-25 14:44:25.223,40214.0
2021-06-25 14:44:25.228,38982.0
2021-06-25 14:44:25.233,37706.0
2021-06-25 14:44:25.238,37388.0
2021-06-25 14:44:25.243,37556.0
2021-06-25 14:44:25.248,37386.0
2021-06-25 14:44:25.253,31868.0
2021-06-25 14:44:25.258,31258.0
2021-06-25 14:44:25.263,30544.0
2021-06-25 14:44:25.268,32188.0
2021-06-25 14:44:25.273,31398.0
2021-06-25 14:44:25.278,29396.0
2021-06-25 14:44:25.283,29794.0
2021-06-25 14:44:25.288,31592.0
2021-06-25 14:44:25.293,31760.0
2021-06-25 14:44:25.298,30216.0
2021-06-25 14:44:25.303,28414.0
2021-06-25 14:44:25.308,32356.0
2021-06-25 14:44:25.313,30920.0
2021-06-25 14:44:25.318,29784.0
2021-06-25 14:44:25.323,35230.0
2021-06-25 14:44:25.328,38050.0
2021-06-25 14:44:25.333,38032.0
2021-06-25 14:44:25.338,38982.0
2021-06-25 14:44:25.343,38126.0
2021-06-25 14:44:25.348,32034.0
2021-06-25 14:44:25.353,33870.0
2021-06-25 14:44:25.358,36772.0
2021-06-25 14:44:25.363,35948.0
2021-06-25 14:44:25.368,37408.0
2021-06-25 14:44:25.373,34734.0
2021-06-25 14:44:25.378,35492.0
2021-06-25 14:44:25.383,33968.0
2021-06-25 14:44:25.388,37062.0
2021-06-25 14:44:25.393,38162.0
2021-06-25 14:44:25.398,36690.0
2021-06-25 14:44:25.403,29250.0
2021-06-25 14:44:25.408,29764.0
2021-06-25 14:44:25.413,29924.0
2021-06-25 14:44:25.418,33070.0
2021-06-25 14:44:25.423,30946.0
2021-06-25 14:44:25.428,33938.0
2021-06-25 14:44:25.433,29856.0
2021-06-25 14:44:25.438,31376.0
2021-06-25 14:44:25.443,33400.0
2021-06-25 14:44:25.448,31002.0
2021-06-25 14:44:25.453,31298.0
2021-06-25 14:44:25.458,29478.0
2021-06-25 14:44:25.463,37300.0
2021-06-25 14:44:25.468,37300.0
2021-06-25 14:44:25.473,37506.0
2021-06-25 14:44:25.478,35976.0
2021-06-25 14:44:25.483,34292.0
2021-06-25 14:44:25.488,36088.0
2021-06-25 14:44:25.493,34744.0
2021-06-25 14:44:25.498,37870.0
2021-06-25 14:44:25.503,37336.0
2021-06-25 14:44:25.508,34908.0
2021-06-25 14:44:25.513,37680.0
2021-06-25 14:44:25.518,35558.0
2021-06-25 14:44:25.523,37452.0
2021-06-25 14:44:25.528,35722.0
2021-06-25 14:44:25.533,35858.0
2021-06-25 14:44:25.538,35538.0
2021-06-25 14:44:25.543,30698.0
2021-06-25 14:44:25.548,31190.0
2021-06-25 14:44:25.553,31544.0
2021-06-25 14:44:25.558,29640.0
2021-06-25 14:44:25.563,33936.0
2021-06-25 14:44:25.568,29728.0
2021-06-25 14:44:25.573,31074.0
2021-06-25 14:44:25.578,32972.0
2021-06-25 14:44:25.583,31808.0
2021-06-25 14:44:25.588,32696.0
2021-06-25 14:44:25.593,30678.0
2021-06-25 14:44:25.598,29648.0
2021-06-25 14:44:25.603,35348.0
2021-06-25 14:44:25.608,37464.0
2021-06-25 14:44:25.613,37730.0
2021-06-25 14:44:25.618,35350.0
2021-06-25 14:44:25.623,37688.0
2021-06-25 14:44:25.628,38480.0
2021-06-25 14:44:25.633,36828.0
2021-06-25 14:44:25.639,37998.0
2021-06-25 14:44:25.643,37598.0
2021-06-25 14:44:25.648,33152.0
2021-06-25 14:44:25.653,36190.0
2021-06-25 14:44:25.658,36504.0
2021-06-25 14:44:25.663,37370.0
2021-06-25 14:44:25.668,37842.0
2021-06-25 14:44:25.673,36772.0
2021-06-25 14:44:25.678,31894.0
2021-06-25 14:44:25.683,34564.0
2021-06-25 14:44:25.688,31366.0
2021-06-25 14:44:25.693,31520.0
2021-06-25 14:44:25.698,30302.0
2021-06-25 14:44:25.703,32628.0
2021-06-25 14:44:25.708,29898.0
2021-06-25 14:44:25.713,31462.0
2021-06-25 14:44:25.718,30682.0
2021-06-25 14:44:25.724,31176.0
2021-06-25 14:44:25.728,31818.0
2021-06-25 14:44:25.733,30986.0
2021-06-25 14:44:25.738,32438.0
2021-06-25 14:44:25.743,37126.0
2021-06-25 14:44:25.748,35412.0
2021-06-25 14:44:25.753,37274.0
2021-06-25 14:44:25.758,37270.0
2021-06-25 14:44:25.763,37678.0
2021-06-25 14:44:25.768,37022.0
2021-06-25 14:44:25.773,37270.0
2021-06-25 14:44:25.778,35442.0
2021-06-25 14:44:25.783,37360.0
2021-06-25 14:44:25.788,36806.0
2021-06-25 14:44:25.793,34406.0
2021-06-25 14:44:25.798,36288.0
2021-06-25 14:44:25.803,34312.0
2021-06-25 14:44:25.809,37868.0
2021-06-25 14:44:25.813,37098.0
2021-06-25 14:44:25.818,30520.0
2021-06-25 14:44:25.823,31852.0
2021-06-25 14:44:25.828,31154.0
2021-06-25 14:44:25.833,33002.0
2021-06-25 14:44:25.838,33690.0
2021-06-25 14:44:25.843,31432.0
2021-06-25 14:44:25.848,30160.0
2021-06-25 14:44:25.853,31634.0
2021-06-25 14:44:25.858,31016.0
2021-06-25 14:44:25.863,29570.0
2021-06-25 14:44:25.868,33240.0
2021-06-25 14:44:25.873,30674.0
2021-06-25 14:44:25.878,38938.0
2021-06-25 14:44:25.883,39912.0
2021-06-25 14:44:25.888,36894.0
2021-06-25 14:44:25.893,33790.0
2021-06-25 14:44:25.898,37714.0
2021-06-25 14:44:25.903,34456.0
2021-06-25 14:44:25.908,34620.0
2021-06-25 14:44:25.913,36438.0
2021-06-25 14:44:25.918,37006.0
2021-06-25 14:44:25.923,35370.0
2021-06-25 14:44:25.928,35606.0
2021-06-25 14:44:25.933,35632.0
2021-06-25 14:44:25.938,36002.0
2021-06-25 14:44:25.943,37052.0
2021-06-25 14:44:25.948,37660.0
2021-06-25 14:44:25.953,30432.0
2021-06-25 14:44:25.958,31734.0
2021-06-25 14:44:25.963,31730.0
2021-06-25 14:44:25.968,33250.0
2021-06-25 14:44:25.973,31616.0
2021-06-25 14:44:25.978,32468.0
2021-06-25 14:44:25.983,30610.0
2021-06-25 14:44:25.988,30534.0
2021-06-25 14:44:25.993,29096.0
2021-06-25 14:44:25.998,29200.0
2021-06-25 14:44:26.003,28364.0
2021-06-25 14:44:26.008,28552.0
2021-06-25 14:44:26.013,26506.0
2021-06-25 14:44:26.018,34532.0
2021-06-25 14:44:26.023,34590.0
2021-06-25 14:44:26.028,34018.0
2021-06-25 14:44:26.033,35482.0
2021-06-25 14:44:26.038,32576.0
2021-06-25 14:44:26.043,34892.0
2021-06-25 14:44:26.048,32550.0
2021-06-25 14:44:26.053,31588.0
2021-06-25 14:44:26.058,35220.0
2021-06-25 14:44:26.063,35236.0
2021-06-25 14:44:26.068,34594.0
2021-06-25 14:44:26.073,34244.0
2021-06-25 14:44:26.078,36026.0
2021-06-25 14:44:26.083,34958.0
2021-06-25 14:44:26.088,36248.0
2021-06-25 14:44:26.093,29004.0
2021-06-25 14:44:26.098,28460.0
2021-06-25 14:44:26.103,28988.0
2021-06-25 14:44:26.108,28732.0
2021-06-25 14:44:26.113,28676.0
2021-06-25 14:44:26.118,32674.0
2021-06-25 14:44:26.123,28646.0
2021-06-25 14:44:26.128,27692.0
2021-06-25 14:44:26.133,27034.0
2021-06-25 14:44:26.138,28200.0
2021-06-25 14:44:26.143,30586.0
2021-06-25 14:44:26.148,27846.0
2021-06-25 14:44:26.153,29206.0
2021-06-25 14:44:26.158,34234.0
2021-06-25 14:44:26.163,35616.0
2021-06-25 14:44:26.168,34620.0
2021-06-25 14:44:26.173,36020.0
2021-06-25 14:44:26.178,36672.0
2021-06-25 14:44:26.183,35158.0
2021-06-25 14:44:26.188,36032.0
2021-06-25 14:44:26.193,36206.0
2021-06-25 14:44:26.198,36898.0
2021-06-25 14:44:26.203,32732.0
2021-06-25 14:44:26.208,34394.0
2021-06-25 14:44:26.213,36366.0
2021-06-25 14:44:26.218,34624.0
2021-06-25 14:44:26.223,35948.0
2021-06-25 14:44:26.228,39076.0
2021-06-25 14:44:26.233,32008.0
2021-06-25 14:44:26.238,33400.0
2021-06-25 14:44:26.243,33670.0
2021-06-25 14:44:26.248,35354.0
2021-06-25 14:44:26.253,33328.0
2021-06-25 14:44:26.258,32952.0
2021-06-25 14:44:26.263,33722.0
2021-06-25 14:44:26.268,33024.0
2021-06-25 14:44:26.273,32834.0
2021-06-25 14:44:26.279,34806.0
2021-06-25 14:44:26.283,33948.0
2021-06-25 14:44:26.288,33628.0
2021-06-25 14:44:26.293,32742.0
2021-06-25 14:44:26.298,40476.0
2021-06-25 14:44:26.303,38948.0
2021-06-25 14:44:26.308,37940.0
2021-06-25 14:44:26.313,39106.0
2021-06-25 14:44:26.318,37238.0
2021-06-25 14:44:26.323,36146.0
2021-06-25 14:44:26.328,37252.0
2021-06-25 14:44:26.333,38394.0
2021-06-25 14:44:26.338,36884.0
2021-06-25 14:44:26.343,39404.0
2021-06-25 14:44:26.348,38702.0
2021-06-25 14:44:26.353,33634.0
2021-06-25 14:44:26.358,37478.0
2021-06-25 14:44:26.364,36418.0
2021-06-25 14:44:26.368,37880.0
2021-06-25 14:44:26.373,37788.0
2021-06-25 14:44:26.378,32598.0
2021-06-25 14:44:26.383,33284.0
2021-06-25 14:44:26.388,33368.0
2021-06-25 14:44:26.393,33256.0
2021-06-25 14:44:26.398,31386.0
2021-06-25 14:44:26.403,33788.0
2021-06-25 14:44:26.408,30140.0
2021-06-25 14:44:26.413,32552.0
2021-06-25 14:44:26.418,29754.0
2021-06-25 14:44:26.423,32424.0
2021-06-25 14:44:26.428,32758.0
2021-06-25 14:44:26.433,32562.0
2021-06-25 14:44:26.438,33086.0
2021-06-25 14:44:26.443,36196.0
2021-06-25 14:44:26.449,37732.0
2021-06-25 14:44:26.453,37634.0
2021-06-25 14:44:26.458,37850.0
2021-06-25 14:44:26.463,35648.0
2021-06-25 14:44:26.468,37530.0
2021-06-25 14:44:26.473,37624.0
2021-06-25 14:44:26.478,36410.0
2021-06-25 14:44:26.483,37172.0
2021-06-25 14:44:26.488,37216.0
2021-06-25 14:44:26.493,37290.0
2021-06-25 14:44:26.498,35702.0
2021-06-25 14:44:26.503,37212.0
2021-06-25 14:44:26.508,35878.0
2021-06-25 14:44:26.513,34774.0
2021-06-25 14:44:26.518,36366.0
2021-06-25 14:44:26.523,36918.0
2021-06-25 14:44:26.528,30226.0
2021-06-25 14:44:26.533,31310.0
2021-06-25 14:44:26.538,34878.0
2021-06-25 14:44:26.543,30448.0
2021-06-25 14:44:26.548,31294.0
2021-06-25 14:44:26.553,35046.0
2021-06-25 14:44:26.558,31894.0
2021-06-25 14:44:26.563,31616.0
2021-06-25 14:44:26.568,31834.0
2021-06-25 14:44:26.573,32440.0
2021-06-25 14:44:26.578,34488.0
2021-06-25 14:44:26.583,31910.0
2021-06-25 14:44:26.588,32132.0
2021-06-25 14:44:26.593,38542.0
2021-06-25 14:44:26.598,37346.0
2021-06-25 14:44:26.603,36730.0
2021-06-25 14:44:26.608,34112.0
2021-06-25 14:44:26.613,37278.0
2021-06-25 14:44:26.618,36740.0
2021-06-25 14:44:26.623,36926.0
2021-06-25 14:44:26.628,36822.0
2021-06-25 14:44:26.633,38346.0
2021-06-25 14:44:26.638,38824.0
2021-06-25 14:44:26.643,37732.0
2021-06-25 14:44:26.648,36484.0
2021-06-25 14:44:26.653,38556.0
2021-06-25 14:44:26.658,35820.0
2021-06-25 14:44:26.663,35586.0
2021-06-25 14:44:26.668,32232.0
2021-06-25 14:44:26.673,31118.0
2021-06-25 14:44:26.678,33582.0
2021-06-25 14:44:26.683,31068.0
2021-06-25 14:44:26.688,32306.0
2021-06-25 14:44:26.693,34542.0
2021-06-25 14:44:26.698,31524.0
2021-06-25 14:44:26.703,31352.0
2021-06-25 14:44:26.708,30972.0
2021-06-25 14:44:26.713,28870.0
2021-06-25 14:44:26.718,31054.0
2021-06-25 14:44:26.723,31580.0
2021-06-25 14:44:26.728,35816.0
2021-06-25 14:44:26.733,35440.0
2021-06-25 14:44:26.738,36118.0
2021-06-25 14:44:26.743,35328.0
2021-06-25 14:44:26.748,36082.0
2021-06-25 14:44:26.753,31612.0
2021-06-25 14:44:26.758,34912.0
2021-06-25 14:44:26.763,35918.0
2021-06-25 14:44:26.768,36520.0
2021-06-25 14:44:26.773,35422.0
2021-06-25 14:44:26.778,35298.0
2021-06-25 14:44:26.783,36530.0
2021-06-25 14:44:26.788,36442.0
2021-06-25 14:44:26.793,34794.0
2021-06-25 14:44:26.798,36114.0
2021-06-25 14:44:26.803,37392.0
2021-06-25 14:44:26.808,36210.0
2021-06-25 14:44:26.813,34744.0
2021-06-25 14:44:26.818,31402.0
2021-06-25 14:44:26.823,30278.0
2021-06-25 14:44:26.828,32024.0
2021-06-25 14:44:26.833,29646.0
2021-06-25 14:44:26.838,34570.0
2021-06-25 14:44:26.843,31942.0
2021-06-25 14:44:26.848,30550.0
2021-06-25 14:44:26.853,31080.0
2021-06-25 14:44:26.858,31288.0
2021-06-25 14:44:26.863,31228.0
2021-06-25 14:44:26.868,29616.0
2021-06-25 14:44:26.873,31294.0
2021-06-25 14:44:26.878,36130.0
2021-06-25 14:44:26.883,37314.0
2021-06-25 14:44:26.888,35986.0
2021-06-25 14:44:26.893,36554.0
2021-06-25 14:44:26.898,35586.0
2021-06-25 14:44:26.903,33972.0
2021-06-25 14:44:26.908,34204.0
2021-06-25 14:44:26.913,35892.0
2021-06-25 14:44:26.919,36364.0
2021-06-25 14:44:26.923,39132.0
2021-06-25 14:44:26.928,35312.0
2021-06-25 14:44:26.933,36936.0
2021-06-25 14:44:26.938,36720.0
2021-06-25 14:44:26.943,37386.0
2021-06-25 14:44:26.948,38042.0
2021-06-25 14:44:26.953,31136.0
2021-06-25 14:44:26.958,31622.0
2021-06-25 14:44:26.963,31110.0
2021-06-25 14:44:26.968,33076.0
2021-06-25 14:44:26.973,31444.0
2021-06-25 14:44:26.978,34188.0
2021-06-25 14:44:26.983,29504.0
2021-06-25 14:44:26.988,31670.0
2021-06-25 14:44:26.993,30904.0
2021-06-25 14:44:26.998,30596.0
2021-06-25 14:44:27.004,30134.0
2021-06-25 14:44:27.008,31684.0
2021-06-25 14:44:27.013,31108.0
2021-06-25 14:44:27.018,37612.0
2021-06-25 14:44:27.023,38342.0
2021-06-25 14:44:27.028,36730.0
2021-06-25 14:44:27.033,38730.0
2021-06-25 14:44:27.038,37388.0
2021-06-25 14:44:27.043,38362.0
2021-06-25 14:44:27.048,39384.0
2021-06-25 14:44:27.053,37134.0
2021-06-25 14:44:27.058,36754.0
2021-06-25 14:44:27.063,35938.0
2021-06-25 14:44:27.068,37786.0
2021-06-25 14:44:27.073,38024.0
2021-06-25 14:44:27.078,38304.0
2021-06-25 14:44:27.083,37418.0
2021-06-25 14:44:27.089,33620.0
2021-06-25 14:44:27.093,32612.0
2021-06-25 14:44:27.098,32204.0
2021-06-25 14:44:27.103,31426.0
2021-06-25 14:44:27.108,31232.0
2021-06-25 14:44:27.113,31988.0
2021-06-25 14:44:27.118,35966.0
2021-06-25 14:44:27.123,32690.0
2021-06-25 14:44:27.128,32254.0
2021-06-25 14:44:27.133,31678.0
2021-06-25 14:44:27.138,31838.0
2021-06-25 14:44:27.143,30468.0
2021-06-25 14:44:27.148,33474.0
2021-06-25 14:44:27.153,30770.0
2021-06-25 14:44:27.158,33270.0
2021-06-25 14:44:27.163,35956.0
2021-06-25 14:44:27.168,37344.0
2021-06-25 14:44:27.173,37078.0
2021-06-25 14:44:27.178,37078.0
2021-06-25 14:44:27.183,36618.0
2021-06-25 14:44:27.188,36534.0
2021-06-25 14:44:27.193,34558.0
2021-06-25 14:44:27.198,35862.0
2021-06-25 14:44:27.203,33374.0
2021-06-25 14:44:27.208,34102.0
2021-06-25 14:44:27.213,32814.0
2021-06-25 14:44:27.218,32648.0
2021-06-25 14:44:27.223,34044.0
2021-06-25 14:44:27.228,34488.0
2021-06-25 14:44:27.233,34752.0
2021-06-25 14:44:27.246,34040.0
2021-06-25 14:44:27.248,28958.0
2021-06-25 14:44:27.249,28934.0
2021-06-25 14:44:27.253,29920.0
2021-06-25 14:44:27.258,29682.0
2021-06-25 14:44:27.263,29918.0
2021-06-25 14:44:27.268,30392.0
2021-06-25 14:44:27.273,27248.0
2021-06-25 14:44:27.278,29328.0
2021-06-25 14:44:27.283,30392.0
2021-06-25 14:44:27.288,27726.0
2021-06-25 14:44:27.293,27440.0
2021-06-25 14:44:27.298,28642.0
2021-06-25 14:44:27.303,31104.0
2021-06-25 14:44:27.308,29206.0
2021-06-25 14:44:27.313,28902.0
2021-06-25 14:44:27.318,35004.0
2021-06-25 14:44:27.323,34876.0
2021-06-25 14:44:27.328,33774.0
2021-06-25 14:44:27.333,35452.0
2021-06-25 14:44:27.338,35728.0
2021-06-25 14:44:27.343,35076.0
2021-06-25 14:44:27.348,33034.0
2021-06-25 14:44:27.353,33568.0
2021-06-25 14:44:27.358,30740.0
2021-06-25 14:44:27.363,32050.0
2021-06-25 14:44:27.368,33558.0
2021-06-25 14:44:27.373,35436.0
2021-06-25 14:44:27.378,35984.0
2021-06-25 14:44:27.383,35078.0
2021-06-25 14:44:27.388,37160.0
2021-06-25 14:44:27.393,34512.0
2021-06-25 14:44:27.398,35514.0
2021-06-25 14:44:27.403,29740.0
2021-06-25 14:44:27.408,28372.0
2021-06-25 14:44:27.413,27962.0
2021-06-25 14:44:27.418,30582.0
2021-06-25 14:44:27.423,31858.0
2021-06-25 14:44:27.428,35802.0
2021-06-25 14:44:27.433,32366.0
2021-06-25 14:44:27.438,31710.0
2021-06-25 14:44:27.443,31198.0
2021-06-25 14:44:27.448,34860.0
2021-06-25 14:44:27.453,32156.0
2021-06-25 14:44:27.458,32958.0
2021-06-25 14:44:27.463,39010.0
2021-06-25 14:44:27.468,40180.0
2021-06-25 14:44:27.473,38566.0
2021-06-25 14:44:27.478,40446.0
2021-06-25 14:44:27.483,40050.0
2021-06-25 14:44:27.488,40200.0
2021-06-25 14:44:27.493,39296.0
2021-06-25 14:44:27.498,40462.0
2021-06-25 14:44:27.503,39436.0
2021-06-25 14:44:27.508,38910.0
2021-06-25 14:44:27.513,39640.0
2021-06-25 14:44:27.518,39506.0
2021-06-25 14:44:27.523,38412.0
2021-06-25 14:44:27.528,38568.0
2021-06-25 14:44:27.533,38778.0
2021-06-25 14:44:27.538,31822.0
2021-06-25 14:44:27.543,32304.0
2021-06-25 14:44:27.548,34198.0
2021-06-25 14:44:27.553,35678.0
2021-06-25 14:44:27.559,33192.0
2021-06-25 14:44:27.563,36566.0
2021-06-25 14:44:27.568,32270.0
2021-06-25 14:44:27.573,33064.0
2021-06-25 14:44:27.578,33352.0
2021-06-25 14:44:27.583,33980.0
2021-06-25 14:44:27.588,33454.0
2021-06-25 14:44:27.593,31360.0
2021-06-25 14:44:27.598,30832.0
2021-06-25 14:44:27.603,34912.0
2021-06-25 14:44:27.608,35940.0
2021-06-25 14:44:27.613,34472.0
2021-06-25 14:44:27.618,33754.0
2021-06-25 14:44:27.623,34672.0
2021-06-25 14:44:27.628,33538.0
2021-06-25 14:44:27.633,34728.0
2021-06-25 14:44:27.638,34678.0
2021-06-25 14:44:27.644,35350.0
2021-06-25 14:44:27.648,35538.0
2021-06-25 14:44:27.653,34882.0
2021-06-25 14:44:27.658,32300.0
2021-06-25 14:44:27.663,33782.0
2021-06-25 14:44:27.668,35780.0
2021-06-25 14:44:27.673,34810.0
2021-06-25 14:44:27.678,27700.0
2021-06-25 14:44:27.683,29730.0
2021-06-25 14:44:27.688,30530.0
2021-06-25 14:44:27.693,31658.0
2021-06-25 14:44:27.698,30692.0
2021-06-25 14:44:27.703,28312.0
2021-06-25 14:44:27.708,28630.0
2021-06-25 14:44:27.713,27054.0
2021-06-25 14:44:27.718,28486.0
2021-06-25 14:44:27.723,27056.0
2021-06-25 14:44:27.729,30724.0
2021-06-25 14:44:27.733,27808.0
2021-06-25 14:44:27.738,30242.0
2021-06-25 14:44:27.743,35740.0
2021-06-25 14:44:27.748,35374.0
2021-06-25 14:44:27.753,35026.0
2021-06-25 14:44:27.758,34168.0
2021-06-25 14:44:27.763,33130.0
2021-06-25 14:44:27.768,34824.0
2021-06-25 14:44:27.773,34764.0
2021-06-25 14:44:27.778,35430.0
2021-06-25 14:44:27.783,34790.0
2021-06-25 14:44:27.788,35758.0
2021-06-25 14:44:27.793,35446.0
2021-06-25 14:44:27.798,35596.0
2021-06-25 14:44:27.803,33710.0
2021-06-25 14:44:27.808,32208.0
2021-06-25 14:44:27.813,33592.0
2021-06-25 14:44:27.818,35620.0
2021-06-25 14:44:27.823,28138.0
2021-06-25 14:44:27.828,27774.0
2021-06-25 14:44:27.833,30980.0
2021-06-25 14:44:27.838,33054.0
2021-06-25 14:44:27.843,33634.0
2021-06-25 14:44:27.848,36986.0
2021-06-25 14:44:27.853,33546.0
2021-06-25 14:44:27.858,31166.0
2021-06-25 14:44:27.863,31916.0
2021-06-25 14:44:27.868,33084.0
2021-06-25 14:44:27.873,32592.0
2021-06-25 14:44:27.878,32808.0
2021-06-25 14:44:27.883,32860.0
2021-06-25 14:44:27.888,39908.0
2021-06-25 14:44:27.893,41278.0
2021-06-25 14:44:27.898,38716.0
2021-06-25 14:44:27.903,41292.0
2021-06-25 14:44:27.908,37720.0
2021-06-25 14:44:27.913,36000.0
2021-06-25 14:44:27.918,38470.0
2021-06-25 14:44:27.923,37960.0
2021-06-25 14:44:27.928,36966.0
2021-06-25 14:44:27.933,39302.0
2021-06-25 14:44:27.938,38916.0
2021-06-25 14:44:27.943,39840.0
2021-06-25 14:44:27.948,38716.0
2021-06-25 14:44:27.953,40620.0
2021-06-25 14:44:27.958,39574.0
2021-06-25 14:44:27.963,37498.0
2021-06-25 14:44:27.968,33710.0
2021-06-25 14:44:27.973,32240.0
2021-06-25 14:44:27.978,32870.0
2021-06-25 14:44:27.983,34436.0
2021-06-25 14:44:27.988,33400.0
2021-06-25 14:44:27.993,32838.0
2021-06-25 14:44:27.998,31196.0
2021-06-25 14:44:28.003,32676.0
2021-06-25 14:44:28.008,32270.0
2021-06-25 14:44:28.013,32120.0
2021-06-25 14:44:28.018,29698.0
2021-06-25 14:44:28.023,31736.0
2021-06-25 14:44:28.028,31206.0
2021-06-25 14:44:28.033,36730.0
2021-06-25 14:44:28.038,36166.0
2021-06-25 14:44:28.043,36750.0
2021-06-25 14:44:28.048,36284.0
2021-06-25 14:44:28.053,38650.0
2021-06-25 14:44:28.058,37134.0
2021-06-25 14:44:28.063,38696.0
2021-06-25 14:44:28.068,36962.0
2021-06-25 14:44:28.073,38196.0
2021-06-25 14:44:28.078,36504.0
2021-06-25 14:44:28.083,37844.0
2021-06-25 14:44:28.088,37278.0
2021-06-25 14:44:28.093,38330.0
2021-06-25 14:44:28.098,37880.0
2021-06-25 14:44:28.103,35776.0
2021-06-25 14:44:28.108,36940.0
2021-06-25 14:44:28.113,31786.0
2021-06-25 14:44:28.118,30452.0
2021-06-25 14:44:28.123,29476.0
2021-06-25 14:44:28.128,32234.0
2021-06-25 14:44:28.133,32876.0
2021-06-25 14:44:28.138,33358.0
2021-06-25 14:44:28.143,32424.0
2021-06-25 14:44:28.148,29196.0
2021-06-25 14:44:28.153,31182.0
2021-06-25 14:44:28.158,29908.0
2021-06-25 14:44:28.163,30048.0
2021-06-25 14:44:28.168,31114.0
2021-06-25 14:44:28.173,30184.0
2021-06-25 14:44:28.178,37190.0
2021-06-25 14:44:28.183,37812.0
2021-06-25 14:44:28.188,36102.0
2021-06-25 14:44:28.193,37288.0
2021-06-25 14:44:28.199,38068.0
2021-06-25 14:44:28.203,37680.0
2021-06-25 14:44:28.208,36256.0
2021-06-25 14:44:28.213,34188.0
2021-06-25 14:44:28.218,35652.0
2021-06-25 14:44:28.223,36072.0
2021-06-25 14:44:28.228,37612.0
2021-06-25 14:44:28.233,37022.0
2021-06-25 14:44:28.238,37890.0
2021-06-25 14:44:28.243,36828.0
2021-06-25 14:44:28.248,37264.0
2021-06-25 14:44:28.253,34076.0
2021-06-25 14:44:28.258,31488.0
2021-06-25 14:44:28.263,30986.0
2021-06-25 14:44:28.268,32840.0
2021-06-25 14:44:28.273,30212.0
2021-06-25 14:44:28.278,31162.0
2021-06-25 14:44:28.284,31426.0
2021-06-25 14:44:28.288,31598.0
2021-06-25 14:44:28.293,30924.0
2021-06-25 14:44:28.298,31336.0
2021-06-25 14:44:28.303,32772.0
2021-06-25 14:44:28.308,32440.0
2021-06-25 14:44:28.313,31998.0
2021-06-25 14:44:28.318,37906.0
2021-06-25 14:44:28.323,37884.0
2021-06-25 14:44:28.328,36406.0
2021-06-25 14:44:28.333,37740.0
2021-06-25 14:44:28.338,38228.0
2021-06-25 14:44:28.343,36426.0
2021-06-25 14:44:28.348,37766.0
2021-06-25 14:44:28.353,36894.0
2021-06-25 14:44:28.358,37628.0
2021-06-25 14:44:28.363,35318.0
2021-06-25 14:44:28.369,36908.0
2021-06-25 14:44:28.373,38392.0
2021-06-25 14:44:28.378,36166.0
2021-06-25 14:44:28.383,38064.0
2021-06-25 14:44:28.388,37062.0
2021-06-25 14:44:28.393,35960.0
2021-06-25 14:44:28.398,30196.0
2021-06-25 14:44:28.403,31668.0
2021-06-25 14:44:28.408,33450.0
2021-06-25 14:44:28.413,31370.0
2021-06-25 14:44:28.418,33592.0
2021-06-25 14:44:28.423,30150.0
2021-06-25 14:44:28.428,32132.0
2021-06-25 14:44:28.433,32588.0
2021-06-25 14:44:28.438,33856.0
2021-06-25 14:44:28.443,31396.0
2021-06-25 14:44:28.448,33274.0
2021-06-25 14:44:28.453,32828.0
2021-06-25 14:44:28.458,37360.0
2021-06-25 14:44:28.463,35838.0
2021-06-25 14:44:28.468,36510.0
2021-06-25 14:44:28.473,37170.0
2021-06-25 14:44:28.478,38362.0
2021-06-25 14:44:28.483,37180.0
2021-06-25 14:44:28.488,36518.0
2021-06-25 14:44:28.493,37478.0
2021-06-25 14:44:28.498,38238.0
2021-06-25 14:44:28.503,37110.0
2021-06-25 14:44:28.508,37274.0
2021-06-25 14:44:28.513,36456.0
2021-06-25 14:44:28.518,34836.0
2021-06-25 14:44:28.523,37592.0
2021-06-25 14:44:28.528,37546.0
2021-06-25 14:44:28.533,36890.0
2021-06-25 14:44:28.538,32244.0
2021-06-25 14:44:28.543,31462.0
2021-06-25 14:44:28.548,31510.0
2021-06-25 14:44:28.553,33408.0
2021-06-25 14:44:28.558,30206.0
2021-06-25 14:44:28.563,33604.0
2021-06-25 14:44:28.568,29452.0
2021-06-25 14:44:28.573,31386.0
2021-06-25 14:44:28.578,29098.0
2021-06-25 14:44:28.583,29486.0
2021-06-25 14:44:28.588,33706.0
2021-06-25 14:44:28.593,29744.0
2021-06-25 14:44:28.598,32536.0
2021-06-25 14:44:28.603,38336.0
2021-06-25 14:44:28.608,38874.0
2021-06-25 14:44:28.613,35014.0
2021-06-25 14:44:28.618,33918.0
2021-06-25 14:44:28.623,37298.0
2021-06-25 14:44:28.628,35494.0
2021-06-25 14:44:28.633,36904.0
2021-06-25 14:44:28.638,36884.0
2021-06-25 14:44:28.643,38084.0
2021-06-25 14:44:28.648,35560.0
2021-06-25 14:44:28.653,38100.0
2021-06-25 14:44:28.658,38690.0
2021-06-25 14:44:28.663,35970.0
2021-06-25 14:44:28.668,34328.0
2021-06-25 14:44:28.673,35250.0
2021-06-25 14:44:28.678,35738.0
2021-06-25 14:44:28.683,31606.0
2021-06-25 14:44:28.688,29878.0
2021-06-25 14:44:28.693,33392.0
2021-06-25 14:44:28.698,32306.0
2021-06-25 14:44:28.703,34292.0
2021-06-25 14:44:28.708,36422.0
2021-06-25 14:44:28.713,31970.0
2021-06-25 14:44:28.718,31170.0
2021-06-25 14:44:28.723,33336.0
2021-06-25 14:44:28.728,31616.0
2021-06-25 14:44:28.733,30920.0
2021-06-25 14:44:28.738,32290.0
2021-06-25 14:44:28.743,32032.0
2021-06-25 14:44:28.748,36160.0
2021-06-25 14:44:28.753,38186.0
2021-06-25 14:44:28.758,36056.0
2021-06-25 14:44:28.763,37680.0
2021-06-25 14:44:28.768,33306.0
2021-06-25 14:44:28.773,36186.0
2021-06-25 14:44:28.778,37268.0
2021-06-25 14:44:28.783,37562.0
2021-06-25 14:44:28.788,37874.0
2021-06-25 14:44:28.793,36760.0
2021-06-25 14:44:28.798,38156.0
2021-06-25 14:44:28.803,37706.0
2021-06-25 14:44:28.808,37310.0
2021-06-25 14:44:28.813,32680.0
2021-06-25 14:44:28.818,35920.0
2021-06-25 14:44:28.823,36000.0
2021-06-25 14:44:28.828,31884.0
2021-06-25 14:44:28.833,30636.0
2021-06-25 14:44:28.839,31844.0
2021-06-25 14:44:28.843,33654.0
2021-06-25 14:44:28.848,36718.0
2021-06-25 14:44:28.853,31750.0
2021-06-25 14:44:28.858,32028.0
2021-06-25 14:44:28.863,30692.0
2021-06-25 14:44:28.868,30446.0
2021-06-25 14:44:28.873,29462.0
2021-06-25 14:44:28.878,29996.0
2021-06-25 14:44:28.883,29780.0
2021-06-25 14:44:28.888,35364.0
2021-06-25 14:44:28.893,38356.0
2021-06-25 14:44:28.898,39266.0
2021-06-25 14:44:28.903,38150.0
2021-06-25 14:44:28.908,35718.0
2021-06-25 14:44:28.913,36156.0
2021-06-25 14:44:28.918,34728.0
2021-06-25 14:44:28.924,37796.0
2021-06-25 14:44:28.928,37704.0
2021-06-25 14:44:28.933,35550.0
2021-06-25 14:44:28.938,36314.0
2021-06-25 14:44:28.943,36622.0
2021-06-25 14:44:28.948,36410.0
2021-06-25 14:44:28.953,37798.0
2021-06-25 14:44:28.958,35806.0
2021-06-25 14:44:28.963,34964.0
2021-06-25 14:44:28.968,29394.0
2021-06-25 14:44:28.973,29846.0
2021-06-25 14:44:28.978,30590.0
2021-06-25 14:44:28.983,33316.0
2021-06-25 14:44:28.988,31326.0
2021-06-25 14:44:28.993,30964.0
2021-06-25 14:44:28.998,31962.0
2021-06-25 14:44:29.003,33430.0
2021-06-25 14:44:29.009,32576.0
2021-06-25 14:44:29.013,31458.0
2021-06-25 14:44:29.018,31864.0
2021-06-25 14:44:29.023,31920.0
2021-06-25 14:44:29.028,30288.0
2021-06-25 14:44:29.033,35986.0
2021-06-25 14:44:29.038,37038.0
2021-06-25 14:44:29.043,35704.0
2021-06-25 14:44:29.048,37644.0
2021-06-25 14:44:29.053,35678.0
2021-06-25 14:44:29.058,38104.0
2021-06-25 14:44:29.063,33558.0
2021-06-25 14:44:29.068,34616.0
2021-06-25 14:44:29.073,36084.0
2021-06-25 14:44:29.078,37228.0
2021-06-25 14:44:29.083,38218.0
2021-06-25 14:44:29.088,38674.0
2021-06-25 14:44:29.093,36864.0
2021-06-25 14:44:29.098,38568.0
2021-06-25 14:44:29.103,38028.0
2021-06-25 14:44:29.108,39660.0
2021-06-25 14:44:29.113,30042.0
2021-06-25 14:44:29.118,31376.0
2021-06-25 14:44:29.123,30042.0
2021-06-25 14:44:29.128,32506.0
2021-06-25 14:44:29.133,31054.0
2021-06-25 14:44:29.138,35666.0
2021-06-25 14:44:29.143,31242.0
2021-06-25 14:44:29.148,30278.0
2021-06-25 14:44:29.153,31406.0
2021-06-25 14:44:29.158,30108.0
2021-06-25 14:44:29.163,31134.0
2021-06-25 14:44:29.168,30478.0
2021-06-25 14:44:29.173,35722.0
2021-06-25 14:44:29.178,37622.0
2021-06-25 14:44:29.183,38132.0
2021-06-25 14:44:29.188,38264.0
2021-06-25 14:44:29.193,38012.0
2021-06-25 14:44:29.198,39368.0
2021-06-25 14:44:29.203,37740.0
2021-06-25 14:44:29.208,38794.0
2021-06-25 14:44:29.213,36134.0
2021-06-25 14:44:29.218,35200.0
2021-06-25 14:44:29.223,37084.0
2021-06-25 14:44:29.228,38100.0
2021-06-25 14:44:29.233,38234.0
2021-06-25 14:44:29.238,35550.0
2021-06-25 14:44:29.243,37608.0
2021-06-25 14:44:29.248,37084.0
2021-06-25 14:44:29.253,31940.0
2021-06-25 14:44:29.258,31962.0
2021-06-25 14:44:29.263,30580.0
2021-06-25 14:44:29.268,32414.0
2021-06-25 14:44:29.273,30384.0
2021-06-25 14:44:29.278,35400.0
2021-06-25 14:44:29.283,31932.0
2021-06-25 14:44:29.288,30436.0
2021-06-25 14:44:29.293,32638.0
2021-06-25 14:44:29.298,32172.0
2021-06-25 14:44:29.303,32448.0
2021-06-25 14:44:29.308,34286.0
2021-06-25 14:44:29.313,38126.0
2021-06-25 14:44:29.318,35984.0
2021-06-25 14:44:29.323,38024.0
2021-06-25 14:44:29.328,38376.0
2021-06-25 14:44:29.333,37520.0
2021-06-25 14:44:29.338,37130.0
2021-06-25 14:44:29.343,39696.0
2021-06-25 14:44:29.348,36900.0
2021-06-25 14:44:29.353,38198.0
2021-06-25 14:44:29.358,38712.0
2021-06-25 14:44:29.363,36592.0
2021-06-25 14:44:29.368,37330.0
2021-06-25 14:44:29.373,38028.0
2021-06-25 14:44:29.378,36302.0
2021-06-25 14:44:29.383,36750.0
2021-06-25 14:44:29.388,37556.0
2021-06-25 14:44:29.393,33682.0
2021-06-25 14:44:29.398,32700.0
2021-06-25 14:44:29.403,31314.0
2021-06-25 14:44:29.408,33306.0
2021-06-25 14:44:29.413,30550.0
2021-06-25 14:44:29.418,32476.0
2021-06-25 14:44:29.423,35030.0
2021-06-25 14:44:29.428,31736.0
2021-06-25 14:44:29.433,31396.0
2021-06-25 14:44:29.438,32182.0
2021-06-25 14:44:29.443,29780.0
2021-06-25 14:44:29.448,32064.0
2021-06-25 14:44:29.453,29934.0
2021-06-25 14:44:29.458,33378.0
2021-06-25 14:44:29.463,37268.0
2021-06-25 14:44:29.468,35956.0
2021-06-25 14:44:29.473,38166.0
2021-06-25 14:44:29.479,36536.0
2021-06-25 14:44:29.483,35478.0
2021-06-25 14:44:29.488,36982.0
2021-06-25 14:44:29.493,39100.0
2021-06-25 14:44:29.498,39224.0
2021-06-25 14:44:29.503,36890.0
2021-06-25 14:44:29.508,39594.0
2021-06-25 14:44:29.513,36590.0
2021-06-25 14:44:29.518,34650.0
2021-06-25 14:44:29.523,36534.0
2021-06-25 14:44:29.528,37130.0
2021-06-25 14:44:29.533,36186.0
2021-06-25 14:44:29.538,34850.0
2021-06-25 14:44:29.543,31698.0
2021-06-25 14:44:29.548,31494.0
2021-06-25 14:44:29.553,32972.0
2021-06-25 14:44:29.558,31454.0
2021-06-25 14:44:29.564,34534.0
2021-06-25 14:44:29.568,31596.0
2021-06-25 14:44:29.573,31526.0
2021-06-25 14:44:29.578,32618.0
2021-06-25 14:44:29.583,29518.0
2021-06-25 14:44:29.588,30016.0
2021-06-25 14:44:29.593,35322.0
2021-06-25 14:44:29.598,32028.0
2021-06-25 14:44:29.603,36754.0
2021-06-25 14:44:29.608,37370.0
2021-06-25 14:44:29.613,35970.0
2021-06-25 14:44:29.618,31242.0
2021-06-25 14:44:29.623,33830.0
2021-06-25 14:44:29.628,36094.0
2021-06-25 14:44:29.633,37198.0
2021-06-25 14:44:29.638,36894.0
2021-06-25 14:44:29.643,37344.0
2021-06-25 14:44:29.657,38484.0
2021-06-25 14:44:29.658,39706.0
2021-06-25 14:44:29.660,40066.0
2021-06-25 14:44:29.663,37638.0
2021-06-25 14:44:29.668,37632.0
2021-06-25 14:44:29.673,38412.0
2021-06-25 14:44:29.678,37824.0
2021-06-25 14:44:29.683,31442.0
2021-06-25 14:44:29.688,31226.0
2021-06-25 14:44:29.693,30118.0
2021-06-25 14:44:29.698,31100.0
2021-06-25 14:44:29.703,31192.0
2021-06-25 14:44:29.708,34470.0
2021-06-25 14:44:29.713,32726.0
2021-06-25 14:44:29.718,32198.0
2021-06-25 14:44:29.723,31602.0
2021-06-25 14:44:29.728,30364.0
2021-06-25 14:44:29.733,30632.0
2021-06-25 14:44:29.738,30582.0
2021-06-25 14:44:29.743,31006.0
2021-06-25 14:44:29.748,38474.0
2021-06-25 14:44:29.753,37570.0
2021-06-25 14:44:29.758,36032.0
2021-06-25 14:44:29.763,38120.0
2021-06-25 14:44:29.768,35698.0
2021-06-25 14:44:29.773,37094.0
2021-06-25 14:44:29.778,38526.0
2021-06-25 14:44:29.783,37376.0
2021-06-25 14:44:29.788,36282.0
2021-06-25 14:44:29.793,36000.0
2021-06-25 14:44:29.798,37100.0
2021-06-25 14:44:29.803,37248.0
2021-06-25 14:44:29.808,37842.0
2021-06-25 14:44:29.813,36282.0
2021-06-25 14:44:29.818,35124.0
2021-06-25 14:44:29.823,35544.0
2021-06-25 14:44:29.828,30854.0
2021-06-25 14:44:29.833,32316.0
2021-06-25 14:44:29.838,32782.0
2021-06-25 14:44:29.843,30340.0
2021-06-25 14:44:29.848,35298.0
2021-06-25 14:44:29.853,31792.0
2021-06-25 14:44:29.858,32640.0
2021-06-25 14:44:29.863,30112.0
2021-06-25 14:44:29.868,27470.0
2021-06-25 14:44:29.873,29178.0
2021-06-25 14:44:29.878,29308.0
2021-06-25 14:44:29.883,27528.0
2021-06-25 14:44:29.888,34964.0
2021-06-25 14:44:29.893,35312.0
2021-06-25 14:44:29.898,35416.0
2021-06-25 14:44:29.903,36504.0
2021-06-25 14:44:29.908,35672.0
2021-06-25 14:44:29.913,33974.0
2021-06-25 14:44:29.918,28344.0
2021-06-25 14:44:29.923,32604.0
2021-06-25 14:44:29.928,35550.0
2021-06-25 14:44:29.933,32454.0
2021-06-25 14:44:29.938,33480.0
2021-06-25 14:44:29.943,34928.0
2021-06-25 14:44:29.948,36446.0
2021-06-25 14:44:29.953,35258.0
2021-06-25 14:44:29.958,32988.0
2021-06-25 14:44:29.963,32250.0
2021-06-25 14:44:29.968,28162.0
2021-06-25 14:44:29.973,29062.0
2021-06-25 14:44:29.978,29872.0
2021-06-25 14:44:29.983,26870.0
2021-06-25 14:44:29.988,28616.0
2021-06-25 14:44:29.993,31658.0
2021-06-25 14:44:29.998,31596.0
2021-06-25 14:44:30.003,29340.0
2021-06-25 14:44:30.008,30668.0
2021-06-25 14:44:30.013,29502.0
2021-06-25 14:44:30.018,29354.0
2021-06-25 14:44:30.023,30384.0
2021-06-25 14:44:30.028,33548.0
2021-06-25 14:44:30.033,35632.0
2021-06-25 14:44:30.038,35426.0
2021-06-25 14:44:30.043,35908.0
2021-06-25 14:44:30.048,35296.0
2021-06-25 14:44:30.053,35898.0
2021-06-25 14:44:30.058,35138.0
2021-06-25 14:44:30.063,34122.0
2021-06-25 14:44:30.068,29774.0
2021-06-25 14:44:30.073,33388.0
2021-06-25 14:44:30.078,36458.0
2021-06-25 14:44:30.083,36442.0
2021-06-25 14:44:30.088,35144.0
2021-06-25 14:44:30.093,35456.0
2021-06-25 14:44:30.098,37888.0
2021-06-25 14:44:30.103,38958.0
2021-06-25 14:44:30.108,30910.0
2021-06-25 14:44:30.113,31422.0
2021-06-25 14:44:30.119,31490.0
2021-06-25 14:44:30.123,33024.0
2021-06-25 14:44:30.128,29940.0
2021-06-25 14:44:30.133,31022.0
2021-06-25 14:44:30.138,30392.0
2021-06-25 14:44:30.143,30790.0
2021-06-25 14:44:30.148,28722.0
2021-06-25 14:44:30.153,29966.0
2021-06-25 14:44:30.158,30282.0
2021-06-25 14:44:30.163,31160.0
2021-06-25 14:44:30.168,29476.0
2021-06-25 14:44:30.173,36052.0
2021-06-25 14:44:30.178,35800.0
2021-06-25 14:44:30.183,36110.0
2021-06-25 14:44:30.188,36292.0
2021-06-25 14:44:30.193,36684.0
2021-06-25 14:44:30.198,34250.0
2021-06-25 14:44:30.204,36586.0
2021-06-25 14:44:30.208,35676.0
2021-06-25 14:44:30.213,37212.0
2021-06-25 14:44:30.218,36884.0
2021-06-25 14:44:30.223,33994.0
2021-06-25 14:44:30.228,34036.0
2021-06-25 14:44:30.233,36376.0
2021-06-25 14:44:30.238,36492.0
2021-06-25 14:44:30.243,34246.0
2021-06-25 14:44:30.248,28826.0
2021-06-25 14:44:30.253,28718.0
2021-06-25 14:44:30.258,27636.0
2021-06-25 14:44:30.263,30354.0
2021-06-25 14:44:30.268,26418.0
2021-06-25 14:44:30.273,29872.0
2021-06-25 14:44:30.278,26506.0
2021-06-25 14:44:30.283,28256.0
2021-06-25 14:44:30.289,29348.0
2021-06-25 14:44:30.293,26880.0
2021-06-25 14:44:30.298,28980.0
2021-06-25 14:44:30.303,30042.0
2021-06-25 14:44:30.308,29144.0
2021-06-25 14:44:30.313,27808.0
2021-06-25 14:44:30.318,34516.0
2021-06-25 14:44:30.323,32022.0
2021-06-25 14:44:30.328,34508.0
2021-06-25 14:44:30.333,34588.0
2021-06-25 14:44:30.338,34580.0
2021-06-25 14:44:30.343,33944.0
2021-06-25 14:44:30.348,34532.0
2021-06-25 14:44:30.353,36524.0
2021-06-25 14:44:30.358,34614.0
2021-06-25 14:44:30.363,35102.0
2021-06-25 14:44:30.368,35786.0
2021-06-25 14:44:30.373,33358.0
2021-06-25 14:44:30.378,34398.0
2021-06-25 14:44:30.383,35374.0
2021-06-25 14:44:30.388,35486.0
2021-06-25 14:44:30.393,29380.0
2021-06-25 14:44:30.398,30462.0
2021-06-25 14:44:30.403,29760.0
2021-06-25 14:44:30.408,30380.0
2021-06-25 14:44:30.413,31100.0
2021-06-25 14:44:30.418,33464.0
2021-06-25 14:44:30.423,32912.0
2021-06-25 14:44:30.428,28770.0
2021-06-25 14:44:30.433,29194.0
2021-06-25 14:44:30.438,26758.0
2021-06-25 14:44:30.443,29276.0
2021-06-25 14:44:30.448,27410.0
2021-06-25 14:44:30.453,29088.0
2021-06-25 14:44:30.458,32666.0
2021-06-25 14:44:30.463,36032.0
2021-06-25 14:44:30.468,36186.0
2021-06-25 14:44:30.473,33732.0
2021-06-25 14:44:30.478,33896.0
2021-06-25 14:44:30.483,34942.0
2021-06-25 14:44:30.488,34824.0
2021-06-25 14:44:30.493,33928.0
2021-06-25 14:44:30.498,35024.0
2021-06-25 14:44:30.503,34496.0
2021-06-25 14:44:30.508,34380.0
2021-06-25 14:44:30.513,35652.0
2021-06-25 14:44:30.518,35118.0
2021-06-25 14:44:30.523,33646.0
2021-06-25 14:44:30.528,33726.0
2021-06-25 14:44:30.533,33040.0
2021-06-25 14:44:30.538,26326.0
2021-06-25 14:44:30.543,29862.0
2021-06-25 14:44:30.548,29514.0
2021-06-25 14:44:30.553,28328.0
2021-06-25 14:44:30.558,28092.0
2021-06-25 14:44:30.563,29138.0
2021-06-25 14:44:30.568,27792.0
2021-06-25 14:44:30.573,27556.0
2021-06-25 14:44:30.578,27820.0
2021-06-25 14:44:30.583,28708.0
2021-06-25 14:44:30.588,28574.0
2021-06-25 14:44:30.593,27506.0
2021-06-25 14:44:30.598,33568.0
2021-06-25 14:44:30.603,32752.0
2021-06-25 14:44:30.608,31612.0
2021-06-25 14:44:30.613,33434.0
2021-06-25 14:44:30.618,34896.0
2021-06-25 14:44:30.623,29364.0
2021-06-25 14:44:30.628,32232.0
2021-06-25 14:44:30.633,34678.0
2021-06-25 14:44:30.638,33388.0
2021-06-25 14:44:30.643,34482.0
2021-06-25 14:44:30.648,35304.0
2021-06-25 14:44:30.653,35458.0
2021-06-25 14:44:30.658,35328.0
2021-06-25 14:44:30.663,34424.0
2021-06-25 14:44:30.668,36236.0
2021-06-25 14:44:30.673,32622.0
2021-06-25 14:44:30.678,34472.0
2021-06-25 14:44:30.683,26874.0
2021-06-25 14:44:30.688,28482.0
2021-06-25 14:44:30.693,28008.0
2021-06-25 14:44:30.698,31180.0
2021-06-25 14:44:30.703,28842.0
2021-06-25 14:44:30.708,31896.0
2021-06-25 14:44:30.713,31670.0
2021-06-25 14:44:30.718,28724.0
2021-06-25 14:44:30.723,28026.0
2021-06-25 14:44:30.728,27480.0
2021-06-25 14:44:30.733,27620.0
2021-06-25 14:44:30.738,27752.0
2021-06-25 14:44:30.743,28898.0
2021-06-25 14:44:30.748,27012.0
2021-06-25 14:44:30.753,33418.0
2021-06-25 14:44:30.759,34688.0
2021-06-25 14:44:30.763,35462.0
2021-06-25 14:44:30.768,34102.0
2021-06-25 14:44:30.773,34532.0
2021-06-25 14:44:30.778,34702.0
2021-06-25 14:44:30.783,32952.0
2021-06-25 14:44:30.788,34804.0
2021-06-25 14:44:30.793,35160.0
2021-06-25 14:44:30.798,32526.0
2021-06-25 14:44:30.803,34896.0
2021-06-25 14:44:30.808,31694.0
2021-06-25 14:44:30.813,33702.0
2021-06-25 14:44:30.818,35380.0
2021-06-25 14:44:30.823,28008.0
2021-06-25 14:44:30.828,28640.0
2021-06-25 14:44:30.833,29666.0
2021-06-25 14:44:30.838,29000.0
2021-06-25 14:44:30.844,26906.0
2021-06-25 14:44:30.848,28924.0
2021-06-25 14:44:30.853,29758.0
2021-06-25 14:44:30.858,27794.0
2021-06-25 14:44:30.863,26582.0
2021-06-25 14:44:30.868,28306.0
2021-06-25 14:44:30.873,27718.0
2021-06-25 14:44:30.878,28734.0
2021-06-25 14:44:30.883,28804.0
2021-06-25 14:44:30.888,29288.0
2021-06-25 14:44:30.893,35512.0
2021-06-25 14:44:30.898,36114.0
2021-06-25 14:44:30.903,36114.0
2021-06-25 14:44:30.908,32202.0
2021-06-25 14:44:30.913,34244.0
2021-06-25 14:44:30.918,34398.0
2021-06-25 14:44:30.923,34886.0
2021-06-25 14:44:30.929,35308.0
2021-06-25 14:44:30.933,34518.0
2021-06-25 14:44:30.938,34450.0
2021-06-25 14:44:30.943,34188.0
2021-06-25 14:44:30.948,35748.0
2021-06-25 14:44:30.953,35754.0
2021-06-25 14:44:30.958,32234.0
2021-06-25 14:44:30.963,29990.0
2021-06-25 14:44:30.968,28316.0
2021-06-25 14:44:30.973,28050.0
2021-06-25 14:44:30.978,27166.0
2021-06-25 14:44:30.983,29698.0
2021-06-25 14:44:30.988,28616.0
2021-06-25 14:44:30.993,33856.0
2021-06-25 14:44:30.998,29858.0
2021-06-25 14:44:31.003,29466.0
2021-06-25 14:44:31.008,31232.0
2021-06-25 14:44:31.013,29918.0
2021-06-25 14:44:31.018,28672.0
2021-06-25 14:44:31.023,28548.0
2021-06-25 14:44:31.028,27506.0
2021-06-25 14:44:31.033,35544.0
2021-06-25 14:44:31.038,35286.0
2021-06-25 14:44:31.043,33700.0
2021-06-25 14:44:31.048,35832.0
2021-06-25 14:44:31.053,34326.0
2021-06-25 14:44:31.058,34676.0
2021-06-25 14:44:31.063,34282.0
2021-06-25 14:44:31.068,35820.0
2021-06-25 14:44:31.073,30918.0
2021-06-25 14:44:31.078,33286.0
2021-06-25 14:44:31.083,34760.0
2021-06-25 14:44:31.088,34558.0
2021-06-25 14:44:31.093,34758.0
2021-06-25 14:44:31.098,35540.0
2021-06-25 14:44:31.103,35504.0
2021-06-25 14:44:31.108,30734.0
2021-06-25 14:44:31.113,29072.0
2021-06-25 14:44:31.118,28616.0
2021-06-25 14:44:31.123,30688.0
2021-06-25 14:44:31.128,28978.0
2021-06-25 14:44:31.133,32784.0
2021-06-25 14:44:31.138,29370.0
2021-06-25 14:44:31.143,29416.0
2021-06-25 14:44:31.148,27510.0
2021-06-25 14:44:31.153,29114.0
2021-06-25 14:44:31.158,31838.0
2021-06-25 14:44:31.163,27768.0
2021-06-25 14:44:31.168,34888.0
2021-06-25 14:44:31.173,30698.0
2021-06-25 14:44:31.178,32742.0
2021-06-25 14:44:31.183,34888.0
2021-06-25 14:44:31.188,35118.0
2021-06-25 14:44:31.193,35298.0
2021-06-25 14:44:31.198,32454.0
2021-06-25 14:44:31.203,33798.0
2021-06-25 14:44:31.208,36966.0
2021-06-25 14:44:31.213,34434.0
2021-06-25 14:44:31.218,34518.0
2021-06-25 14:44:31.223,33372.0
2021-06-25 14:44:31.228,33522.0
2021-06-25 14:44:31.233,33438.0
2021-06-25 14:44:31.238,33122.0
2021-06-25 14:44:31.243,33558.0
2021-06-25 14:44:31.248,29364.0
2021-06-25 14:44:31.253,27522.0
2021-06-25 14:44:31.258,29036.0
2021-06-25 14:44:31.263,30862.0
2021-06-25 14:44:31.268,28092.0
2021-06-25 14:44:31.273,33942.0
2021-06-25 14:44:31.278,32054.0
2021-06-25 14:44:31.283,28712.0
2021-06-25 14:44:31.288,28446.0
2021-06-25 14:44:31.293,26778.0
2021-06-25 14:44:31.298,29944.0
2021-06-25 14:44:31.303,28826.0
2021-06-25 14:44:31.308,32114.0
2021-06-25 14:44:31.313,33818.0
2021-06-25 14:44:31.318,37274.0
2021-06-25 14:44:31.323,35784.0
2021-06-25 14:44:31.328,32368.0
2021-06-25 14:44:31.333,33634.0
2021-06-25 14:44:31.338,35440.0
2021-06-25 14:44:31.343,34128.0
2021-06-25 14:44:31.348,34004.0
2021-06-25 14:44:31.353,35892.0
2021-06-25 14:44:31.358,36478.0
2021-06-25 14:44:31.363,34630.0
2021-06-25 14:44:31.368,34328.0
2021-06-25 14:44:31.373,34326.0
2021-06-25 14:44:31.378,34116.0
2021-06-25 14:44:31.383,32926.0
2021-06-25 14:44:31.388,35138.0
2021-06-25 14:44:31.393,27096.0
2021-06-25 14:44:31.399,30728.0
2021-06-25 14:44:31.403,29068.0
2021-06-25 14:44:31.408,31570.0
2021-06-25 14:44:31.413,27434.0
2021-06-25 14:44:31.418,31516.0
2021-06-25 14:44:31.423,28850.0
2021-06-25 14:44:31.428,28362.0
2021-06-25 14:44:31.433,28978.0
2021-06-25 14:44:31.438,27702.0
2021-06-25 14:44:31.443,27814.0
2021-06-25 14:44:31.448,32254.0
2021-06-25 14:44:31.453,29712.0
2021-06-25 14:44:31.458,34974.0
2021-06-25 14:44:31.463,34398.0
2021-06-25 14:44:31.468,34508.0
2021-06-25 14:44:31.473,35928.0
2021-06-25 14:44:31.478,31806.0
2021-06-25 14:44:31.484,34354.0
2021-06-25 14:44:31.488,35554.0
2021-06-25 14:44:31.493,35570.0
2021-06-25 14:44:31.498,35420.0
2021-06-25 14:44:31.503,36226.0
2021-06-25 14:44:31.508,34574.0
2021-06-25 14:44:31.513,35056.0
2021-06-25 14:44:31.518,37064.0
2021-06-25 14:44:31.523,35540.0
2021-06-25 14:44:31.528,34974.0
2021-06-25 14:44:31.533,33024.0
2021-06-25 14:44:31.538,34220.0
2021-06-25 14:44:31.543,29180.0
2021-06-25 14:44:31.548,30514.0
2021-06-25 14:44:31.553,28334.0
2021-06-25 14:44:31.558,28870.0
2021-06-25 14:44:31.563,29334.0
2021-06-25 14:44:31.569,33364.0
2021-06-25 14:44:31.573,29360.0
2021-06-25 14:44:31.578,30592.0
2021-06-25 14:44:31.583,28178.0
2021-06-25 14:44:31.588,28482.0
2021-06-25 14:44:31.593,27568.0
2021-06-25 14:44:31.598,28152.0
2021-06-25 14:44:31.603,31894.0
2021-06-25 14:44:31.608,34302.0
2021-06-25 14:44:31.613,35350.0
2021-06-25 14:44:31.618,33900.0
2021-06-25 14:44:31.623,33850.0
2021-06-25 14:44:31.628,32130.0
2021-06-25 14:44:31.633,34456.0
2021-06-25 14:44:31.638,35256.0
2021-06-25 14:44:31.643,35570.0
2021-06-25 14:44:31.648,34184.0
2021-06-25 14:44:31.653,32644.0
2021-06-25 14:44:31.658,35138.0
2021-06-25 14:44:31.663,35738.0
2021-06-25 14:44:31.668,35876.0
2021-06-25 14:44:31.673,35774.0
2021-06-25 14:44:31.678,32726.0
2021-06-25 14:44:31.683,35446.0
2021-06-25 14:44:31.688,28990.0
2021-06-25 14:44:31.693,28204.0
2021-06-25 14:44:31.698,29866.0
2021-06-25 14:44:31.703,29494.0
2021-06-25 14:44:31.708,27686.0
2021-06-25 14:44:31.713,29256.0
2021-06-25 14:44:31.718,28598.0
2021-06-25 14:44:31.723,29128.0
2021-06-25 14:44:31.728,30026.0
2021-06-25 14:44:31.733,28142.0
2021-06-25 14:44:31.738,29144.0
2021-06-25 14:44:31.743,29568.0
2021-06-25 14:44:31.748,27666.0
2021-06-25 14:44:31.753,33274.0
2021-06-25 14:44:31.758,34732.0
2021-06-25 14:44:31.763,35662.0
2021-06-25 14:44:31.768,34282.0
2021-06-25 14:44:31.773,33174.0
2021-06-25 14:44:31.778,31598.0
2021-06-25 14:44:31.783,32506.0
2021-06-25 14:44:31.788,35014.0
2021-06-25 14:44:31.793,34870.0
2021-06-25 14:44:31.798,34480.0
2021-06-25 14:44:31.803,32710.0
2021-06-25 14:44:31.808,35740.0
2021-06-25 14:44:31.813,33148.0
2021-06-25 14:44:31.818,35406.0
2021-06-25 14:44:31.823,34184.0
2021-06-25 14:44:31.828,31254.0
2021-06-25 14:44:31.833,34014.0
2021-06-25 14:44:31.838,29282.0
2021-06-25 14:44:31.843,28878.0
2021-06-25 14:44:31.848,27446.0
2021-06-25 14:44:31.853,29230.0
2021-06-25 14:44:31.858,28354.0
2021-06-25 14:44:31.863,32448.0
2021-06-25 14:44:31.868,26880.0
2021-06-25 14:44:31.873,28798.0
2021-06-25 14:44:31.878,28272.0
2021-06-25 14:44:31.883,28594.0
2021-06-25 14:44:31.888,29298.0
2021-06-25 14:44:31.893,28804.0
2021-06-25 14:44:31.898,26860.0
2021-06-25 14:44:31.903,34404.0
2021-06-25 14:44:31.908,34270.0
2021-06-25 14:44:31.913,33656.0
2021-06-25 14:44:31.918,32984.0
2021-06-25 14:44:31.923,31910.0
2021-06-25 14:44:31.928,34008.0
2021-06-25 14:44:31.933,34234.0
2021-06-25 14:44:31.938,32766.0
2021-06-25 14:44:31.943,33414.0
2021-06-25 14:44:31.948,33084.0
2021-06-25 14:44:31.953,34184.0
2021-06-25 14:44:31.958,33130.0
2021-06-25 14:44:31.963,33404.0
2021-06-25 14:44:31.968,33762.0
2021-06-25 14:44:31.973,31284.0
2021-06-25 14:44:31.978,34194.0
2021-06-25 14:44:31.983,32864.0
2021-06-25 14:44:31.988,31996.0
2021-06-25 14:44:31.993,30052.0
2021-06-25 14:44:31.998,28896.0
2021-06-25 14:44:32.003,28872.0
2021-06-25 14:44:32.008,29118.0
2021-06-25 14:44:32.013,29872.0
2021-06-25 14:44:32.018,31190.0
2021-06-25 14:44:32.023,27066.0
2021-06-25 14:44:32.028,27018.0
2021-06-25 14:44:32.033,29164.0
2021-06-25 14:44:32.039,27556.0
2021-06-25 14:44:32.043,28532.0
2021-06-25 14:44:32.048,28840.0
2021-06-25 14:44:32.061,36980.0
2021-06-25 14:44:32.062,36382.0
2021-06-25 14:44:32.064,33198.0
2021-06-25 14:44:32.068,33754.0
2021-06-25 14:44:32.073,32712.0
2021-06-25 14:44:32.078,33896.0
2021-06-25 14:44:32.083,32124.0
2021-06-25 14:44:32.088,33902.0
2021-06-25 14:44:32.093,34452.0
2021-06-25 14:44:32.098,33952.0
2021-06-25 14:44:32.103,34352.0
2021-06-25 14:44:32.108,35888.0
2021-06-25 14:44:32.113,36586.0
2021-06-25 14:44:32.118,34234.0
2021-06-25 14:44:32.124,34578.0
2021-06-25 14:44:32.128,33290.0
2021-06-25 14:44:32.133,29744.0
2021-06-25 14:44:32.138,27600.0
2021-06-25 14:44:32.143,27916.0
2021-06-25 14:44:32.148,28234.0
2021-06-25 14:44:32.153,30888.0
2021-06-25 14:44:32.158,28092.0
2021-06-25 14:44:32.163,28778.0
2021-06-25 14:44:32.168,29052.0
2021-06-25 14:44:32.173,30046.0
2021-06-25 14:44:32.178,27958.0
2021-06-25 14:44:32.183,28702.0
2021-06-25 14:44:32.188,26234.0
2021-06-25 14:44:32.193,28594.0
2021-06-25 14:44:32.198,34394.0
2021-06-25 14:44:32.203,35504.0
2021-06-25 14:44:32.209,34688.0
2021-06-25 14:44:32.213,35416.0
2021-06-25 14:44:32.218,35468.0
2021-06-25 14:44:32.223,33240.0
2021-06-25 14:44:32.228,29348.0
2021-06-25 14:44:32.233,31506.0
2021-06-25 14:44:32.238,35422.0
2021-06-25 14:44:32.243,33830.0
2021-06-25 14:44:32.248,33382.0
2021-06-25 14:44:32.253,32622.0
2021-06-25 14:44:32.258,33624.0
2021-06-25 14:44:32.263,35576.0
2021-06-25 14:44:32.268,34066.0
2021-06-25 14:44:32.273,29088.0
2021-06-25 14:44:32.278,27392.0
2021-06-25 14:44:32.283,28800.0
2021-06-25 14:44:32.288,27788.0
2021-06-25 14:44:32.293,27778.0
2021-06-25 14:44:32.298,31064.0
2021-06-25 14:44:32.303,29096.0
2021-06-25 14:44:32.308,29354.0
2021-06-25 14:44:32.313,29250.0
2021-06-25 14:44:32.318,29898.0
2021-06-25 14:44:32.323,29738.0
2021-06-25 14:44:32.328,27138.0
2021-06-25 14:44:32.333,34788.0
2021-06-25 14:44:32.338,35114.0
2021-06-25 14:44:32.343,35078.0
2021-06-25 14:44:32.348,34142.0
2021-06-25 14:44:32.353,33120.0
2021-06-25 14:44:32.358,35770.0
2021-06-25 14:44:32.363,35322.0
2021-06-25 14:44:32.368,36212.0
2021-06-25 14:44:32.373,33352.0
2021-06-25 14:44:32.378,33942.0
2021-06-25 14:44:32.383,34606.0
2021-06-25 14:44:32.388,34554.0
2021-06-25 14:44:32.393,33456.0
2021-06-25 14:44:32.398,34662.0
2021-06-25 14:44:32.403,35436.0
2021-06-25 14:44:32.408,33896.0
2021-06-25 14:44:32.413,28250.0
2021-06-25 14:44:32.418,28308.0
2021-06-25 14:44:32.423,27536.0
2021-06-25 14:44:32.428,29764.0
2021-06-25 14:44:32.433,27424.0
2021-06-25 14:44:32.438,32296.0
2021-06-25 14:44:32.443,28984.0
2021-06-25 14:44:32.448,26366.0
2021-06-25 14:44:32.453,28522.0
2021-06-25 14:44:32.458,29584.0
2021-06-25 14:44:32.463,29954.0
2021-06-25 14:44:32.468,28872.0
2021-06-25 14:44:32.473,29030.0
2021-06-25 14:44:32.478,28168.0
2021-06-25 14:44:32.483,33126.0
2021-06-25 14:44:32.488,34302.0
2021-06-25 14:44:32.493,34040.0
2021-06-25 14:44:32.498,33968.0
2021-06-25 14:44:32.503,35694.0
2021-06-25 14:44:32.508,36318.0
2021-06-25 14:44:32.513,35740.0
2021-06-25 14:44:32.518,34198.0
2021-06-25 14:44:32.523,37016.0
2021-06-25 14:44:32.528,35240.0
2021-06-25 14:44:32.533,32526.0
2021-06-25 14:44:32.538,34072.0
2021-06-25 14:44:32.543,33710.0
2021-06-25 14:44:32.548,35242.0
2021-06-25 14:44:32.553,33552.0
2021-06-25 14:44:32.558,29148.0
2021-06-25 14:44:32.563,27808.0
2021-06-25 14:44:32.568,27926.0
2021-06-25 14:44:32.573,29334.0
2021-06-25 14:44:32.578,26546.0
2021-06-25 14:44:32.583,27366.0
2021-06-25 14:44:32.588,27778.0
2021-06-25 14:44:32.593,28488.0
2021-06-25 14:44:32.598,26968.0
2021-06-25 14:44:32.603,26720.0
2021-06-25 14:44:32.608,29786.0
2021-06-25 14:44:32.613,26876.0
2021-06-25 14:44:32.618,28866.0
2021-06-25 14:44:32.623,35518.0
2021-06-25 14:44:32.628,34754.0
2021-06-25 14:44:32.633,35194.0
2021-06-25 14:44:32.638,35258.0
2021-06-25 14:44:32.643,34406.0
2021-06-25 14:44:32.648,33310.0
2021-06-25 14:44:32.653,32550.0
2021-06-25 14:44:32.658,34252.0
2021-06-25 14:44:32.663,35684.0
2021-06-25 14:44:32.668,34262.0
2021-06-25 14:44:32.673,36200.0
2021-06-25 14:44:32.679,33450.0
2021-06-25 14:44:32.683,33352.0
2021-06-25 14:44:32.688,33532.0
2021-06-25 14:44:32.693,34462.0
2021-06-25 14:44:32.698,34502.0
2021-06-25 14:44:32.703,27972.0
2021-06-25 14:44:32.708,28062.0
2021-06-25 14:44:32.713,30422.0
2021-06-25 14:44:32.718,27438.0
2021-06-25 14:44:32.723,27712.0
2021-06-25 14:44:32.728,33872.0
2021-06-25 14:44:32.733,28144.0
2021-06-25 14:44:32.738,28826.0
2021-06-25 14:44:32.743,26500.0
2021-06-25 14:44:32.748,28702.0
2021-06-25 14:44:32.753,27936.0
2021-06-25 14:44:32.758,26932.0
2021-06-25 14:44:32.764,35558.0
2021-06-25 14:44:32.768,34896.0
2021-06-25 14:44:32.773,33902.0
2021-06-25 14:44:32.778,35170.0
2021-06-25 14:44:32.783,32248.0
2021-06-25 14:44:32.788,32886.0
2021-06-25 14:44:32.793,34106.0
2021-06-25 14:44:32.798,34568.0
2021-06-25 14:44:32.803,33342.0
2021-06-25 14:44:32.808,33676.0
2021-06-25 14:44:32.813,34850.0
2021-06-25 14:44:32.818,32848.0
2021-06-25 14:44:32.823,34892.0
2021-06-25 14:44:32.828,34488.0
2021-06-25 14:44:32.833,33948.0
2021-06-25 14:44:32.838,32752.0
2021-06-25 14:44:32.843,26726.0
2021-06-25 14:44:32.849,27018.0
2021-06-25 14:44:32.853,27490.0
2021-06-25 14:44:32.858,29118.0
2021-06-25 14:44:32.863,26894.0
2021-06-25 14:44:32.868,26902.0
2021-06-25 14:44:32.873,28538.0
2021-06-25 14:44:32.878,29574.0
2021-06-25 14:44:32.883,28942.0
2021-06-25 14:44:32.888,27512.0
2021-06-25 14:44:32.893,27060.0
2021-06-25 14:44:32.898,27608.0
2021-06-25 14:44:32.903,29078.0
2021-06-25 14:44:32.908,34200.0
2021-06-25 14:44:32.913,35134.0
2021-06-25 14:44:32.918,32768.0
2021-06-25 14:44:32.923,34098.0
2021-06-25 14:44:32.928,35672.0
2021-06-25 14:44:32.933,33968.0
2021-06-25 14:44:32.938,34106.0
2021-06-25 14:44:32.943,35216.0
2021-06-25 14:44:32.948,33510.0
2021-06-25 14:44:32.953,33546.0
2021-06-25 14:44:32.958,34918.0
2021-06-25 14:44:32.963,35564.0
2021-06-25 14:44:32.968,33276.0
2021-06-25 14:44:32.973,35422.0
2021-06-25 14:44:32.978,32732.0
2021-06-25 14:44:32.983,28518.0
2021-06-25 14:44:32.988,28122.0
2021-06-25 14:44:32.993,27820.0
2021-06-25 14:44:32.998,29810.0
2021-06-25 14:44:33.003,27556.0
2021-06-25 14:44:33.008,31706.0
2021-06-25 14:44:33.013,29350.0
2021-06-25 14:44:33.018,27754.0
2021-06-25 14:44:33.023,28034.0
2021-06-25 14:44:33.028,30356.0
2021-06-25 14:44:33.033,29868.0
2021-06-25 14:44:33.038,27538.0
2021-06-25 14:44:33.043,28054.0
2021-06-25 14:44:33.048,29332.0
2021-06-25 14:44:33.053,33686.0
2021-06-25 14:44:33.058,34142.0
2021-06-25 14:44:33.063,33762.0
2021-06-25 14:44:33.068,33936.0
2021-06-25 14:44:33.073,33988.0
2021-06-25 14:44:33.078,33836.0
2021-06-25 14:44:33.083,32776.0
2021-06-25 14:44:33.088,33810.0
2021-06-25 14:44:33.093,33954.0
2021-06-25 14:44:33.098,35286.0
2021-06-25 14:44:33.103,34292.0
2021-06-25 14:44:33.108,34446.0
2021-06-25 14:44:33.113,34208.0
2021-06-25 14:44:33.118,36626.0
2021-06-25 14:44:33.123,36462.0
2021-06-25 14:44:33.128,34806.0
2021-06-25 14:44:33.133,30750.0
2021-06-25 14:44:33.138,29848.0
2021-06-25 14:44:33.143,29344.0
2021-06-25 14:44:33.148,32414.0
2021-06-25 14:44:33.153,27460.0
2021-06-25 14:44:33.158,33810.0
2021-06-25 14:44:33.163,28128.0
2021-06-25 14:44:33.168,28398.0
2021-06-25 14:44:33.173,31118.0
2021-06-25 14:44:33.178,30596.0
2021-06-25 14:44:33.183,29616.0
2021-06-25 14:44:33.188,29368.0
2021-06-25 14:44:33.193,29200.0
2021-06-25 14:44:33.198,33496.0
2021-06-25 14:44:33.203,34180.0
2021-06-25 14:44:33.208,35404.0
2021-06-25 14:44:33.213,35550.0
2021-06-25 14:44:33.218,36264.0
2021-06-25 14:44:33.223,33556.0
2021-06-25 14:44:33.228,34342.0
2021-06-25 14:44:33.233,30494.0
2021-06-25 14:44:33.238,33746.0
2021-06-25 14:44:33.243,32594.0
2021-06-25 14:44:33.248,35184.0
2021-06-25 14:44:33.253,34118.0
2021-06-25 14:44:33.258,33736.0
2021-06-25 14:44:33.263,34764.0
2021-06-25 14:44:33.268,35632.0
2021-06-25 14:44:33.273,29488.0
2021-06-25 14:44:33.278,30538.0
2021-06-25 14:44:33.283,28528.0
2021-06-25 14:44:33.288,29822.0
2021-06-25 14:44:33.293,30422.0
2021-06-25 14:44:33.298,31602.0
2021-06-25 14:44:33.303,30310.0
2021-06-25 14:44:33.308,33166.0
2021-06-25 14:44:33.313,32484.0
2021-06-25 14:44:33.319,33130.0
2021-06-25 14:44:33.323,33594.0
2021-06-25 14:44:33.328,36746.0
2021-06-25 14:44:33.333,39214.0
2021-06-25 14:44:33.338,39814.0
2021-06-25 14:44:33.343,41000.0
2021-06-25 14:44:33.348,39070.0
2021-06-25 14:44:33.353,40214.0
2021-06-25 14:44:33.358,38860.0
2021-06-25 14:44:33.363,40462.0
2021-06-25 14:44:33.368,41370.0
2021-06-25 14:44:33.373,39826.0
2021-06-25 14:44:33.378,40010.0
2021-06-25 14:44:33.383,39352.0
2021-06-25 14:44:33.388,38608.0
2021-06-25 14:44:33.393,40102.0
2021-06-25 14:44:33.398,40824.0
2021-06-25 14:44:33.404,40944.0
2021-06-25 14:44:33.408,40246.0
2021-06-25 14:44:33.413,35256.0
2021-06-25 14:44:33.418,33680.0
2021-06-25 14:44:33.423,34070.0
2021-06-25 14:44:33.428,37278.0
2021-06-25 14:44:33.433,34856.0
2021-06-25 14:44:33.438,36894.0
2021-06-25 14:44:33.443,34898.0
2021-06-25 14:44:33.448,33204.0
2021-06-25 14:44:33.453,33826.0
2021-06-25 14:44:33.458,34138.0
2021-06-25 14:44:33.463,34450.0
2021-06-25 14:44:33.468,34210.0
2021-06-25 14:44:33.473,31606.0
2021-06-25 14:44:33.478,33922.0
2021-06-25 14:44:33.483,38084.0
2021-06-25 14:44:33.489,37684.0
2021-06-25 14:44:33.493,37506.0
2021-06-25 14:44:33.498,38100.0
2021-06-25 14:44:33.503,37514.0
2021-06-25 14:44:33.508,37998.0
2021-06-25 14:44:33.513,40374.0
2021-06-25 14:44:33.518,38840.0
2021-06-25 14:44:33.523,39192.0
2021-06-25 14:44:33.528,38484.0
2021-06-25 14:44:33.533,38920.0
2021-06-25 14:44:33.538,36844.0
2021-06-25 14:44:33.543,39090.0
2021-06-25 14:44:33.548,39218.0
2021-06-25 14:44:33.553,38034.0
2021-06-25 14:44:33.558,36438.0
2021-06-25 14:44:33.563,31654.0
2021-06-25 14:44:33.568,31740.0
2021-06-25 14:44:33.573,31134.0
2021-06-25 14:44:33.578,36074.0
2021-06-25 14:44:33.583,31278.0
2021-06-25 14:44:33.588,30982.0
2021-06-25 14:44:33.593,31180.0
2021-06-25 14:44:33.598,32182.0
2021-06-25 14:44:33.603,30570.0
2021-06-25 14:44:33.608,32644.0
2021-06-25 14:44:33.613,34532.0
2021-06-25 14:44:33.618,34764.0
2021-06-25 14:44:33.623,33368.0
2021-06-25 14:44:33.628,39286.0
2021-06-25 14:44:33.633,36448.0
2021-06-25 14:44:33.638,36118.0
2021-06-25 14:44:33.643,36780.0
2021-06-25 14:44:33.648,36074.0
2021-06-25 14:44:33.653,36374.0
2021-06-25 14:44:33.658,37028.0
2021-06-25 14:44:33.663,38178.0
2021-06-25 14:44:33.668,37930.0
2021-06-25 14:44:33.673,37310.0
2021-06-25 14:44:33.678,37716.0
2021-06-25 14:44:33.683,38024.0
2021-06-25 14:44:33.688,36572.0
2021-06-25 14:44:33.693,37998.0
2021-06-25 14:44:33.698,36402.0
2021-06-25 14:44:33.703,38240.0
2021-06-25 14:44:33.708,30528.0
2021-06-25 14:44:33.713,32444.0
2021-06-25 14:44:33.718,31406.0
2021-06-25 14:44:33.723,34696.0
2021-06-25 14:44:33.728,33784.0
2021-06-25 14:44:33.733,35956.0
2021-06-25 14:44:33.738,33310.0
2021-06-25 14:44:33.743,30324.0
2021-06-25 14:44:33.748,30366.0
2021-06-25 14:44:33.753,34534.0
2021-06-25 14:44:33.758,32612.0
2021-06-25 14:44:33.763,31042.0
2021-06-25 14:44:33.768,34050.0
2021-06-25 14:44:33.773,39138.0
2021-06-25 14:44:33.778,39336.0
2021-06-25 14:44:33.783,39454.0
2021-06-25 14:44:33.788,38398.0
2021-06-25 14:44:33.793,38110.0
2021-06-25 14:44:33.798,37470.0
2021-06-25 14:44:33.803,37274.0
2021-06-25 14:44:33.808,38804.0
2021-06-25 14:44:33.813,38510.0
2021-06-25 14:44:33.818,37850.0
2021-06-25 14:44:33.823,37376.0
2021-06-25 14:44:33.828,37988.0
2021-06-25 14:44:33.833,37978.0
2021-06-25 14:44:33.838,40080.0
2021-06-25 14:44:33.843,36832.0
2021-06-25 14:44:33.848,37270.0
2021-06-25 14:44:33.853,31724.0
2021-06-25 14:44:33.858,32362.0
2021-06-25 14:44:33.863,32530.0
2021-06-25 14:44:33.868,34650.0
2021-06-25 14:44:33.873,30664.0
2021-06-25 14:44:33.878,30980.0
2021-06-25 14:44:33.883,31370.0
2021-06-25 14:44:33.888,32198.0
2021-06-25 14:44:33.893,34686.0
2021-06-25 14:44:33.898,31242.0
2021-06-25 14:44:33.903,31248.0
2021-06-25 14:44:33.908,30364.0
2021-06-25 14:44:33.913,33400.0
2021-06-25 14:44:33.918,39218.0
2021-06-25 14:44:33.923,37850.0
2021-06-25 14:44:33.928,37670.0
2021-06-25 14:44:33.933,37006.0
2021-06-25 14:44:33.938,36878.0
2021-06-25 14:44:33.943,36852.0
2021-06-25 14:44:33.948,35558.0
2021-06-25 14:44:33.953,38248.0
2021-06-25 14:44:33.959,39726.0
2021-06-25 14:44:33.963,37864.0
2021-06-25 14:44:33.968,37916.0
2021-06-25 14:44:33.973,38756.0
2021-06-25 14:44:33.978,38702.0
2021-06-25 14:44:33.983,36982.0
2021-06-25 14:44:33.988,37170.0
2021-06-25 14:44:33.993,33994.0
2021-06-25 14:44:33.998,30406.0
2021-06-25 14:44:34.003,30478.0
2021-06-25 14:44:34.008,32512.0
2021-06-25 14:44:34.013,32152.0
2021-06-25 14:44:34.018,36956.0
2021-06-25 14:44:34.023,34794.0
2021-06-25 14:44:34.028,33454.0
2021-06-25 14:44:34.033,31428.0
2021-06-25 14:44:34.038,31824.0
2021-06-25 14:44:34.044,32536.0
2021-06-25 14:44:34.048,32366.0
2021-06-25 14:44:34.053,30664.0
2021-06-25 14:44:34.058,29970.0
2021-06-25 14:44:34.063,36334.0
2021-06-25 14:44:34.068,37812.0
2021-06-25 14:44:34.073,35304.0
2021-06-25 14:44:34.078,36740.0
2021-06-25 14:44:34.083,36238.0
2021-06-25 14:44:34.088,30334.0
2021-06-25 14:44:34.093,35632.0
2021-06-25 14:44:34.098,38156.0
2021-06-25 14:44:34.103,38480.0
2021-06-25 14:44:34.108,38260.0
2021-06-25 14:44:34.113,38520.0
2021-06-25 14:44:34.118,37116.0
2021-06-25 14:44:34.123,37146.0
2021-06-25 14:44:34.129,37668.0
2021-06-25 14:44:34.133,35648.0
2021-06-25 14:44:34.138,30790.0
2021-06-25 14:44:34.143,31668.0
2021-06-25 14:44:34.148,31932.0
2021-06-25 14:44:34.153,33086.0
2021-06-25 14:44:34.158,31366.0
2021-06-25 14:44:34.163,31252.0
2021-06-25 14:44:34.168,35426.0
2021-06-25 14:44:34.173,32558.0
2021-06-25 14:44:34.178,31778.0
2021-06-25 14:44:34.183,32742.0
2021-06-25 14:44:34.188,30910.0
2021-06-25 14:44:34.193,31570.0
2021-06-25 14:44:34.198,30082.0
2021-06-25 14:44:34.203,31740.0
2021-06-25 14:44:34.208,37870.0
2021-06-25 14:44:34.213,38468.0
2021-06-25 14:44:34.218,36684.0
2021-06-25 14:44:34.223,37288.0
2021-06-25 14:44:34.228,38602.0
2021-06-25 14:44:34.233,36364.0
2021-06-25 14:44:34.238,32058.0
2021-06-25 14:44:34.243,34000.0
2021-06-25 14:44:34.248,35878.0
2021-06-25 14:44:34.253,38312.0
2021-06-25 14:44:34.258,37894.0
2021-06-25 14:44:34.263,36648.0
2021-06-25 14:44:34.268,37434.0
2021-06-25 14:44:34.273,39500.0
2021-06-25 14:44:34.278,37284.0
2021-06-25 14:44:34.283,30828.0
2021-06-25 14:44:34.288,28604.0
2021-06-25 14:44:34.293,28552.0
2021-06-25 14:44:34.298,30826.0
2021-06-25 14:44:34.303,27768.0
2021-06-25 14:44:34.308,28476.0
2021-06-25 14:44:34.313,32376.0
2021-06-25 14:44:34.318,28338.0
2021-06-25 14:44:34.323,30546.0
2021-06-25 14:44:34.328,28318.0
2021-06-25 14:44:34.333,28980.0
2021-06-25 14:44:34.338,27166.0
2021-06-25 14:44:34.343,30192.0
2021-06-25 14:44:34.348,32398.0
2021-06-25 14:44:34.353,34918.0
2021-06-25 14:44:34.358,34260.0
2021-06-25 14:44:34.363,33486.0
2021-06-25 14:44:34.368,35114.0
2021-06-25 14:44:34.373,35350.0
2021-06-25 14:44:34.378,34102.0
2021-06-25 14:44:34.383,34558.0
2021-06-25 14:44:34.388,35180.0
2021-06-25 14:44:34.393,32848.0
2021-06-25 14:44:34.398,34450.0
2021-06-25 14:44:34.403,34542.0
2021-06-25 14:44:34.408,33346.0
2021-06-25 14:44:34.413,34086.0
2021-06-25 14:44:34.418,36720.0
2021-06-25 14:44:34.423,37674.0
2021-06-25 14:44:34.428,36646.0
2021-06-25 14:44:34.433,31730.0
2021-06-25 14:44:34.438,30718.0
2021-06-25 14:44:34.443,28914.0
2021-06-25 14:44:34.448,31530.0
2021-06-25 14:44:34.453,30826.0
2021-06-25 14:44:34.458,35354.0
2021-06-25 14:44:34.472,31352.0
2021-06-25 14:44:34.473,30534.0
2021-06-25 14:44:34.475,30174.0
2021-06-25 14:44:34.478,31740.0
2021-06-25 14:44:34.483,32366.0
2021-06-25 14:44:34.488,30780.0
2021-06-25 14:44:34.493,35784.0
2021-06-25 14:44:34.498,36700.0
2021-06-25 14:44:34.503,35800.0
2021-06-25 14:44:34.508,36918.0
2021-06-25 14:44:34.513,36382.0
2021-06-25 14:44:34.518,37048.0
2021-06-25 14:44:34.523,36500.0
2021-06-25 14:44:34.528,37834.0
2021-06-25 14:44:34.533,39024.0
2021-06-25 14:44:34.538,36120.0
2021-06-25 14:44:34.543,35138.0
2021-06-25 14:44:34.548,37206.0
2021-06-25 14:44:34.553,37700.0
2021-06-25 14:44:34.558,36862.0
2021-06-25 14:44:34.563,36236.0
2021-06-25 14:44:34.568,32670.0
2021-06-25 14:44:34.573,32464.0
2021-06-25 14:44:34.578,30698.0
2021-06-25 14:44:34.583,32752.0
2021-06-25 14:44:34.588,30500.0
2021-06-25 14:44:34.593,34584.0
2021-06-25 14:44:34.599,30402.0
2021-06-25 14:44:34.603,30544.0
2021-06-25 14:44:34.608,31064.0
2021-06-25 14:44:34.613,30130.0
2021-06-25 14:44:34.618,31094.0
2021-06-25 14:44:34.623,30746.0
2021-06-25 14:44:34.628,36894.0
2021-06-25 14:44:34.633,38612.0
2021-06-25 14:44:34.638,35738.0
2021-06-25 14:44:34.643,32214.0
2021-06-25 14:44:34.648,35432.0
2021-06-25 14:44:34.653,36622.0
2021-06-25 14:44:34.658,35770.0
2021-06-25 14:44:34.663,36056.0
2021-06-25 14:44:34.668,37136.0
2021-06-25 14:44:34.673,36944.0
2021-06-25 14:44:34.678,37870.0
2021-06-25 14:44:34.684,38002.0
2021-06-25 14:44:34.688,33784.0
2021-06-25 14:44:34.693,34974.0
2021-06-25 14:44:34.698,37262.0
2021-06-25 14:44:34.703,36904.0
2021-06-25 14:44:34.708,30986.0
2021-06-25 14:44:34.713,30596.0
2021-06-25 14:44:34.718,32028.0
2021-06-25 14:44:34.723,32342.0
2021-06-25 14:44:34.728,31648.0
2021-06-25 14:44:34.733,36180.0
2021-06-25 14:44:34.738,33358.0
2021-06-25 14:44:34.743,33558.0
2021-06-25 14:44:34.748,30780.0
2021-06-25 14:44:34.753,30190.0
2021-06-25 14:44:34.758,31596.0
2021-06-25 14:44:34.763,30740.0
2021-06-25 14:44:34.769,35154.0
2021-06-25 14:44:34.773,36700.0
2021-06-25 14:44:34.778,37386.0
2021-06-25 14:44:34.783,37628.0
2021-06-25 14:44:34.788,36170.0
2021-06-25 14:44:34.793,34050.0
2021-06-25 14:44:34.798,36030.0
2021-06-25 14:44:34.803,35876.0
2021-06-25 14:44:34.808,36746.0
2021-06-25 14:44:34.813,36500.0
2021-06-25 14:44:34.818,38342.0
2021-06-25 14:44:34.823,38122.0
2021-06-25 14:44:34.828,36894.0
2021-06-25 14:44:34.833,35868.0
2021-06-25 14:44:34.838,37002.0
2021-06-25 14:44:34.843,37108.0
2021-06-25 14:44:34.848,29754.0
2021-06-25 14:44:34.853,30072.0
2021-06-25 14:44:34.858,30970.0
2021-06-25 14:44:34.863,31324.0
2021-06-25 14:44:34.868,35062.0
2021-06-25 14:44:34.873,30868.0
2021-06-25 14:44:34.878,31180.0
2021-06-25 14:44:34.883,30574.0
2021-06-25 14:44:34.888,30864.0
2021-06-25 14:44:34.893,31422.0
2021-06-25 14:44:34.898,32778.0
2021-06-25 14:44:34.903,29858.0
2021-06-25 14:44:34.908,35878.0
2021-06-25 14:44:34.913,37870.0
2021-06-25 14:44:34.918,37880.0
2021-06-25 14:44:34.923,38218.0
2021-06-25 14:44:34.928,36734.0
2021-06-25 14:44:34.933,37762.0
2021-06-25 14:44:34.938,37526.0
2021-06-25 14:44:34.943,36504.0
2021-06-25 14:44:34.948,37048.0
2021-06-25 14:44:34.953,35802.0
2021-06-25 14:44:34.958,36844.0
2021-06-25 14:44:34.963,37028.0
2021-06-25 14:44:34.968,36544.0
2021-06-25 14:44:34.973,37146.0
2021-06-25 14:44:34.978,37976.0
2021-06-25 14:44:34.983,28994.0
2021-06-25 14:44:34.988,30734.0
2021-06-25 14:44:34.993,29708.0
2021-06-25 14:44:34.998,31924.0
2021-06-25 14:44:35.003,29924.0
2021-06-25 14:44:35.008,31120.0
2021-06-25 14:44:35.013,29214.0
2021-06-25 14:44:35.018,31536.0
2021-06-25 14:44:35.023,29560.0
2021-06-25 14:44:35.028,29678.0
2021-06-25 14:44:35.033,30144.0
2021-06-25 14:44:35.038,29322.0
2021-06-25 14:44:35.043,36882.0
2021-06-25 14:44:35.048,36638.0
2021-06-25 14:44:35.053,36514.0
2021-06-25 14:44:35.058,36890.0
2021-06-25 14:44:35.063,35912.0
2021-06-25 14:44:35.068,36910.0
2021-06-25 14:44:35.073,36580.0
2021-06-25 14:44:35.078,35920.0
2021-06-25 14:44:35.083,35584.0
2021-06-25 14:44:35.088,36488.0
2021-06-25 14:44:35.093,36864.0
2021-06-25 14:44:35.098,36828.0
2021-06-25 14:44:35.103,34744.0
2021-06-25 14:44:35.108,35622.0
2021-06-25 14:44:35.113,35368.0
2021-06-25 14:44:35.118,36726.0
2021-06-25 14:44:35.123,30786.0
2021-06-25 14:44:35.128,29964.0
2021-06-25 14:44:35.133,32106.0
2021-06-25 14:44:35.138,29236.0
2021-06-25 14:44:35.143,29206.0
2021-06-25 14:44:35.148,31376.0
2021-06-25 14:44:35.153,32428.0
2021-06-25 14:44:35.158,31150.0
2021-06-25 14:44:35.163,31064.0
2021-06-25 14:44:35.168,29586.0
2021-06-25 14:44:35.173,31694.0
2021-06-25 14:44:35.178,31058.0
2021-06-25 14:44:35.183,36730.0
2021-06-25 14:44:35.188,36962.0
2021-06-25 14:44:35.193,39650.0
2021-06-25 14:44:35.198,33798.0
2021-06-25 14:44:35.203,36366.0
2021-06-25 14:44:35.208,36786.0
2021-06-25 14:44:35.213,36396.0
2021-06-25 14:44:35.218,37530.0
2021-06-25 14:44:35.223,36868.0
2021-06-25 14:44:35.228,34986.0
2021-06-25 14:44:35.233,37078.0
2021-06-25 14:44:35.239,35576.0
2021-06-25 14:44:35.243,31842.0
2021-06-25 14:44:35.248,34308.0
2021-06-25 14:44:35.253,35862.0
2021-06-25 14:44:35.258,33218.0
2021-06-25 14:44:35.263,30822.0
2021-06-25 14:44:35.268,31670.0
2021-06-25 14:44:35.273,33126.0
2021-06-25 14:44:35.278,27840.0
2021-06-25 14:44:35.283,28912.0
2021-06-25 14:44:35.288,30606.0
2021-06-25 14:44:35.293,28912.0
2021-06-25 14:44:35.298,28548.0
2021-06-25 14:44:35.303,26766.0
2021-06-25 14:44:35.308,30048.0
2021-06-25 14:44:35.313,27152.0
2021-06-25 14:44:35.318,30718.0
2021-06-25 14:44:35.324,34370.0
2021-06-25 14:44:35.328,35030.0
2021-06-25 14:44:35.333,35186.0
2021-06-25 14:44:35.338,35954.0
2021-06-25 14:44:35.343,35422.0
2021-06-25 14:44:35.348,33008.0
2021-06-25 14:44:35.353,36056.0
2021-06-25 14:44:35.358,35112.0
2021-06-25 14:44:35.363,36370.0
2021-06-25 14:44:35.368,34896.0
2021-06-25 14:44:35.373,36180.0
2021-06-25 14:44:35.378,36376.0
2021-06-25 14:44:35.383,35878.0
2021-06-25 14:44:35.388,37596.0
2021-06-25 14:44:35.393,35030.0
2021-06-25 14:44:35.398,33470.0
2021-06-25 14:44:35.403,28862.0
2021-06-25 14:44:35.409,29246.0
2021-06-25 14:44:35.413,31642.0
2021-06-25 14:44:35.418,31298.0
2021-06-25 14:44:35.423,33672.0
2021-06-25 14:44:35.428,29416.0
2021-06-25 14:44:35.433,30694.0
2021-06-25 14:44:35.438,31452.0
2021-06-25 14:44:35.443,29032.0
2021-06-25 14:44:35.448,31130.0
2021-06-25 14:44:35.453,31104.0
2021-06-25 14:44:35.458,30222.0
2021-06-25 14:44:35.463,34676.0
2021-06-25 14:44:35.468,36422.0
2021-06-25 14:44:35.473,36498.0
2021-06-25 14:44:35.478,39854.0
2021-06-25 14:44:35.483,37786.0
2021-06-25 14:44:35.488,41432.0
2021-06-25 14:44:35.493,36284.0
2021-06-25 14:44:35.498,40040.0
2021-06-25 14:44:35.503,41062.0
2021-06-25 14:44:35.508,39738.0
2021-06-25 14:44:35.513,40924.0
2021-06-25 14:44:35.518,40208.0
2021-06-25 14:44:35.523,41404.0
2021-06-25 14:44:35.528,40836.0
2021-06-25 14:44:35.533,41098.0
2021-06-25 14:44:35.538,40634.0
2021-06-25 14:44:35.543,34860.0
2021-06-25 14:44:35.548,34606.0
2021-06-25 14:44:35.553,35504.0
2021-06-25 14:44:35.558,35522.0
2021-06-25 14:44:35.563,39546.0
2021-06-25 14:44:35.568,36868.0
2021-06-25 14:44:35.573,33456.0
2021-06-25 14:44:35.578,36278.0
2021-06-25 14:44:35.583,35302.0
2021-06-25 14:44:35.588,36292.0
2021-06-25 14:44:35.593,32906.0
2021-06-25 14:44:35.598,36042.0
2021-06-25 14:44:35.603,40758.0
2021-06-25 14:44:35.608,39886.0
2021-06-25 14:44:35.613,40086.0
2021-06-25 14:44:35.618,39100.0
2021-06-25 14:44:35.623,38304.0
2021-06-25 14:44:35.628,38450.0
2021-06-25 14:44:35.633,39384.0
2021-06-25 14:44:35.638,39798.0
2021-06-25 14:44:35.643,38002.0
2021-06-25 14:44:35.648,37910.0
2021-06-25 14:44:35.653,37232.0
2021-06-25 14:44:35.658,38512.0
2021-06-25 14:44:35.663,37932.0
2021-06-25 14:44:35.668,40804.0
2021-06-25 14:44:35.673,40388.0
2021-06-25 14:44:35.678,39316.0
2021-06-25 14:44:35.683,31622.0
2021-06-25 14:44:35.688,33728.0
2021-06-25 14:44:35.693,34882.0
2021-06-25 14:44:35.698,33500.0
2021-06-25 14:44:35.703,31370.0
2021-06-25 14:44:35.708,31144.0
2021-06-25 14:44:35.713,31924.0
2021-06-25 14:44:35.718,32556.0
2021-06-25 14:44:35.723,31524.0
2021-06-25 14:44:35.728,33710.0
2021-06-25 14:44:35.733,30894.0
2021-06-25 14:44:35.738,32358.0
2021-06-25 14:44:35.743,39348.0
2021-06-25 14:44:35.748,38938.0
2021-06-25 14:44:35.753,38720.0
2021-06-25 14:44:35.758,38372.0
2021-06-25 14:44:35.763,35784.0
2021-06-25 14:44:35.768,38146.0
2021-06-25 14:44:35.773,37478.0
2021-06-25 14:44:35.778,38080.0
2021-06-25 14:44:35.783,38604.0
2021-06-25 14:44:35.788,39038.0
2021-06-25 14:44:35.793,37566.0
2021-06-25 14:44:35.798,37624.0
2021-06-25 14:44:35.803,35376.0
2021-06-25 14:44:35.808,35766.0
2021-06-25 14:44:35.813,35730.0
2021-06-25 14:44:35.818,29780.0
2021-06-25 14:44:35.823,31412.0
2021-06-25 14:44:35.828,33574.0
2021-06-25 14:44:35.833,32028.0
2021-06-25 14:44:35.838,29786.0
2021-06-25 14:44:35.843,33640.0
2021-06-25 14:44:35.848,30022.0
2021-06-25 14:44:35.853,31432.0
2021-06-25 14:44:35.858,30652.0
2021-06-25 14:44:35.863,31432.0
2021-06-25 14:44:35.868,29548.0
2021-06-25 14:44:35.873,31878.0
2021-06-25 14:44:35.879,37798.0
2021-06-25 14:44:35.883,36872.0
2021-06-25 14:44:35.888,37474.0
2021-06-25 14:44:35.893,35930.0
2021-06-25 14:44:35.898,32320.0
2021-06-25 14:44:35.903,36102.0
2021-06-25 14:44:35.908,36642.0
2021-06-25 14:44:35.913,36736.0
2021-06-25 14:44:35.918,37160.0
2021-06-25 14:44:35.923,36940.0
2021-06-25 14:44:35.928,38430.0
2021-06-25 14:44:35.933,35764.0
2021-06-25 14:44:35.938,36882.0
2021-06-25 14:44:35.943,35492.0
2021-06-25 14:44:35.948,37814.0
2021-06-25 14:44:35.953,36278.0
2021-06-25 14:44:35.958,32070.0
2021-06-25 14:44:35.964,32572.0
2021-06-25 14:44:35.968,33854.0
2021-06-25 14:44:35.973,32254.0
2021-06-25 14:44:35.978,32048.0
2021-06-25 14:44:35.983,31952.0
2021-06-25 14:44:35.988,31766.0
2021-06-25 14:44:35.993,31272.0
2021-06-25 14:44:35.998,31008.0
2021-06-25 14:44:36.003,28138.0
2021-06-25 14:44:36.008,28742.0
2021-06-25 14:44:36.013,30124.0
2021-06-25 14:44:36.018,36256.0
2021-06-25 14:44:36.023,37344.0
2021-06-25 14:44:36.028,36170.0
2021-06-25 14:44:36.033,35554.0
2021-06-25 14:44:36.038,37850.0
2021-06-25 14:44:36.043,35574.0
2021-06-25 14:44:36.049,35758.0
2021-06-25 14:44:36.053,34852.0
2021-06-25 14:44:36.058,35658.0
2021-06-25 14:44:36.063,35956.0
2021-06-25 14:44:36.068,34630.0
2021-06-25 14:44:36.073,33322.0
2021-06-25 14:44:36.078,34738.0
2021-06-25 14:44:36.083,35282.0
2021-06-25 14:44:36.088,35682.0
2021-06-25 14:44:36.093,33620.0
2021-06-25 14:44:36.098,31842.0
2021-06-25 14:44:36.103,30088.0
2021-06-25 14:44:36.108,31216.0
2021-06-25 14:44:36.113,31408.0
2021-06-25 14:44:36.118,33846.0
2021-06-25 14:44:36.123,32670.0
2021-06-25 14:44:36.128,31402.0
2021-06-25 14:44:36.133,32966.0
2021-06-25 14:44:36.138,30708.0
2021-06-25 14:44:36.143,31838.0
2021-06-25 14:44:36.148,29548.0
2021-06-25 14:44:36.153,31720.0
2021-06-25 14:44:36.158,37930.0
2021-06-25 14:44:36.163,37552.0
2021-06-25 14:44:36.168,37868.0
2021-06-25 14:44:36.173,35122.0
2021-06-25 14:44:36.178,37848.0
2021-06-25 14:44:36.183,38660.0
2021-06-25 14:44:36.188,37526.0
2021-06-25 14:44:36.193,34050.0
2021-06-25 14:44:36.198,31222.0
2021-06-25 14:44:36.203,36836.0
2021-06-25 14:44:36.208,37560.0
2021-06-25 14:44:36.213,35760.0
2021-06-25 14:44:36.218,36184.0
2021-06-25 14:44:36.223,37982.0
2021-06-25 14:44:36.228,36924.0
2021-06-25 14:44:36.233,30818.0
2021-06-25 14:44:36.238,30806.0
2021-06-25 14:44:36.243,31196.0
2021-06-25 14:44:36.248,30864.0
2021-06-25 14:44:36.253,31462.0
2021-06-25 14:44:36.258,33456.0
2021-06-25 14:44:36.263,32166.0
2021-06-25 14:44:36.268,30084.0
2021-06-25 14:44:36.273,31858.0
2021-06-25 14:44:36.278,31750.0
2021-06-25 14:44:36.283,32758.0
2021-06-25 14:44:36.288,29196.0
2021-06-25 14:44:36.293,30612.0
2021-06-25 14:44:36.298,32988.0
2021-06-25 14:44:36.303,34236.0
2021-06-25 14:44:36.308,37324.0
2021-06-25 14:44:36.313,37268.0
2021-06-25 14:44:36.318,37556.0
2021-06-25 14:44:36.323,37330.0
2021-06-25 14:44:36.328,37300.0
2021-06-25 14:44:36.333,38232.0
2021-06-25 14:44:36.338,36872.0
2021-06-25 14:44:36.343,36962.0
2021-06-25 14:44:36.348,36792.0
2021-06-25 14:44:36.353,36318.0
2021-06-25 14:44:36.358,36382.0
2021-06-25 14:44:36.363,35892.0
2021-06-25 14:44:36.368,36936.0
2021-06-25 14:44:36.373,31560.0
2021-06-25 14:44:36.378,31926.0
2021-06-25 14:44:36.383,32316.0
2021-06-25 14:44:36.388,31272.0
2021-06-25 14:44:36.393,32060.0
2021-06-25 14:44:36.398,34538.0
2021-06-25 14:44:36.403,34036.0
2021-06-25 14:44:36.408,31972.0
2021-06-25 14:44:36.413,29816.0
2021-06-25 14:44:36.418,30940.0
2021-06-25 14:44:36.423,29754.0
2021-06-25 14:44:36.428,30058.0
2021-06-25 14:44:36.433,30964.0
2021-06-25 14:44:36.438,35024.0
2021-06-25 14:44:36.443,35980.0
2021-06-25 14:44:36.448,36422.0
2021-06-25 14:44:36.453,34624.0
2021-06-25 14:44:36.458,37412.0
2021-06-25 14:44:36.463,36202.0
2021-06-25 14:44:36.468,35898.0
2021-06-25 14:44:36.473,36848.0
2021-06-25 14:44:36.478,38054.0
2021-06-25 14:44:36.483,37950.0
2021-06-25 14:44:36.488,37176.0
2021-06-25 14:44:36.493,38022.0
2021-06-25 14:44:36.498,36520.0
2021-06-25 14:44:36.503,36282.0
2021-06-25 14:44:36.508,37648.0
2021-06-25 14:44:36.513,37386.0
2021-06-25 14:44:36.519,31462.0
2021-06-25 14:44:36.523,31382.0
2021-06-25 14:44:36.528,32782.0
2021-06-25 14:44:36.533,31756.0
2021-06-25 14:44:36.538,31036.0
2021-06-25 14:44:36.543,34534.0
2021-06-25 14:44:36.548,31824.0
2021-06-25 14:44:36.553,31624.0
2021-06-25 14:44:36.558,30868.0
2021-06-25 14:44:36.563,31618.0
2021-06-25 14:44:36.568,31904.0
2021-06-25 14:44:36.573,33454.0
2021-06-25 14:44:36.578,30150.0
2021-06-25 14:44:36.583,35924.0
2021-06-25 14:44:36.588,37452.0
2021-06-25 14:44:36.593,37510.0
2021-06-25 14:44:36.598,36540.0
2021-06-25 14:44:36.604,35246.0
2021-06-25 14:44:36.608,36790.0
2021-06-25 14:44:36.613,34666.0
2021-06-25 14:44:36.618,37160.0
2021-06-25 14:44:36.623,36166.0
2021-06-25 14:44:36.628,37336.0
2021-06-25 14:44:36.633,37884.0
2021-06-25 14:44:36.638,37306.0
2021-06-25 14:44:36.643,36990.0
2021-06-25 14:44:36.648,38926.0
2021-06-25 14:44:36.653,36632.0
2021-06-25 14:44:36.658,33938.0
2021-06-25 14:44:36.663,36094.0
2021-06-25 14:44:36.668,31870.0
2021-06-25 14:44:36.673,31562.0
2021-06-25 14:44:36.678,33336.0
2021-06-25 14:44:36.683,30684.0
2021-06-25 14:44:36.689,30576.0
2021-06-25 14:44:36.693,36760.0
2021-06-25 14:44:36.698,32614.0
2021-06-25 14:44:36.703,31742.0
2021-06-25 14:44:36.708,30108.0
2021-06-25 14:44:36.713,31950.0
2021-06-25 14:44:36.718,29708.0
2021-06-25 14:44:36.723,32458.0
2021-06-25 14:44:36.728,31484.0
2021-06-25 14:44:36.733,36088.0
2021-06-25 14:44:36.738,38422.0
2021-06-25 14:44:36.743,38938.0
2021-06-25 14:44:36.748,38804.0
2021-06-25 14:44:36.753,35862.0
2021-06-25 14:44:36.758,36874.0
2021-06-25 14:44:36.763,36878.0
2021-06-25 14:44:36.768,37644.0
2021-06-25 14:44:36.773,37992.0
2021-06-25 14:44:36.778,37228.0
2021-06-25 14:44:36.783,36898.0
2021-06-25 14:44:36.788,38880.0
2021-06-25 14:44:36.793,37714.0
2021-06-25 14:44:36.798,38122.0
2021-06-25 14:44:36.803,36652.0
2021-06-25 14:44:36.808,37940.0
2021-06-25 14:44:36.813,29514.0
2021-06-25 14:44:36.818,30400.0
2021-06-25 14:44:36.823,33680.0
2021-06-25 14:44:36.828,31822.0
2021-06-25 14:44:36.833,30550.0
2021-06-25 14:44:36.838,31992.0
2021-06-25 14:44:36.843,31694.0
2021-06-25 14:44:36.848,30340.0
2021-06-25 14:44:36.853,30356.0
2021-06-25 14:44:36.858,31680.0
2021-06-25 14:44:36.863,30308.0
2021-06-25 14:44:36.868,31622.0
2021-06-25 14:44:36.881,38798.0
2021-06-25 14:44:36.882,37924.0
2021-06-25 14:44:36.884,39552.0
2021-06-25 14:44:36.888,38258.0
2021-06-25 14:44:36.893,38080.0
2021-06-25 14:44:36.898,37226.0
2021-06-25 14:44:36.903,33230.0
2021-06-25 14:44:36.908,34836.0
2021-06-25 14:44:36.913,36184.0
2021-06-25 14:44:36.918,36030.0
2021-06-25 14:44:36.923,36786.0
2021-06-25 14:44:36.928,37540.0
2021-06-25 14:44:36.933,37398.0
2021-06-25 14:44:36.938,35380.0
2021-06-25 14:44:36.943,37090.0
2021-06-25 14:44:36.948,36828.0
2021-06-25 14:44:36.953,33018.0
2021-06-25 14:44:36.958,31432.0
2021-06-25 14:44:36.963,30456.0
2021-06-25 14:44:36.968,33916.0
2021-06-25 14:44:36.973,31442.0
2021-06-25 14:44:36.978,33244.0
2021-06-25 14:44:36.983,30036.0
2021-06-25 14:44:36.988,32530.0
2021-06-25 14:44:36.993,32382.0
2021-06-25 14:44:36.998,29524.0
2021-06-25 14:44:37.003,29312.0
2021-06-25 14:44:37.008,30560.0
2021-06-25 14:44:37.013,28882.0
2021-06-25 14:44:37.018,30654.0
2021-06-25 14:44:37.023,37408.0
2021-06-25 14:44:37.028,37044.0
2021-06-25 14:44:37.033,35050.0
2021-06-25 14:44:37.038,38634.0
2021-06-25 14:44:37.043,37166.0
2021-06-25 14:44:37.048,36164.0
2021-06-25 14:44:37.053,36882.0
2021-06-25 14:44:37.058,34898.0
2021-06-25 14:44:37.063,34404.0
2021-06-25 14:44:37.068,36662.0
2021-06-25 14:44:37.073,35560.0
2021-06-25 14:44:37.078,35282.0
2021-06-25 14:44:37.083,36580.0
2021-06-25 14:44:37.088,38966.0
2021-06-25 14:44:37.093,35594.0
2021-06-25 14:44:37.098,29794.0
2021-06-25 14:44:37.103,30832.0
2021-06-25 14:44:37.108,32784.0
2021-06-25 14:44:37.113,29702.0
2021-06-25 14:44:37.118,29822.0
2021-06-25 14:44:37.123,34076.0
2021-06-25 14:44:37.128,34036.0
2021-06-25 14:44:37.133,29686.0
2021-06-25 14:44:37.138,31490.0
2021-06-25 14:44:37.143,30078.0
2021-06-25 14:44:37.148,31946.0
2021-06-25 14:44:37.153,30222.0
2021-06-25 14:44:37.159,31596.0
2021-06-25 14:44:37.163,35076.0
2021-06-25 14:44:37.168,36032.0
2021-06-25 14:44:37.173,37362.0
2021-06-25 14:44:37.178,36642.0
2021-06-25 14:44:37.183,36386.0
2021-06-25 14:44:37.188,34272.0
2021-06-25 14:44:37.193,36468.0
2021-06-25 14:44:37.198,36330.0
2021-06-25 14:44:37.203,33536.0
2021-06-25 14:44:37.208,34810.0
2021-06-25 14:44:37.213,36138.0
2021-06-25 14:44:37.218,35596.0
2021-06-25 14:44:37.223,37124.0
2021-06-25 14:44:37.228,36874.0
2021-06-25 14:44:37.233,38126.0
2021-06-25 14:44:37.238,30564.0
2021-06-25 14:44:37.244,32104.0
2021-06-25 14:44:37.248,32922.0
2021-06-25 14:44:37.253,32952.0
2021-06-25 14:44:37.258,31648.0
2021-06-25 14:44:37.263,36360.0
2021-06-25 14:44:37.268,29168.0
2021-06-25 14:44:37.273,31418.0
2021-06-25 14:44:37.278,32982.0
2021-06-25 14:44:37.283,31176.0
2021-06-25 14:44:37.288,30760.0
2021-06-25 14:44:37.293,29836.0
2021-06-25 14:44:37.298,32962.0
2021-06-25 14:44:37.303,34132.0
2021-06-25 14:44:37.308,34600.0
2021-06-25 14:44:37.313,37850.0
2021-06-25 14:44:37.318,37632.0
2021-06-25 14:44:37.323,36554.0
2021-06-25 14:44:37.329,37192.0
2021-06-25 14:44:37.333,39092.0
2021-06-25 14:44:37.338,39744.0
2021-06-25 14:44:37.343,37896.0
2021-06-25 14:44:37.348,37952.0
2021-06-25 14:44:37.353,37798.0
2021-06-25 14:44:37.358,36750.0
2021-06-25 14:44:37.363,36960.0
2021-06-25 14:44:37.368,36364.0
2021-06-25 14:44:37.373,36672.0
2021-06-25 14:44:37.378,37870.0
2021-06-25 14:44:37.383,32314.0
2021-06-25 14:44:37.388,32854.0
2021-06-25 14:44:37.393,32912.0
2021-06-25 14:44:37.398,32248.0
2021-06-25 14:44:37.403,31118.0
2021-06-25 14:44:37.408,34486.0
2021-06-25 14:44:37.413,34158.0
2021-06-25 14:44:37.418,31854.0
2021-06-25 14:44:37.423,30946.0
2021-06-25 14:44:37.428,32050.0
2021-06-25 14:44:37.433,32490.0
2021-06-25 14:44:37.438,33002.0
2021-06-25 14:44:37.443,38234.0
2021-06-25 14:44:37.448,38782.0
2021-06-25 14:44:37.453,35550.0
2021-06-25 14:44:37.458,34856.0
2021-06-25 14:44:37.463,36924.0
2021-06-25 14:44:37.468,36844.0
2021-06-25 14:44:37.473,36616.0
2021-06-25 14:44:37.478,38474.0
2021-06-25 14:44:37.483,36010.0
2021-06-25 14:44:37.488,37802.0
2021-06-25 14:44:37.493,37340.0
2021-06-25 14:44:37.498,38222.0
2021-06-25 14:44:37.503,38224.0
2021-06-25 14:44:37.508,36400.0
2021-06-25 14:44:37.513,37172.0
2021-06-25 14:44:37.518,36596.0
2021-06-25 14:44:37.523,31822.0
2021-06-25 14:44:37.528,31936.0
2021-06-25 14:44:37.533,31108.0
2021-06-25 14:44:37.538,34708.0
2021-06-25 14:44:37.543,31544.0
2021-06-25 14:44:37.548,34370.0
2021-06-25 14:44:37.553,30780.0
2021-06-25 14:44:37.558,32512.0
2021-06-25 14:44:37.563,31192.0
2021-06-25 14:44:37.568,31500.0
2021-06-25 14:44:37.573,32330.0
2021-06-25 14:44:37.578,30842.0
2021-06-25 14:44:37.583,32204.0
2021-06-25 14:44:37.588,39502.0
2021-06-25 14:44:37.593,37546.0
2021-06-25 14:44:37.598,37234.0
2021-06-25 14:44:37.603,38222.0
2021-06-25 14:44:37.608,35744.0
2021-06-25 14:44:37.613,38178.0
2021-06-25 14:44:37.618,37942.0
2021-06-25 14:44:37.623,36056.0
2021-06-25 14:44:37.628,36882.0
2021-06-25 14:44:37.633,37690.0
2021-06-25 14:44:37.638,37802.0
2021-06-25 14:44:37.643,37252.0
2021-06-25 14:44:37.648,38480.0
2021-06-25 14:44:37.653,36216.0
2021-06-25 14:44:37.658,36720.0
2021-06-25 14:44:37.663,35876.0
2021-06-25 14:44:37.668,31878.0
2021-06-25 14:44:37.673,32178.0
2021-06-25 14:44:37.678,33624.0
2021-06-25 14:44:37.683,31162.0
2021-06-25 14:44:37.688,36232.0
2021-06-25 14:44:37.693,34764.0
2021-06-25 14:44:37.698,31524.0
2021-06-25 14:44:37.703,31880.0
2021-06-25 14:44:37.708,32032.0
2021-06-25 14:44:37.713,28724.0
2021-06-25 14:44:37.718,30728.0
2021-06-25 14:44:37.723,29416.0
2021-06-25 14:44:37.728,31562.0
2021-06-25 14:44:37.733,37924.0
2021-06-25 14:44:37.738,37714.0
2021-06-25 14:44:37.743,38520.0
2021-06-25 14:44:37.748,38378.0
2021-06-25 14:44:37.753,37190.0
2021-06-25 14:44:37.758,36338.0
2021-06-25 14:44:37.763,38074.0
2021-06-25 14:44:37.768,38176.0
2021-06-25 14:44:37.773,37828.0
2021-06-25 14:44:37.778,37756.0
2021-06-25 14:44:37.783,38196.0
2021-06-25 14:44:37.788,38198.0
2021-06-25 14:44:37.793,36992.0
2021-06-25 14:44:37.799,37044.0
2021-06-25 14:44:37.803,37694.0
2021-06-25 14:44:37.808,32080.0
2021-06-25 14:44:37.813,29804.0
2021-06-25 14:44:37.818,29328.0
2021-06-25 14:44:37.823,30422.0
2021-06-25 14:44:37.828,30944.0
2021-06-25 14:44:37.833,30882.0
2021-06-25 14:44:37.838,31114.0
2021-06-25 14:44:37.843,31094.0
2021-06-25 14:44:37.848,30258.0
2021-06-25 14:44:37.853,32078.0
2021-06-25 14:44:37.858,29604.0
2021-06-25 14:44:37.863,30658.0
2021-06-25 14:44:37.868,33034.0
2021-06-25 14:44:37.873,36708.0
2021-06-25 14:44:37.878,37514.0
2021-06-25 14:44:37.884,35740.0
2021-06-25 14:44:37.888,37730.0
2021-06-25 14:44:37.893,37042.0
2021-06-25 14:44:37.898,38860.0
2021-06-25 14:44:37.903,36410.0
2021-06-25 14:44:37.908,30858.0
2021-06-25 14:44:37.913,34152.0
2021-06-25 14:44:37.918,36682.0
2021-06-25 14:44:37.923,37424.0
2021-06-25 14:44:37.928,39102.0
2021-06-25 14:44:37.933,38116.0
2021-06-25 14:44:37.938,37026.0
2021-06-25 14:44:37.943,36438.0
2021-06-25 14:44:37.948,30606.0
2021-06-25 14:44:37.953,32254.0
2021-06-25 14:44:37.958,32260.0
2021-06-25 14:44:37.963,33800.0
2021-06-25 14:44:37.969,32240.0
2021-06-25 14:44:37.973,33320.0
2021-06-25 14:44:37.978,31284.0
2021-06-25 14:44:37.983,30504.0
2021-06-25 14:44:37.988,31170.0
2021-06-25 14:44:37.993,29868.0
2021-06-25 14:44:37.998,32896.0
2021-06-25 14:44:38.003,30346.0
2021-06-25 14:44:38.008,33666.0
2021-06-25 14:44:38.013,37788.0
2021-06-25 14:44:38.018,37798.0
2021-06-25 14:44:38.023,38074.0
2021-06-25 14:44:38.028,38114.0
2021-06-25 14:44:38.033,38340.0
2021-06-25 14:44:38.038,37916.0
2021-06-25 14:44:38.043,37746.0
2021-06-25 14:44:38.048,38706.0
2021-06-25 14:44:38.053,37216.0
2021-06-25 14:44:38.058,32866.0
2021-06-25 14:44:38.063,36536.0
2021-06-25 14:44:38.068,36084.0
2021-06-25 14:44:38.073,37346.0
2021-06-25 14:44:38.078,38762.0
2021-06-25 14:44:38.083,36016.0
2021-06-25 14:44:38.088,31684.0
2021-06-25 14:44:38.093,31622.0
2021-06-25 14:44:38.098,31770.0
2021-06-25 14:44:38.103,32474.0
2021-06-25 14:44:38.108,31108.0
2021-06-25 14:44:38.113,31036.0
2021-06-25 14:44:38.118,31334.0
2021-06-25 14:44:38.123,30134.0
2021-06-25 14:44:38.128,31458.0
2021-06-25 14:44:38.133,32084.0
2021-06-25 14:44:38.138,28666.0
2021-06-25 14:44:38.143,29344.0
2021-06-25 14:44:38.148,30026.0
2021-06-25 14:44:38.153,32740.0
2021-06-25 14:44:38.158,34082.0
2021-06-25 14:44:38.163,33794.0
2021-06-25 14:44:38.168,34604.0
2021-06-25 14:44:38.173,34914.0
2021-06-25 14:44:38.178,34542.0
2021-06-25 14:44:38.183,33234.0
2021-06-25 14:44:38.188,34236.0
2021-06-25 14:44:38.193,37578.0
2021-06-25 14:44:38.198,34250.0
2021-06-25 14:44:38.203,30628.0
2021-06-25 14:44:38.208,35630.0
2021-06-25 14:44:38.213,32232.0
2021-06-25 14:44:38.218,35514.0
2021-06-25 14:44:38.223,33424.0
2021-06-25 14:44:38.228,34194.0
2021-06-25 14:44:38.233,32740.0
2021-06-25 14:44:38.238,30868.0
2021-06-25 14:44:38.243,28276.0
2021-06-25 14:44:38.248,29662.0
2021-06-25 14:44:38.253,28748.0
2021-06-25 14:44:38.258,29056.0
2021-06-25 14:44:38.263,30888.0
2021-06-25 14:44:38.268,31192.0
2021-06-25 14:44:38.273,28542.0
2021-06-25 14:44:38.278,29642.0
2021-06-25 14:44:38.283,30160.0
2021-06-25 14:44:38.288,33420.0
2021-06-25 14:44:38.293,31288.0
2021-06-25 14:44:38.298,32848.0
2021-06-25 14:44:38.303,31740.0
2021-06-25 14:44:38.308,39092.0
2021-06-25 14:44:38.313,38394.0
2021-06-25 14:44:38.318,38368.0
2021-06-25 14:44:38.323,39460.0
2021-06-25 14:44:38.328,37510.0
2021-06-25 14:44:38.333,39598.0
2021-06-25 14:44:38.338,38784.0
2021-06-25 14:44:38.343,39712.0
2021-06-25 14:44:38.348,39106.0
2021-06-25 14:44:38.353,36790.0
2021-06-25 14:44:38.358,37550.0
2021-06-25 14:44:38.363,40298.0
2021-06-25 14:44:38.368,40698.0
2021-06-25 14:44:38.373,38352.0
2021-06-25 14:44:38.378,38532.0
2021-06-25 14:44:38.383,33352.0
2021-06-25 14:44:38.388,32704.0
2021-06-25 14:44:38.393,34370.0
2021-06-25 14:44:38.398,35204.0
2021-06-25 14:44:38.403,33356.0
2021-06-25 14:44:38.408,31272.0
2021-06-25 14:44:38.413,34400.0
2021-06-25 14:44:38.418,31444.0
2021-06-25 14:44:38.423,32916.0
2021-06-25 14:44:38.428,31772.0
2021-06-25 14:44:38.433,32224.0
2021-06-25 14:44:38.439,33328.0
2021-06-25 14:44:38.443,34172.0
2021-06-25 14:44:38.448,39482.0
2021-06-25 14:44:38.453,36940.0
2021-06-25 14:44:38.458,32906.0
2021-06-25 14:44:38.463,35472.0
2021-06-25 14:44:38.468,38458.0
2021-06-25 14:44:38.473,38512.0
2021-06-25 14:44:38.478,37444.0
2021-06-25 14:44:38.483,37504.0
2021-06-25 14:44:38.488,38430.0
2021-06-25 14:44:38.493,37842.0
2021-06-25 14:44:38.498,35920.0
2021-06-25 14:44:38.503,38896.0
2021-06-25 14:44:38.508,33238.0
2021-06-25 14:44:38.513,35006.0
2021-06-25 14:44:38.518,36098.0
2021-06-25 14:44:38.524,37776.0
2021-06-25 14:44:38.528,32064.0
2021-06-25 14:44:38.533,32912.0
2021-06-25 14:44:38.538,33974.0
2021-06-25 14:44:38.543,33146.0
2021-06-25 14:44:38.548,32260.0
2021-06-25 14:44:38.553,32952.0
2021-06-25 14:44:38.558,32260.0
2021-06-25 14:44:38.563,33246.0
2021-06-25 14:44:38.568,31730.0
2021-06-25 14:44:38.573,30432.0
2021-06-25 14:44:38.578,33404.0
2021-06-25 14:44:38.583,30396.0
2021-06-25 14:44:38.588,38454.0
2021-06-25 14:44:38.593,38368.0
2021-06-25 14:44:38.598,36410.0
2021-06-25 14:44:38.603,38438.0
2021-06-25 14:44:38.609,32776.0
2021-06-25 14:44:38.613,36278.0
2021-06-25 14:44:38.618,35892.0
2021-06-25 14:44:38.623,37818.0
2021-06-25 14:44:38.628,38260.0
2021-06-25 14:44:38.633,37326.0
2021-06-25 14:44:38.638,37488.0
2021-06-25 14:44:38.643,38222.0
2021-06-25 14:44:38.648,37012.0
2021-06-25 14:44:38.653,38712.0
2021-06-25 14:44:38.658,37290.0
2021-06-25 14:44:38.663,36202.0
2021-06-25 14:44:38.668,29666.0
2021-06-25 14:44:38.673,31946.0
2021-06-25 14:44:38.678,31586.0
2021-06-25 14:44:38.683,31280.0
2021-06-25 14:44:38.688,31084.0
2021-06-25 14:44:38.693,34968.0
2021-06-25 14:44:38.698,31272.0
2021-06-25 14:44:38.703,32840.0
2021-06-25 14:44:38.708,30278.0
2021-06-25 14:44:38.713,31854.0
2021-06-25 14:44:38.718,30210.0
2021-06-25 14:44:38.723,32244.0
2021-06-25 14:44:38.728,30032.0
2021-06-25 14:44:38.733,37380.0
2021-06-25 14:44:38.738,37530.0
2021-06-25 14:44:38.743,38992.0
2021-06-25 14:44:38.748,39164.0
2021-06-25 14:44:38.753,39126.0
2021-06-25 14:44:38.758,36612.0
2021-06-25 14:44:38.763,37942.0
2021-06-25 14:44:38.768,37668.0
2021-06-25 14:44:38.773,36144.0
2021-06-25 14:44:38.778,37134.0
2021-06-25 14:44:38.783,36960.0
2021-06-25 14:44:38.788,36222.0
2021-06-25 14:44:38.793,37160.0
2021-06-25 14:44:38.798,37632.0
2021-06-25 14:44:38.803,37136.0
2021-06-25 14:44:38.808,32086.0
2021-06-25 14:44:38.813,31592.0
2021-06-25 14:44:38.818,31458.0
2021-06-25 14:44:38.823,32906.0
2021-06-25 14:44:38.828,30318.0
2021-06-25 14:44:38.833,31970.0
2021-06-25 14:44:38.838,29970.0
2021-06-25 14:44:38.843,30842.0
2021-06-25 14:44:38.848,30428.0
2021-06-25 14:44:38.853,33106.0
2021-06-25 14:44:38.858,29990.0
2021-06-25 14:44:38.863,32586.0
2021-06-25 14:44:38.868,31386.0
2021-06-25 14:44:38.873,36940.0
2021-06-25 14:44:38.878,37038.0
2021-06-25 14:44:38.883,36570.0
2021-06-25 14:44:38.888,36264.0
2021-06-25 14:44:38.893,36274.0
2021-06-25 14:44:38.898,36000.0
2021-06-25 14:44:38.903,38876.0
2021-06-25 14:44:38.908,36448.0
2021-06-25 14:44:38.913,33002.0
2021-06-25 14:44:38.918,36618.0
2021-06-25 14:44:38.923,36690.0
2021-06-25 14:44:38.928,36750.0
2021-06-25 14:44:38.933,36048.0
2021-06-25 14:44:38.938,37130.0
2021-06-25 14:44:38.943,38772.0
2021-06-25 14:44:38.948,30328.0
2021-06-25 14:44:38.953,33002.0
2021-06-25 14:44:38.958,31874.0
2021-06-25 14:44:38.963,33728.0
2021-06-25 14:44:38.968,31114.0
2021-06-25 14:44:38.973,35194.0
2021-06-25 14:44:38.978,31570.0
2021-06-25 14:44:38.983,30238.0
2021-06-25 14:44:38.988,31710.0
2021-06-25 14:44:38.993,32922.0
2021-06-25 14:44:38.998,30026.0
2021-06-25 14:44:39.003,31844.0
2021-06-25 14:44:39.008,29686.0
2021-06-25 14:44:39.013,29836.0
2021-06-25 14:44:39.018,37026.0
2021-06-25 14:44:39.023,37932.0
2021-06-25 14:44:39.028,36164.0
2021-06-25 14:44:39.033,36606.0
2021-06-25 14:44:39.038,37710.0
2021-06-25 14:44:39.043,38746.0
2021-06-25 14:44:39.048,35636.0
2021-06-25 14:44:39.053,38346.0
2021-06-25 14:44:39.058,39450.0
2021-06-25 14:44:39.063,36088.0
2021-06-25 14:44:39.068,37216.0
2021-06-25 14:44:39.073,34480.0
2021-06-25 14:44:39.079,36822.0
2021-06-25 14:44:39.083,37824.0
2021-06-25 14:44:39.088,36972.0
2021-06-25 14:44:39.093,31398.0
2021-06-25 14:44:39.098,31144.0
2021-06-25 14:44:39.103,31608.0
2021-06-25 14:44:39.108,32304.0
2021-06-25 14:44:39.113,31006.0
2021-06-25 14:44:39.118,31038.0
2021-06-25 14:44:39.123,29984.0
2021-06-25 14:44:39.128,30068.0
2021-06-25 14:44:39.133,32602.0
2021-06-25 14:44:39.138,33004.0
2021-06-25 14:44:39.143,30926.0
2021-06-25 14:44:39.148,32484.0
2021-06-25 14:44:39.153,32038.0
2021-06-25 14:44:39.158,38286.0
2021-06-25 14:44:39.164,35380.0
2021-06-25 14:44:39.168,37124.0
2021-06-25 14:44:39.173,36160.0
2021-06-25 14:44:39.178,37854.0
2021-06-25 14:44:39.183,37212.0
2021-06-25 14:44:39.188,35678.0
2021-06-25 14:44:39.193,38706.0
2021-06-25 14:44:39.198,35858.0
2021-06-25 14:44:39.203,37432.0
2021-06-25 14:44:39.208,36412.0
2021-06-25 14:44:39.213,37054.0
2021-06-25 14:44:39.218,38484.0
2021-06-25 14:44:39.223,37130.0
2021-06-25 14:44:39.228,37796.0
2021-06-25 14:44:39.233,37064.0
2021-06-25 14:44:39.238,31894.0
2021-06-25 14:44:39.243,31012.0
2021-06-25 14:44:39.249,32304.0
2021-06-25 14:44:39.253,31494.0
2021-06-25 14:44:39.258,31506.0
2021-06-25 14:44:39.263,35586.0
2021-06-25 14:44:39.268,32630.0
2021-06-25 14:44:39.273,33916.0
2021-06-25 14:44:39.278,32024.0
2021-06-25 14:44:39.292,32124.0
2021-06-25 14:44:39.293,31120.0
2021-06-25 14:44:39.295,31366.0
2021-06-25 14:44:39.298,34024.0
2021-06-25 14:44:39.303,38454.0
2021-06-25 14:44:39.308,38336.0
2021-06-25 14:44:39.313,38136.0
2021-06-25 14:44:39.318,37372.0
2021-06-25 14:44:39.323,38448.0
2021-06-25 14:44:39.328,38854.0
2021-06-25 14:44:39.333,37842.0
2021-06-25 14:44:39.338,38424.0
2021-06-25 14:44:39.343,37036.0
2021-06-25 14:44:39.348,39762.0
2021-06-25 14:44:39.353,38892.0
2021-06-25 14:44:39.358,36582.0
2021-06-25 14:44:39.363,32228.0
2021-06-25 14:44:39.368,35944.0
2021-06-25 14:44:39.373,38048.0
2021-06-25 14:44:39.378,35866.0
2021-06-25 14:44:39.383,33926.0
2021-06-25 14:44:39.388,32824.0
2021-06-25 14:44:39.393,34014.0
2021-06-25 14:44:39.398,31808.0
2021-06-25 14:44:39.403,32664.0
2021-06-25 14:44:39.408,32392.0
2021-06-25 14:44:39.413,30256.0
2021-06-25 14:44:39.418,31016.0
2021-06-25 14:44:39.423,31814.0
2021-06-25 14:44:39.428,32346.0
2021-06-25 14:44:39.433,29748.0
2021-06-25 14:44:39.438,30484.0
2021-06-25 14:44:39.443,37026.0
2021-06-25 14:44:39.448,39436.0
2021-06-25 14:44:39.453,37062.0
2021-06-25 14:44:39.458,37062.0
2021-06-25 14:44:39.463,33286.0
2021-06-25 14:44:39.468,34030.0
2021-06-25 14:44:39.473,37346.0
2021-06-25 14:44:39.478,36760.0
2021-06-25 14:44:39.483,38116.0
2021-06-25 14:44:39.488,37910.0
2021-06-25 14:44:39.493,37926.0
2021-06-25 14:44:39.498,39692.0
2021-06-25 14:44:39.503,37480.0
2021-06-25 14:44:39.508,37960.0
2021-06-25 14:44:39.513,34958.0
2021-06-25 14:44:39.518,36448.0
2021-06-25 14:44:39.523,30192.0
2021-06-25 14:44:39.528,29786.0
2021-06-25 14:44:39.533,32074.0
2021-06-25 14:44:39.538,31278.0
2021-06-25 14:44:39.543,36200.0
2021-06-25 14:44:39.548,34806.0
2021-06-25 14:44:39.553,30728.0
2021-06-25 14:44:39.558,34388.0
2021-06-25 14:44:39.563,29600.0
2021-06-25 14:44:39.568,31670.0
2021-06-25 14:44:39.573,31904.0
2021-06-25 14:44:39.578,31750.0
2021-06-25 14:44:39.583,34574.0
2021-06-25 14:44:39.588,36308.0
2021-06-25 14:44:39.593,38414.0
2021-06-25 14:44:39.598,37942.0
2021-06-25 14:44:39.603,37988.0
2021-06-25 14:44:39.608,36128.0
2021-06-25 14:44:39.613,34640.0
2021-06-25 14:44:39.618,34132.0
2021-06-25 14:44:39.623,37162.0
2021-06-25 14:44:39.628,34262.0
2021-06-25 14:44:39.633,37382.0
2021-06-25 14:44:39.638,36488.0
2021-06-25 14:44:39.643,37936.0
2021-06-25 14:44:39.648,37156.0
2021-06-25 14:44:39.653,38114.0
2021-06-25 14:44:39.658,37124.0
2021-06-25 14:44:39.663,32274.0
2021-06-25 14:44:39.668,31808.0
2021-06-25 14:44:39.673,31016.0
2021-06-25 14:44:39.678,32300.0
2021-06-25 14:44:39.683,29256.0
2021-06-25 14:44:39.688,34290.0
2021-06-25 14:44:39.693,29006.0
2021-06-25 14:44:39.698,31690.0
2021-06-25 14:44:39.703,29872.0
2021-06-25 14:44:39.708,32476.0
2021-06-25 14:44:39.713,28790.0
2021-06-25 14:44:39.719,29822.0
2021-06-25 14:44:39.723,30472.0
2021-06-25 14:44:39.728,36088.0
2021-06-25 14:44:39.733,37114.0
2021-06-25 14:44:39.738,38002.0
2021-06-25 14:44:39.743,38250.0
2021-06-25 14:44:39.748,37372.0
2021-06-25 14:44:39.753,36832.0
2021-06-25 14:44:39.758,37844.0
2021-06-25 14:44:39.763,37064.0
2021-06-25 14:44:39.768,36192.0
2021-06-25 14:44:39.773,36858.0
2021-06-25 14:44:39.778,37406.0
2021-06-25 14:44:39.783,36190.0
2021-06-25 14:44:39.788,37032.0
2021-06-25 14:44:39.793,34932.0
2021-06-25 14:44:39.798,38198.0
2021-06-25 14:44:39.804,33220.0
2021-06-25 14:44:39.808,32408.0
2021-06-25 14:44:39.813,30992.0
2021-06-25 14:44:39.818,31924.0
2021-06-25 14:44:39.823,29950.0
2021-06-25 14:44:39.828,34542.0
2021-06-25 14:44:39.833,29540.0
2021-06-25 14:44:39.838,29482.0
2021-06-25 14:44:39.843,31190.0
2021-06-25 14:44:39.848,30166.0
2021-06-25 14:44:39.853,32300.0
2021-06-25 14:44:39.858,32316.0
2021-06-25 14:44:39.863,31444.0
2021-06-25 14:44:39.868,34580.0
2021-06-25 14:44:39.873,37320.0
2021-06-25 14:44:39.878,36518.0
2021-06-25 14:44:39.883,35524.0
2021-06-25 14:44:39.889,36796.0
2021-06-25 14:44:39.893,36832.0
2021-06-25 14:44:39.898,38028.0
2021-06-25 14:44:39.903,37072.0
2021-06-25 14:44:39.908,35980.0
2021-06-25 14:44:39.913,35802.0
2021-06-25 14:44:39.918,36540.0
2021-06-25 14:44:39.923,36304.0
2021-06-25 14:44:39.928,37968.0
2021-06-25 14:44:39.933,38038.0
2021-06-25 14:44:39.938,37596.0
2021-06-25 14:44:39.943,33564.0
2021-06-25 14:44:39.948,30992.0
2021-06-25 14:44:39.953,32140.0
2021-06-25 14:44:39.958,33456.0
2021-06-25 14:44:39.963,30538.0
2021-06-25 14:44:39.968,33250.0
2021-06-25 14:44:39.973,31176.0
2021-06-25 14:44:39.978,31376.0
2021-06-25 14:44:39.983,31976.0
2021-06-25 14:44:39.988,30590.0
2021-06-25 14:44:39.993,31996.0
2021-06-25 14:44:39.998,32608.0
2021-06-25 14:44:40.003,31894.0
2021-06-25 14:44:40.008,40142.0
2021-06-25 14:44:40.013,37782.0
2021-06-25 14:44:40.018,36288.0
2021-06-25 14:44:40.023,37344.0
2021-06-25 14:44:40.028,38686.0
2021-06-25 14:44:40.033,40544.0
2021-06-25 14:44:40.038,37678.0
2021-06-25 14:44:40.043,37704.0
2021-06-25 14:44:40.048,38058.0
2021-06-25 14:44:40.053,38100.0
2021-06-25 14:44:40.058,38428.0
2021-06-25 14:44:40.063,39400.0
2021-06-25 14:44:40.068,36088.0
2021-06-25 14:44:40.073,37152.0
2021-06-25 14:44:40.078,36592.0
2021-06-25 14:44:40.083,35066.0
2021-06-25 14:44:40.088,30448.0
2021-06-25 14:44:40.093,33800.0
2021-06-25 14:44:40.098,34594.0
2021-06-25 14:44:40.103,33156.0
2021-06-25 14:44:40.108,36838.0
2021-06-25 14:44:40.113,31756.0
2021-06-25 14:44:40.118,31660.0
2021-06-25 14:44:40.123,31612.0
2021-06-25 14:44:40.128,30016.0
2021-06-25 14:44:40.133,32486.0
2021-06-25 14:44:40.138,31186.0
2021-06-25 14:44:40.143,32476.0
2021-06-25 14:44:40.148,33722.0
2021-06-25 14:44:40.153,36508.0
2021-06-25 14:44:40.158,38450.0
2021-06-25 14:44:40.163,36606.0
2021-06-25 14:44:40.168,33984.0
2021-06-25 14:44:40.173,35332.0
2021-06-25 14:44:40.178,37294.0
2021-06-25 14:44:40.183,36488.0
2021-06-25 14:44:40.188,38788.0
2021-06-25 14:44:40.193,38556.0
2021-06-25 14:44:40.198,38394.0
2021-06-25 14:44:40.203,36184.0
2021-06-25 14:44:40.208,36990.0
2021-06-25 14:44:40.213,34788.0
2021-06-25 14:44:40.218,38014.0
2021-06-25 14:44:40.223,36338.0
2021-06-25 14:44:40.228,31422.0
2021-06-25 14:44:40.233,29584.0
2021-06-25 14:44:40.238,30432.0
2021-06-25 14:44:40.243,30364.0
2021-06-25 14:44:40.248,30068.0
2021-06-25 14:44:40.253,33840.0
2021-06-25 14:44:40.258,30128.0
2021-06-25 14:44:40.263,31044.0
2021-06-25 14:44:40.268,29030.0
2021-06-25 14:44:40.273,29394.0
2021-06-25 14:44:40.278,30236.0
2021-06-25 14:44:40.283,34086.0
2021-06-25 14:44:40.288,36844.0
2021-06-25 14:44:40.293,36528.0
2021-06-25 14:44:40.298,38320.0
2021-06-25 14:44:40.303,37326.0
2021-06-25 14:44:40.308,36052.0
2021-06-25 14:44:40.313,32844.0
2021-06-25 14:44:40.318,31028.0
2021-06-25 14:44:40.323,33374.0
2021-06-25 14:44:40.328,37592.0
2021-06-25 14:44:40.333,37048.0
2021-06-25 14:44:40.338,36252.0
2021-06-25 14:44:40.343,35020.0
2021-06-25 14:44:40.348,37382.0
2021-06-25 14:44:40.353,36498.0
2021-06-25 14:44:40.359,38176.0
2021-06-25 14:44:40.363,35016.0
2021-06-25 14:44:40.368,31448.0
2021-06-25 14:44:40.373,30740.0
2021-06-25 14:44:40.378,30314.0
2021-06-25 14:44:40.383,33912.0
2021-06-25 14:44:40.388,32968.0
2021-06-25 14:44:40.393,31704.0
2021-06-25 14:44:40.398,32394.0
2021-06-25 14:44:40.403,32722.0
2021-06-25 14:44:40.408,30228.0
2021-06-25 14:44:40.413,31772.0
2021-06-25 14:44:40.418,29748.0
2021-06-25 14:44:40.423,30808.0
2021-06-25 14:44:40.428,31064.0
2021-06-25 14:44:40.433,35764.0
2021-06-25 14:44:40.438,35876.0
2021-06-25 14:44:40.444,34846.0
2021-06-25 14:44:40.448,35096.0
2021-06-25 14:44:40.453,37226.0
2021-06-25 14:44:40.458,35114.0
2021-06-25 14:44:40.463,34128.0
2021-06-25 14:44:40.468,29576.0
2021-06-25 14:44:40.473,35718.0
2021-06-25 14:44:40.478,36546.0
2021-06-25 14:44:40.483,37152.0
2021-06-25 14:44:40.488,36428.0
2021-06-25 14:44:40.493,37064.0
2021-06-25 14:44:40.498,37498.0
2021-06-25 14:44:40.503,37534.0
2021-06-25 14:44:40.508,36560.0
2021-06-25 14:44:40.513,34126.0
2021-06-25 14:44:40.518,31498.0
2021-06-25 14:44:40.523,30072.0
2021-06-25 14:44:40.529,31570.0
2021-06-25 14:44:40.533,33886.0
2021-06-25 14:44:40.538,31432.0
2021-06-25 14:44:40.543,30982.0
2021-06-25 14:44:40.548,29712.0
2021-06-25 14:44:40.553,32546.0
2021-06-25 14:44:40.558,31316.0
2021-06-25 14:44:40.563,30826.0
2021-06-25 14:44:40.568,30534.0
2021-06-25 14:44:40.573,33090.0
2021-06-25 14:44:40.578,32130.0
2021-06-25 14:44:40.583,38204.0
2021-06-25 14:44:40.588,37038.0
2021-06-25 14:44:40.593,38594.0
2021-06-25 14:44:40.598,38612.0
2021-06-25 14:44:40.603,39686.0
2021-06-25 14:44:40.608,37172.0
2021-06-25 14:44:40.613,37324.0
2021-06-25 14:44:40.618,35528.0
2021-06-25 14:44:40.623,35822.0
2021-06-25 14:44:40.628,36596.0
2021-06-25 14:44:40.633,37942.0
2021-06-25 14:44:40.638,37724.0
2021-06-25 14:44:40.643,35380.0
2021-06-25 14:44:40.648,36036.0
2021-06-25 14:44:40.653,38004.0
2021-06-25 14:44:40.658,31924.0
2021-06-25 14:44:40.663,30982.0
2021-06-25 14:44:40.668,31506.0
2021-06-25 14:44:40.673,33112.0
2021-06-25 14:44:40.678,29876.0
2021-06-25 14:44:40.683,35086.0
2021-06-25 14:44:40.688,29206.0
2021-06-25 14:44:40.693,32294.0
2021-06-25 14:44:40.698,31838.0
2021-06-25 14:44:40.703,32110.0
2021-06-25 14:44:40.708,28364.0
2021-06-25 14:44:40.713,30658.0
2021-06-25 14:44:40.718,29214.0
2021-06-25 14:44:40.723,33374.0
2021-06-25 14:44:40.728,34666.0
2021-06-25 14:44:40.733,33972.0
2021-06-25 14:44:40.738,32740.0
2021-06-25 14:44:40.743,34702.0
2021-06-25 14:44:40.748,35216.0
2021-06-25 14:44:40.753,33800.0
2021-06-25 14:44:40.758,33148.0
2021-06-25 14:44:40.763,34850.0
2021-06-25 14:44:40.768,32614.0
2021-06-25 14:44:40.773,33732.0
2021-06-25 14:44:40.778,34604.0
2021-06-25 14:44:40.783,34656.0
2021-06-25 14:44:40.788,34086.0
2021-06-25 14:44:40.793,36252.0
2021-06-25 14:44:40.798,29512.0
2021-06-25 14:44:40.803,28568.0
2021-06-25 14:44:40.808,29812.0
2021-06-25 14:44:40.813,30740.0
2021-06-25 14:44:40.818,31950.0
2021-06-25 14:44:40.823,32648.0
2021-06-25 14:44:40.828,29332.0
2021-06-25 14:44:40.833,29092.0
2021-06-25 14:44:40.838,27234.0
2021-06-25 14:44:40.843,30380.0
2021-06-25 14:44:40.848,27080.0
2021-06-25 14:44:40.853,29958.0
2021-06-25 14:44:40.858,34240.0
2021-06-25 14:44:40.863,36854.0
2021-06-25 14:44:40.868,35766.0
2021-06-25 14:44:40.873,35200.0
2021-06-25 14:44:40.878,35334.0
2021-06-25 14:44:40.883,33990.0
2021-06-25 14:44:40.888,34322.0
2021-06-25 14:44:40.893,35210.0
2021-06-25 14:44:40.898,36648.0
2021-06-25 14:44:40.903,36216.0
2021-06-25 14:44:40.908,35908.0
2021-06-25 14:44:40.913,37274.0
2021-06-25 14:44:40.918,35960.0
2021-06-25 14:44:40.923,32156.0
2021-06-25 14:44:40.928,33574.0
2021-06-25 14:44:40.933,34960.0
2021-06-25 14:44:40.938,29236.0
2021-06-25 14:44:40.943,31078.0
2021-06-25 14:44:40.948,31976.0
2021-06-25 14:44:40.953,29766.0
2021-06-25 14:44:40.958,29954.0
2021-06-25 14:44:40.963,34026.0
2021-06-25 14:44:40.968,29920.0
2021-06-25 14:44:40.973,30534.0
2021-06-25 14:44:40.978,30664.0
2021-06-25 14:44:40.983,28620.0
2021-06-25 14:44:40.988,29856.0
2021-06-25 14:44:40.993,29452.0
2021-06-25 14:44:40.999,37530.0
2021-06-25 14:44:41.003,37238.0
2021-06-25 14:44:41.008,36062.0
2021-06-25 14:44:41.013,37582.0
2021-06-25 14:44:41.018,38146.0
2021-06-25 14:44:41.023,33896.0
2021-06-25 14:44:41.028,35412.0
2021-06-25 14:44:41.033,34214.0
2021-06-25 14:44:41.038,36350.0
2021-06-25 14:44:41.043,36704.0
2021-06-25 14:44:41.048,35450.0
2021-06-25 14:44:41.053,35004.0
2021-06-25 14:44:41.058,35206.0
2021-06-25 14:44:41.063,36898.0
2021-06-25 14:44:41.068,37542.0
2021-06-25 14:44:41.073,34990.0
2021-06-25 14:44:41.078,29010.0
2021-06-25 14:44:41.084,30016.0
2021-06-25 14:44:41.088,31254.0
2021-06-25 14:44:41.093,28810.0
2021-06-25 14:44:41.098,30954.0
2021-06-25 14:44:41.103,31468.0
2021-06-25 14:44:41.108,31570.0
2021-06-25 14:44:41.113,29722.0
2021-06-25 14:44:41.118,32176.0
2021-06-25 14:44:41.123,31500.0
2021-06-25 14:44:41.128,28026.0
2021-06-25 14:44:41.133,29842.0
2021-06-25 14:44:41.138,35332.0
2021-06-25 14:44:41.143,35802.0
2021-06-25 14:44:41.148,35502.0
2021-06-25 14:44:41.153,34866.0
2021-06-25 14:44:41.158,34312.0
2021-06-25 14:44:41.163,36564.0
2021-06-25 14:44:41.169,37416.0
2021-06-25 14:44:41.173,32394.0
2021-06-25 14:44:41.178,33552.0
2021-06-25 14:44:41.183,35322.0
2021-06-25 14:44:41.188,34994.0
2021-06-25 14:44:41.193,36464.0
2021-06-25 14:44:41.198,34270.0
2021-06-25 14:44:41.203,37058.0
2021-06-25 14:44:41.208,35150.0
2021-06-25 14:44:41.213,34290.0
2021-06-25 14:44:41.218,28804.0
2021-06-25 14:44:41.223,28616.0
2021-06-25 14:44:41.228,29918.0
2021-06-25 14:44:41.233,30364.0
2021-06-25 14:44:41.238,30314.0
2021-06-25 14:44:41.243,34724.0
2021-06-25 14:44:41.248,31062.0
2021-06-25 14:44:41.253,29240.0
2021-06-25 14:44:41.258,31336.0
2021-06-25 14:44:41.263,29206.0
2021-06-25 14:44:41.268,30648.0
2021-06-25 14:44:41.273,30524.0
2021-06-25 14:44:41.278,33928.0
2021-06-25 14:44:41.283,33836.0
2021-06-25 14:44:41.288,36072.0
2021-06-25 14:44:41.293,34462.0
2021-06-25 14:44:41.298,34846.0
2021-06-25 14:44:41.303,34912.0
2021-06-25 14:44:41.308,36042.0
2021-06-25 14:44:41.313,33394.0
2021-06-25 14:44:41.318,33510.0
2021-06-25 14:44:41.323,28390.0
2021-06-25 14:44:41.328,32214.0
2021-06-25 14:44:41.333,34126.0
2021-06-25 14:44:41.338,33958.0
2021-06-25 14:44:41.343,32720.0
2021-06-25 14:44:41.348,34706.0
2021-06-25 14:44:41.353,35534.0
2021-06-25 14:44:41.358,28116.0
2021-06-25 14:44:41.363,27500.0
2021-06-25 14:44:41.368,29714.0
2021-06-25 14:44:41.373,28816.0
2021-06-25 14:44:41.378,30320.0
2021-06-25 14:44:41.383,34272.0
2021-06-25 14:44:41.388,26808.0
2021-06-25 14:44:41.393,29758.0
2021-06-25 14:44:41.398,29262.0
2021-06-25 14:44:41.403,27736.0
2021-06-25 14:44:41.408,29692.0
2021-06-25 14:44:41.413,28924.0
2021-06-25 14:44:41.418,31562.0
2021-06-25 14:44:41.423,35112.0
2021-06-25 14:44:41.428,35806.0
2021-06-25 14:44:41.433,34954.0
2021-06-25 14:44:41.438,35082.0
2021-06-25 14:44:41.443,34594.0
2021-06-25 14:44:41.448,34642.0
2021-06-25 14:44:41.453,35898.0
2021-06-25 14:44:41.458,33600.0
2021-06-25 14:44:41.463,36104.0
2021-06-25 14:44:41.468,35892.0
2021-06-25 14:44:41.473,31136.0
2021-06-25 14:44:41.478,32614.0
2021-06-25 14:44:41.483,34404.0
2021-06-25 14:44:41.488,35174.0
2021-06-25 14:44:41.493,36294.0
2021-06-25 14:44:41.498,29332.0
2021-06-25 14:44:41.503,30448.0
2021-06-25 14:44:41.508,31936.0
2021-06-25 14:44:41.513,30242.0
2021-06-25 14:44:41.518,29086.0
2021-06-25 14:44:41.523,33954.0
2021-06-25 14:44:41.528,31258.0
2021-06-25 14:44:41.533,27532.0
2021-06-25 14:44:41.538,29570.0
2021-06-25 14:44:41.543,27850.0
2021-06-25 14:44:41.548,30478.0
2021-06-25 14:44:41.553,28806.0
2021-06-25 14:44:41.558,29332.0
2021-06-25 14:44:41.563,35554.0
2021-06-25 14:44:41.568,36134.0
2021-06-25 14:44:41.573,32658.0
2021-06-25 14:44:41.578,32930.0
2021-06-25 14:44:41.583,34092.0
2021-06-25 14:44:41.588,34240.0
2021-06-25 14:44:41.593,33454.0
2021-06-25 14:44:41.598,34216.0
2021-06-25 14:44:41.603,34882.0
2021-06-25 14:44:41.608,36534.0
2021-06-25 14:44:41.613,35174.0
2021-06-25 14:44:41.618,36246.0
2021-06-25 14:44:41.623,33328.0
2021-06-25 14:44:41.628,32444.0
2021-06-25 14:44:41.633,34842.0
2021-06-25 14:44:41.639,26814.0
2021-06-25 14:44:41.643,26940.0
2021-06-25 14:44:41.648,28158.0
2021-06-25 14:44:41.653,28472.0
2021-06-25 14:44:41.658,31334.0
2021-06-25 14:44:41.663,29964.0
2021-06-25 14:44:41.668,29804.0
2021-06-25 14:44:41.673,28290.0
2021-06-25 14:44:41.678,29986.0
2021-06-25 14:44:41.683,28372.0
2021-06-25 14:44:41.688,28154.0
2021-06-25 14:44:41.701,28798.0
2021-06-25 14:44:41.702,33264.0
2021-06-25 14:44:41.704,35566.0
2021-06-25 14:44:41.708,36400.0
2021-06-25 14:44:41.713,35302.0
2021-06-25 14:44:41.718,36238.0
2021-06-25 14:44:41.724,33342.0
2021-06-25 14:44:41.728,34184.0
2021-06-25 14:44:41.733,35000.0
2021-06-25 14:44:41.738,35020.0
2021-06-25 14:44:41.743,34010.0
2021-06-25 14:44:41.748,35006.0
2021-06-25 14:44:41.753,34342.0
2021-06-25 14:44:41.758,35996.0
2021-06-25 14:44:41.763,35548.0
2021-06-25 14:44:41.768,36688.0
2021-06-25 14:44:41.773,33204.0
2021-06-25 14:44:41.778,31228.0
2021-06-25 14:44:41.783,27998.0
2021-06-25 14:44:41.788,29642.0
2021-06-25 14:44:41.793,29630.0
2021-06-25 14:44:41.798,28270.0
2021-06-25 14:44:41.803,28574.0
2021-06-25 14:44:41.809,30622.0
2021-06-25 14:44:41.813,28826.0
2021-06-25 14:44:41.818,28902.0
2021-06-25 14:44:41.823,27618.0
2021-06-25 14:44:41.828,28420.0
2021-06-25 14:44:41.833,26792.0
2021-06-25 14:44:41.838,26848.0
2021-06-25 14:44:41.843,34754.0
2021-06-25 14:44:41.848,34296.0
2021-06-25 14:44:41.853,35050.0
2021-06-25 14:44:41.858,34788.0
2021-06-25 14:44:41.863,35056.0
2021-06-25 14:44:41.868,35010.0
2021-06-25 14:44:41.873,33846.0
2021-06-25 14:44:41.878,32080.0
2021-06-25 14:44:41.883,32942.0
2021-06-25 14:44:41.888,33892.0
2021-06-25 14:44:41.893,34142.0
2021-06-25 14:44:41.898,33988.0
2021-06-25 14:44:41.903,34000.0
2021-06-25 14:44:41.908,33464.0
2021-06-25 14:44:41.913,35662.0
2021-06-25 14:44:41.918,36396.0
2021-06-25 14:44:41.923,28716.0
2021-06-25 14:44:41.928,28734.0
2021-06-25 14:44:41.933,29458.0
2021-06-25 14:44:41.938,28544.0
2021-06-25 14:44:41.943,27702.0
2021-06-25 14:44:41.948,31386.0
2021-06-25 14:44:41.953,29560.0
2021-06-25 14:44:41.958,30392.0
2021-06-25 14:44:41.963,28672.0
2021-06-25 14:44:41.968,31098.0
2021-06-25 14:44:41.973,31254.0
2021-06-25 14:44:41.978,32602.0
2021-06-25 14:44:41.983,30734.0
2021-06-25 14:44:41.988,35514.0
2021-06-25 14:44:41.993,36944.0
2021-06-25 14:44:41.998,35776.0
2021-06-25 14:44:42.003,36202.0
2021-06-25 14:44:42.008,36854.0
2021-06-25 14:44:42.013,36098.0
2021-06-25 14:44:42.018,37098.0
2021-06-25 14:44:42.023,36456.0
2021-06-25 14:44:42.028,35360.0
2021-06-25 14:44:42.033,35076.0
2021-06-25 14:44:42.038,36582.0
2021-06-25 14:44:42.043,36580.0
2021-06-25 14:44:42.048,35528.0
2021-06-25 14:44:42.053,36534.0
2021-06-25 14:44:42.058,28172.0
2021-06-25 14:44:42.063,29912.0
2021-06-25 14:44:42.068,31308.0
2021-06-25 14:44:42.073,33064.0
2021-06-25 14:44:42.078,29964.0
2021-06-25 14:44:42.083,31212.0
2021-06-25 14:44:42.088,31120.0
2021-06-25 14:44:42.093,30272.0
2021-06-25 14:44:42.098,29266.0
2021-06-25 14:44:42.103,30790.0
2021-06-25 14:44:42.108,31090.0
2021-06-25 14:44:42.113,31176.0
2021-06-25 14:44:42.118,31616.0
2021-06-25 14:44:42.123,37464.0
2021-06-25 14:44:42.128,36872.0
2021-06-25 14:44:42.133,34466.0
2021-06-25 14:44:42.138,37336.0
2021-06-25 14:44:42.143,36166.0
2021-06-25 14:44:42.148,37172.0
2021-06-25 14:44:42.153,35066.0
2021-06-25 14:44:42.158,36518.0
2021-06-25 14:44:42.163,37134.0
2021-06-25 14:44:42.168,37906.0
2021-06-25 14:44:42.173,36764.0
2021-06-25 14:44:42.178,31274.0
2021-06-25 14:44:42.183,32496.0
2021-06-25 14:44:42.188,35630.0
2021-06-25 14:44:42.193,36918.0
2021-06-25 14:44:42.198,34188.0
2021-06-25 14:44:42.203,30760.0
2021-06-25 14:44:42.208,29604.0
2021-06-25 14:44:42.213,33382.0
2021-06-25 14:44:42.218,32090.0
2021-06-25 14:44:42.223,31556.0
2021-06-25 14:44:42.228,29512.0
2021-06-25 14:44:42.233,30284.0
2021-06-25 14:44:42.238,29786.0
2021-06-25 14:44:42.243,30396.0
2021-06-25 14:44:42.248,30212.0
2021-06-25 14:44:42.253,28368.0
2021-06-25 14:44:42.258,31942.0
2021-06-25 14:44:42.263,36052.0
2021-06-25 14:44:42.268,36920.0
2021-06-25 14:44:42.273,36376.0
2021-06-25 14:44:42.279,36036.0
2021-06-25 14:44:42.283,36052.0
2021-06-25 14:44:42.288,34190.0
2021-06-25 14:44:42.293,35626.0
2021-06-25 14:44:42.298,35124.0
2021-06-25 14:44:42.303,35540.0
2021-06-25 14:44:42.308,36472.0
2021-06-25 14:44:42.313,36346.0
2021-06-25 14:44:42.318,35586.0
2021-06-25 14:44:42.323,33788.0
2021-06-25 14:44:42.328,29292.0
2021-06-25 14:44:42.333,32926.0
2021-06-25 14:44:42.338,35524.0
2021-06-25 14:44:42.343,28862.0
2021-06-25 14:44:42.348,29204.0
2021-06-25 14:44:42.353,31910.0
2021-06-25 14:44:42.358,31474.0
2021-06-25 14:44:42.364,30428.0
2021-06-25 14:44:42.368,34594.0
2021-06-25 14:44:42.373,28836.0
2021-06-25 14:44:42.378,29604.0
2021-06-25 14:44:42.383,29482.0
2021-06-25 14:44:42.388,30800.0
2021-06-25 14:44:42.393,28988.0
2021-06-25 14:44:42.398,32536.0
2021-06-25 14:44:42.403,31716.0
2021-06-25 14:44:42.408,37542.0
2021-06-25 14:44:42.413,38034.0
2021-06-25 14:44:42.418,33938.0
2021-06-25 14:44:42.423,33414.0
2021-06-25 14:44:42.428,37324.0
2021-06-25 14:44:42.433,34882.0
2021-06-25 14:44:42.438,34778.0
2021-06-25 14:44:42.443,37350.0
2021-06-25 14:44:42.449,37156.0
2021-06-25 14:44:42.453,35222.0
2021-06-25 14:44:42.458,34280.0
2021-06-25 14:44:42.463,36108.0
2021-06-25 14:44:42.468,37254.0
2021-06-25 14:44:42.473,34600.0
2021-06-25 14:44:42.478,29794.0
2021-06-25 14:44:42.483,30108.0
2021-06-25 14:44:42.488,28758.0
2021-06-25 14:44:42.493,29740.0
2021-06-25 14:44:42.498,31488.0
2021-06-25 14:44:42.503,30038.0
2021-06-25 14:44:42.508,29852.0
2021-06-25 14:44:42.513,31752.0
2021-06-25 14:44:42.518,30970.0
2021-06-25 14:44:42.523,30524.0
2021-06-25 14:44:42.528,29250.0
2021-06-25 14:44:42.533,29558.0
2021-06-25 14:44:42.538,29924.0
2021-06-25 14:44:42.543,28564.0
2021-06-25 14:44:42.548,33392.0
2021-06-25 14:44:42.553,35722.0
2021-06-25 14:44:42.558,36540.0
2021-06-25 14:44:42.563,34416.0
2021-06-25 14:44:42.568,35060.0
2021-06-25 14:44:42.573,37732.0
2021-06-25 14:44:42.578,35780.0
2021-06-25 14:44:42.583,34912.0
2021-06-25 14:44:42.588,35436.0
2021-06-25 14:44:42.593,35334.0
2021-06-25 14:44:42.598,37206.0
2021-06-25 14:44:42.603,33270.0
2021-06-25 14:44:42.608,36782.0
2021-06-25 14:44:42.613,36472.0
2021-06-25 14:44:42.618,35278.0
2021-06-25 14:44:42.623,32494.0
2021-06-25 14:44:42.628,28918.0
2021-06-25 14:44:42.633,29524.0
2021-06-25 14:44:42.638,29642.0
2021-06-25 14:44:42.643,31592.0
2021-06-25 14:44:42.648,28896.0
2021-06-25 14:44:42.653,31156.0
2021-06-25 14:44:42.658,29106.0
2021-06-25 14:44:42.663,28528.0
2021-06-25 14:44:42.668,29796.0
2021-06-25 14:44:42.673,28492.0
2021-06-25 14:44:42.678,29164.0
2021-06-25 14:44:42.683,30374.0
2021-06-25 14:44:42.688,33374.0
2021-06-25 14:44:42.693,35052.0
2021-06-25 14:44:42.698,34914.0
2021-06-25 14:44:42.703,33050.0
2021-06-25 14:44:42.708,34328.0
2021-06-25 14:44:42.713,37176.0
2021-06-25 14:44:42.718,35544.0
2021-06-25 14:44:42.723,32722.0
2021-06-25 14:44:42.728,36616.0
2021-06-25 14:44:42.733,32140.0
2021-06-25 14:44:42.738,34852.0
2021-06-25 14:44:42.743,36364.0
2021-06-25 14:44:42.748,36066.0
2021-06-25 14:44:42.753,35990.0
2021-06-25 14:44:42.758,36124.0
2021-06-25 14:44:42.763,37126.0
2021-06-25 14:44:42.768,34630.0
2021-06-25 14:44:42.773,30652.0
2021-06-25 14:44:42.778,28562.0
2021-06-25 14:44:42.783,29296.0
2021-06-25 14:44:42.788,30472.0
2021-06-25 14:44:42.793,29682.0
2021-06-25 14:44:42.798,32198.0
2021-06-25 14:44:42.803,30956.0
2021-06-25 14:44:42.808,32140.0
2021-06-25 14:44:42.813,28990.0
2021-06-25 14:44:42.818,31044.0
2021-06-25 14:44:42.823,28954.0
2021-06-25 14:44:42.828,28364.0
2021-06-25 14:44:42.833,31170.0
2021-06-25 14:44:42.838,36114.0
2021-06-25 14:44:42.843,36030.0
2021-06-25 14:44:42.848,35914.0
2021-06-25 14:44:42.853,34564.0
2021-06-25 14:44:42.858,36452.0
2021-06-25 14:44:42.863,36288.0
2021-06-25 14:44:42.868,34692.0
2021-06-25 14:44:42.873,34462.0
2021-06-25 14:44:42.878,35868.0
2021-06-25 14:44:42.883,36370.0
2021-06-25 14:44:42.888,35964.0
2021-06-25 14:44:42.893,33404.0
2021-06-25 14:44:42.898,36216.0
2021-06-25 14:44:42.903,34784.0
2021-06-25 14:44:42.908,33592.0
2021-06-25 14:44:42.913,31166.0
2021-06-25 14:44:42.919,29888.0
2021-06-25 14:44:42.923,32352.0
2021-06-25 14:44:42.928,31182.0
2021-06-25 14:44:42.933,28692.0
2021-06-25 14:44:42.938,31110.0
2021-06-25 14:44:42.943,29216.0
2021-06-25 14:44:42.948,29200.0
2021-06-25 14:44:42.953,27902.0
2021-06-25 14:44:42.958,30022.0
2021-06-25 14:44:42.963,30058.0
2021-06-25 14:44:42.968,28210.0
2021-06-25 14:44:42.973,36760.0
2021-06-25 14:44:42.978,36174.0
2021-06-25 14:44:42.983,35976.0
2021-06-25 14:44:42.988,34272.0
2021-06-25 14:44:42.993,35694.0
2021-06-25 14:44:42.998,34948.0
2021-06-25 14:44:43.004,35622.0
2021-06-25 14:44:43.008,33466.0
2021-06-25 14:44:43.013,35612.0
2021-06-25 14:44:43.018,33936.0
2021-06-25 14:44:43.023,36570.0
2021-06-25 14:44:43.028,34606.0
2021-06-25 14:44:43.033,34380.0
2021-06-25 14:44:43.038,34348.0
2021-06-25 14:44:43.043,35780.0
2021-06-25 14:44:43.048,31326.0
2021-06-25 14:44:43.053,30298.0
2021-06-25 14:44:43.058,29970.0
2021-06-25 14:44:43.063,29580.0
2021-06-25 14:44:43.068,29676.0
2021-06-25 14:44:43.073,35000.0
2021-06-25 14:44:43.078,28606.0
2021-06-25 14:44:43.083,29160.0
2021-06-25 14:44:43.089,28780.0
2021-06-25 14:44:43.093,30602.0
2021-06-25 14:44:43.098,31150.0
2021-06-25 14:44:43.103,28374.0
2021-06-25 14:44:43.108,34768.0
2021-06-25 14:44:43.113,33774.0
2021-06-25 14:44:43.118,36150.0
2021-06-25 14:44:43.123,37284.0
2021-06-25 14:44:43.128,35486.0
2021-06-25 14:44:43.133,36134.0
2021-06-25 14:44:43.138,34352.0
2021-06-25 14:44:43.143,35632.0
2021-06-25 14:44:43.148,35442.0
2021-06-25 14:44:43.153,34866.0
2021-06-25 14:44:43.158,35292.0
2021-06-25 14:44:43.163,36038.0
2021-06-25 14:44:43.168,34516.0
2021-06-25 14:44:43.173,35538.0
2021-06-25 14:44:43.178,34282.0
2021-06-25 14:44:43.183,32350.0
2021-06-25 14:44:43.188,28018.0
2021-06-25 14:44:43.193,29524.0
2021-06-25 14:44:43.198,31478.0
2021-06-25 14:44:43.203,27754.0
2021-06-25 14:44:43.208,27228.0
2021-06-25 14:44:43.213,30652.0
2021-06-25 14:44:43.218,28810.0
2021-06-25 14:44:43.223,29050.0
2021-06-25 14:44:43.228,29250.0
2021-06-25 14:44:43.233,30274.0
2021-06-25 14:44:43.238,30914.0
2021-06-25 14:44:43.243,28236.0
2021-06-25 14:44:43.248,34518.0
2021-06-25 14:44:43.253,33926.0
2021-06-25 14:44:43.258,33928.0
2021-06-25 14:44:43.263,34960.0
2021-06-25 14:44:43.268,33002.0
2021-06-25 14:44:43.273,33450.0
2021-06-25 14:44:43.278,34564.0
2021-06-25 14:44:43.283,33080.0
2021-06-25 14:44:43.288,34292.0
2021-06-25 14:44:43.293,34534.0
2021-06-25 14:44:43.298,34426.0
2021-06-25 14:44:43.303,33352.0
2021-06-25 14:44:43.308,34830.0
2021-06-25 14:44:43.313,35062.0
2021-06-25 14:44:43.318,33004.0
2021-06-25 14:44:43.323,34548.0
2021-06-25 14:44:43.328,34472.0
2021-06-25 14:44:43.333,34660.0
2021-06-25 14:44:43.338,27162.0
2021-06-25 14:44:43.343,30256.0
2021-06-25 14:44:43.348,30088.0
2021-06-25 14:44:43.353,29354.0
2021-06-25 14:44:43.358,32864.0
2021-06-25 14:44:43.363,29866.0
2021-06-25 14:44:43.368,28860.0
2021-06-25 14:44:43.373,29468.0
2021-06-25 14:44:43.378,29868.0
2021-06-25 14:44:43.383,29764.0
2021-06-25 14:44:43.388,30042.0
2021-06-25 14:44:43.393,27654.0
2021-06-25 14:44:43.398,35324.0
2021-06-25 14:44:43.403,35134.0
2021-06-25 14:44:43.408,36088.0
2021-06-25 14:44:43.413,36314.0
2021-06-25 14:44:43.418,33592.0
2021-06-25 14:44:43.423,34764.0
2021-06-25 14:44:43.428,34162.0
2021-06-25 14:44:43.433,34986.0
2021-06-25 14:44:43.438,34116.0
2021-06-25 14:44:43.443,35604.0
2021-06-25 14:44:43.448,34348.0
2021-06-25 14:44:43.453,34670.0
2021-06-25 14:44:43.458,35098.0
2021-06-25 14:44:43.463,37016.0
2021-06-25 14:44:43.468,32614.0
2021-06-25 14:44:43.473,30258.0
2021-06-25 14:44:43.478,28334.0
2021-06-25 14:44:43.483,27542.0
2021-06-25 14:44:43.488,30302.0
2021-06-25 14:44:43.493,28732.0
2021-06-25 14:44:43.498,33782.0
2021-06-25 14:44:43.503,30252.0
2021-06-25 14:44:43.508,30488.0
2021-06-25 14:44:43.513,27916.0
2021-06-25 14:44:43.518,28682.0
2021-06-25 14:44:43.523,29436.0
2021-06-25 14:44:43.528,30266.0
2021-06-25 14:44:43.533,27434.0
2021-06-25 14:44:43.538,33772.0
2021-06-25 14:44:43.543,35646.0
2021-06-25 14:44:43.548,34942.0
2021-06-25 14:44:43.553,34210.0
2021-06-25 14:44:43.559,35544.0
2021-06-25 14:44:43.563,34666.0
2021-06-25 14:44:43.568,35144.0
2021-06-25 14:44:43.573,35140.0
2021-06-25 14:44:43.578,35114.0
2021-06-25 14:44:43.583,30030.0
2021-06-25 14:44:43.588,34682.0
2021-06-25 14:44:43.593,34878.0
2021-06-25 14:44:43.598,35180.0
2021-06-25 14:44:43.603,33548.0
2021-06-25 14:44:43.608,34370.0
2021-06-25 14:44:43.613,29216.0
2021-06-25 14:44:43.618,28742.0
2021-06-25 14:44:43.623,27738.0
2021-06-25 14:44:43.628,29250.0
2021-06-25 14:44:43.633,29394.0
2021-06-25 14:44:43.638,29452.0
2021-06-25 14:44:43.644,31484.0
2021-06-25 14:44:43.648,29184.0
2021-06-25 14:44:43.653,28142.0
2021-06-25 14:44:43.658,29676.0
2021-06-25 14:44:43.663,27834.0
2021-06-25 14:44:43.668,30262.0
2021-06-25 14:44:43.673,30808.0
2021-06-25 14:44:43.678,34856.0
2021-06-25 14:44:43.683,33896.0
2021-06-25 14:44:43.688,33718.0
2021-06-25 14:44:43.693,34334.0
2021-06-25 14:44:43.698,34456.0
2021-06-25 14:44:43.703,34420.0
2021-06-25 14:44:43.708,34758.0
2021-06-25 14:44:43.713,35086.0
2021-06-25 14:44:43.718,35560.0
2021-06-25 14:44:43.723,34496.0
2021-06-25 14:44:43.729,35256.0
2021-06-25 14:44:43.733,33428.0
2021-06-25 14:44:43.738,33352.0
2021-06-25 14:44:43.743,32814.0
2021-06-25 14:44:43.748,34280.0
2021-06-25 14:44:43.753,34004.0
2021-06-25 14:44:43.758,34660.0
2021-06-25 14:44:43.763,29580.0
2021-06-25 14:44:43.768,30760.0
2021-06-25 14:44:43.773,30478.0
2021-06-25 14:44:43.778,29950.0
2021-06-25 14:44:43.783,28492.0
2021-06-25 14:44:43.788,28634.0
2021-06-25 14:44:43.793,27428.0
2021-06-25 14:44:43.798,29406.0
2021-06-25 14:44:43.803,28646.0
2021-06-25 14:44:43.808,30228.0
2021-06-25 14:44:43.813,29026.0
2021-06-25 14:44:43.818,31350.0
2021-06-25 14:44:43.823,33138.0
2021-06-25 14:44:43.828,36822.0
2021-06-25 14:44:43.833,35308.0
2021-06-25 14:44:43.838,31308.0
2021-06-25 14:44:43.843,34978.0
2021-06-25 14:44:43.848,35186.0
2021-06-25 14:44:43.853,34214.0
2021-06-25 14:44:43.858,32880.0
2021-06-25 14:44:43.863,34308.0
2021-06-25 14:44:43.868,36248.0
2021-06-25 14:44:43.873,35376.0
2021-06-25 14:44:43.878,34728.0
2021-06-25 14:44:43.883,33640.0
2021-06-25 14:44:43.888,32520.0
2021-06-25 14:44:43.893,34862.0
2021-06-25 14:44:43.898,30718.0
2021-06-25 14:44:43.903,27680.0
2021-06-25 14:44:43.908,27864.0
2021-06-25 14:44:43.913,30724.0
2021-06-25 14:44:43.918,28070.0
2021-06-25 14:44:43.923,32322.0
2021-06-25 14:44:43.928,30724.0
2021-06-25 14:44:43.933,28800.0
2021-06-25 14:44:43.938,28804.0
2021-06-25 14:44:43.943,27486.0
2021-06-25 14:44:43.948,26694.0
2021-06-25 14:44:43.953,28302.0
2021-06-25 14:44:43.958,32840.0
2021-06-25 14:44:43.963,33562.0
2021-06-25 14:44:43.968,35600.0
2021-06-25 14:44:43.973,35114.0
2021-06-25 14:44:43.978,36380.0
2021-06-25 14:44:43.983,33410.0
2021-06-25 14:44:43.988,34898.0
2021-06-25 14:44:43.993,33738.0
2021-06-25 14:44:43.998,34682.0
2021-06-25 14:44:44.003,34444.0
2021-06-25 14:44:44.008,35954.0
2021-06-25 14:44:44.013,33018.0
2021-06-25 14:44:44.018,36380.0
2021-06-25 14:44:44.023,34298.0
2021-06-25 14:44:44.028,36960.0
2021-06-25 14:44:44.033,34194.0
2021-06-25 14:44:44.038,28888.0
2021-06-25 14:44:44.043,28240.0
2021-06-25 14:44:44.048,28708.0
2021-06-25 14:44:44.053,27650.0
2021-06-25 14:44:44.058,28634.0
2021-06-25 14:44:44.063,29190.0
2021-06-25 14:44:44.068,28280.0
2021-06-25 14:44:44.073,27002.0
2021-06-25 14:44:44.078,29868.0
2021-06-25 14:44:44.083,28594.0
2021-06-25 14:44:44.088,28934.0
2021-06-25 14:44:44.093,26304.0
2021-06-25 14:44:44.098,33690.0
2021-06-25 14:44:44.111,32838.0
2021-06-25 14:44:44.114,33592.0
2021-06-25 14:44:44.115,32490.0
2021-06-25 14:44:44.118,32876.0
2021-06-25 14:44:44.123,33728.0
2021-06-25 14:44:44.128,35010.0
2021-06-25 14:44:44.133,34780.0
2021-06-25 14:44:44.138,33280.0
2021-06-25 14:44:44.143,34682.0
2021-06-25 14:44:44.148,34164.0
2021-06-25 14:44:44.153,34764.0
2021-06-25 14:44:44.158,35422.0
2021-06-25 14:44:44.163,35600.0
2021-06-25 14:44:44.168,33320.0
2021-06-25 14:44:44.173,32116.0
2021-06-25 14:44:44.178,34898.0
2021-06-25 14:44:44.183,28616.0
2021-06-25 14:44:44.188,28172.0
2021-06-25 14:44:44.193,27834.0
2021-06-25 14:44:44.199,28564.0
2021-06-25 14:44:44.203,26428.0
2021-06-25 14:44:44.208,33064.0
2021-06-25 14:44:44.213,29560.0
2021-06-25 14:44:44.218,27772.0
2021-06-25 14:44:44.223,29568.0
2021-06-25 14:44:44.228,28856.0
2021-06-25 14:44:44.233,28198.0
2021-06-25 14:44:44.238,27936.0
2021-06-25 14:44:44.243,27460.0
2021-06-25 14:44:44.248,33100.0
2021-06-25 14:44:44.253,35334.0
2021-06-25 14:44:44.258,35412.0
2021-06-25 14:44:44.263,33486.0
2021-06-25 14:44:44.268,34198.0
2021-06-25 14:44:44.273,34928.0
2021-06-25 14:44:44.278,34886.0
2021-06-25 14:44:44.284,34126.0
2021-06-25 14:44:44.288,33296.0
2021-06-25 14:44:44.293,35786.0
2021-06-25 14:44:44.298,35482.0
2021-06-25 14:44:44.303,35682.0
2021-06-25 14:44:44.308,34954.0
2021-06-25 14:44:44.313,34528.0
2021-06-25 14:44:44.318,34770.0
2021-06-25 14:44:44.323,35068.0
2021-06-25 14:44:44.328,27918.0
2021-06-25 14:44:44.333,29354.0
2021-06-25 14:44:44.338,29082.0
2021-06-25 14:44:44.343,29328.0
2021-06-25 14:44:44.348,26146.0
2021-06-25 14:44:44.353,32680.0
2021-06-25 14:44:44.358,27316.0
2021-06-25 14:44:44.363,28398.0
2021-06-25 14:44:44.369,27414.0
2021-06-25 14:44:44.373,27564.0
2021-06-25 14:44:44.378,28636.0
2021-06-25 14:44:44.383,29822.0
2021-06-25 14:44:44.388,28430.0
2021-06-25 14:44:44.393,32136.0
2021-06-25 14:44:44.398,35158.0
2021-06-25 14:44:44.403,34164.0
2021-06-25 14:44:44.408,32812.0
2021-06-25 14:44:44.413,33654.0
2021-06-25 14:44:44.418,35554.0
2021-06-25 14:44:44.423,34112.0
2021-06-25 14:44:44.428,34298.0
2021-06-25 14:44:44.433,33600.0
2021-06-25 14:44:44.438,35226.0
2021-06-25 14:44:44.443,32316.0
2021-06-25 14:44:44.448,35390.0
2021-06-25 14:44:44.453,35360.0
2021-06-25 14:44:44.458,33972.0
2021-06-25 14:44:44.463,29482.0
2021-06-25 14:44:44.468,29096.0
2021-06-25 14:44:44.473,30504.0
2021-06-25 14:44:44.478,31982.0
2021-06-25 14:44:44.483,27388.0
2021-06-25 14:44:44.488,26900.0
2021-06-25 14:44:44.493,29400.0
2021-06-25 14:44:44.498,27202.0
2021-06-25 14:44:44.503,27148.0
2021-06-25 14:44:44.508,28056.0
2021-06-25 14:44:44.513,27722.0
2021-06-25 14:44:44.518,28780.0
2021-06-25 14:44:44.523,29714.0
2021-06-25 14:44:44.528,35422.0
2021-06-25 14:44:44.533,34578.0
2021-06-25 14:44:44.538,30920.0
2021-06-25 14:44:44.543,32850.0
2021-06-25 14:44:44.548,33564.0
2021-06-25 14:44:44.553,35938.0
2021-06-25 14:44:44.558,34328.0
2021-06-25 14:44:44.563,34398.0
2021-06-25 14:44:44.568,35744.0
2021-06-25 14:44:44.573,34924.0
2021-06-25 14:44:44.578,34492.0
2021-06-25 14:44:44.583,34960.0
2021-06-25 14:44:44.588,31824.0
2021-06-25 14:44:44.593,31516.0
2021-06-25 14:44:44.598,33880.0
2021-06-25 14:44:44.603,29000.0
2021-06-25 14:44:44.608,28194.0
2021-06-25 14:44:44.613,28862.0
2021-06-25 14:44:44.618,28860.0
2021-06-25 14:44:44.623,29934.0
2021-06-25 14:44:44.628,28810.0
2021-06-25 14:44:44.633,30924.0
2021-06-25 14:44:44.638,26984.0
2021-06-25 14:44:44.643,27686.0
2021-06-25 14:44:44.648,27208.0
2021-06-25 14:44:44.653,27254.0
2021-06-25 14:44:44.658,29380.0
2021-06-25 14:44:44.663,35462.0
2021-06-25 14:44:44.668,35390.0
2021-06-25 14:44:44.673,36006.0
2021-06-25 14:44:44.678,34950.0
2021-06-25 14:44:44.683,35222.0
2021-06-25 14:44:44.688,33660.0
2021-06-25 14:44:44.693,32042.0
2021-06-25 14:44:44.698,33578.0
2021-06-25 14:44:44.703,35230.0
2021-06-25 14:44:44.708,32372.0
2021-06-25 14:44:44.713,34312.0
2021-06-25 14:44:44.718,35554.0
2021-06-25 14:44:44.723,36000.0
2021-06-25 14:44:44.728,34046.0
2021-06-25 14:44:44.733,36826.0
2021-06-25 14:44:44.738,28666.0
2021-06-25 14:44:44.743,29488.0
2021-06-25 14:44:44.748,26976.0
2021-06-25 14:44:44.753,27346.0
2021-06-25 14:44:44.758,30672.0
2021-06-25 14:44:44.763,27902.0
2021-06-25 14:44:44.768,27326.0
2021-06-25 14:44:44.773,27604.0
2021-06-25 14:44:44.778,29302.0
2021-06-25 14:44:44.783,30616.0
2021-06-25 14:44:44.788,28752.0
2021-06-25 14:44:44.793,30216.0
2021-06-25 14:44:44.798,28624.0
2021-06-25 14:44:44.803,34598.0
2021-06-25 14:44:44.808,35178.0
2021-06-25 14:44:44.813,35580.0
2021-06-25 14:44:44.818,33296.0
2021-06-25 14:44:44.823,35504.0
2021-06-25 14:44:44.828,34912.0
2021-06-25 14:44:44.833,35846.0
2021-06-25 14:44:44.839,34688.0
2021-06-25 14:44:44.843,33194.0
2021-06-25 14:44:44.848,35318.0
2021-06-25 14:44:44.853,35368.0
2021-06-25 14:44:44.858,34216.0
2021-06-25 14:44:44.863,33450.0
2021-06-25 14:44:44.868,35322.0
2021-06-25 14:44:44.873,33300.0
2021-06-25 14:44:44.878,26992.0
2021-06-25 14:44:44.883,30354.0
2021-06-25 14:44:44.888,29096.0
2021-06-25 14:44:44.893,28994.0
2021-06-25 14:44:44.898,27972.0
2021-06-25 14:44:44.903,29558.0
2021-06-25 14:44:44.908,27860.0
2021-06-25 14:44:44.913,28188.0
2021-06-25 14:44:44.918,27936.0
2021-06-25 14:44:44.924,30130.0
2021-06-25 14:44:44.928,27044.0
2021-06-25 14:44:44.933,29486.0
2021-06-25 14:44:44.938,33404.0
2021-06-25 14:44:44.943,35404.0
2021-06-25 14:44:44.948,33074.0
2021-06-25 14:44:44.953,34050.0
2021-06-25 14:44:44.958,34716.0
2021-06-25 14:44:44.963,33860.0
2021-06-25 14:44:44.968,34282.0
2021-06-25 14:44:44.973,34230.0
2021-06-25 14:44:44.978,34534.0
2021-06-25 14:44:44.983,34860.0
2021-06-25 14:44:44.988,33748.0
2021-06-25 14:44:44.993,33392.0
2021-06-25 14:44:44.998,34216.0
2021-06-25 14:44:45.003,35078.0
2021-06-25 14:44:45.009,34568.0
2021-06-25 14:44:45.013,27166.0
2021-06-25 14:44:45.018,28994.0
2021-06-25 14:44:45.023,30030.0
2021-06-25 14:44:45.028,30744.0
2021-06-25 14:44:45.033,29760.0
2021-06-25 14:44:45.038,29076.0
2021-06-25 14:44:45.043,29230.0
2021-06-25 14:44:45.048,26720.0
2021-06-25 14:44:45.053,26670.0
2021-06-25 14:44:45.058,28718.0
2021-06-25 14:44:45.063,27120.0
2021-06-25 14:44:45.068,28362.0
2021-06-25 14:44:45.073,27872.0
2021-06-25 14:44:45.078,35024.0
2021-06-25 14:44:45.083,35420.0
2021-06-25 14:44:45.088,34866.0
2021-06-25 14:44:45.093,34944.0
2021-06-25 14:44:45.098,31628.0
2021-06-25 14:44:45.103,34742.0
2021-06-25 14:44:45.108,35114.0
2021-06-25 14:44:45.113,35458.0
2021-06-25 14:44:45.118,32666.0
2021-06-25 14:44:45.123,34480.0
2021-06-25 14:44:45.128,34250.0
2021-06-25 14:44:45.133,33916.0
2021-06-25 14:44:45.138,30166.0
2021-06-25 14:44:45.143,34216.0
2021-06-25 14:44:45.148,34878.0
2021-06-25 14:44:45.153,33666.0
2021-06-25 14:44:45.158,34570.0
2021-06-25 14:44:45.163,27456.0
2021-06-25 14:44:45.168,29718.0
2021-06-25 14:44:45.173,29640.0
2021-06-25 14:44:45.178,30482.0
2021-06-25 14:44:45.183,29456.0
2021-06-25 14:44:45.188,33264.0
2021-06-25 14:44:45.193,27106.0
2021-06-25 14:44:45.198,28276.0
2021-06-25 14:44:45.203,29558.0
2021-06-25 14:44:45.208,30626.0
2021-06-25 14:44:45.213,27558.0
2021-06-25 14:44:45.218,29350.0
2021-06-25 14:44:45.223,34686.0
2021-06-25 14:44:45.228,33130.0
2021-06-25 14:44:45.233,33084.0
2021-06-25 14:44:45.238,33284.0
2021-06-25 14:44:45.243,35426.0
2021-06-25 14:44:45.248,33726.0
2021-06-25 14:44:45.253,33836.0
2021-06-25 14:44:45.258,35216.0
2021-06-25 14:44:45.263,33264.0
2021-06-25 14:44:45.268,35216.0
2021-06-25 14:44:45.273,34234.0
2021-06-25 14:44:45.278,36382.0
2021-06-25 14:44:45.283,35364.0
2021-06-25 14:44:45.288,33692.0
2021-06-25 14:44:45.293,32994.0
2021-06-25 14:44:45.298,31078.0
2021-06-25 14:44:45.303,27988.0
2021-06-25 14:44:45.308,27392.0
2021-06-25 14:44:45.313,28814.0
2021-06-25 14:44:45.318,28588.0
2021-06-25 14:44:45.323,29226.0
2021-06-25 14:44:45.328,32690.0
2021-06-25 14:44:45.333,29378.0
2021-06-25 14:44:45.338,28996.0
2021-06-25 14:44:45.343,27794.0
2021-06-25 14:44:45.348,28850.0
2021-06-25 14:44:45.353,27646.0
2021-06-25 14:44:45.358,28308.0
2021-06-25 14:44:45.363,26926.0
2021-06-25 14:44:45.368,35380.0
2021-06-25 14:44:45.373,35128.0
2021-06-25 14:44:45.378,33866.0
2021-06-25 14:44:45.383,34642.0
2021-06-25 14:44:45.388,35214.0
2021-06-25 14:44:45.393,32912.0
2021-06-25 14:44:45.398,35584.0
2021-06-25 14:44:45.403,34724.0
2021-06-25 14:44:45.408,33702.0
2021-06-25 14:44:45.413,34270.0
2021-06-25 14:44:45.418,35648.0
2021-06-25 14:44:45.423,36610.0
2021-06-25 14:44:45.428,35102.0
2021-06-25 14:44:45.433,37284.0
2021-06-25 14:44:45.438,35150.0
2021-06-25 14:44:45.443,32132.0
2021-06-25 14:44:45.448,31986.0
2021-06-25 14:44:45.453,33204.0
2021-06-25 14:44:45.458,34398.0
2021-06-25 14:44:45.463,34352.0
2021-06-25 14:44:45.468,38676.0
2021-06-25 14:44:45.473,33700.0
2021-06-25 14:44:45.479,38474.0
2021-06-25 14:44:45.483,34450.0
2021-06-25 14:44:45.488,35384.0
2021-06-25 14:44:45.493,33254.0
2021-06-25 14:44:45.498,35566.0
2021-06-25 14:44:45.503,41878.0
2021-06-25 14:44:45.508,40944.0
2021-06-25 14:44:45.513,40810.0
2021-06-25 14:44:45.518,40112.0
2021-06-25 14:44:45.523,40942.0
2021-06-25 14:44:45.528,42128.0
2021-06-25 14:44:45.533,40788.0
2021-06-25 14:44:45.538,40362.0
2021-06-25 14:44:45.543,35494.0
2021-06-25 14:44:45.548,38522.0
2021-06-25 14:44:45.553,39532.0
2021-06-25 14:44:45.558,39198.0
2021-06-25 14:44:45.564,40328.0
2021-06-25 14:44:45.568,40502.0
2021-06-25 14:44:45.573,37962.0
2021-06-25 14:44:45.578,35160.0
2021-06-25 14:44:45.583,35278.0
2021-06-25 14:44:45.588,35060.0
2021-06-25 14:44:45.593,32674.0
2021-06-25 14:44:45.598,33420.0
2021-06-25 14:44:45.603,33732.0
2021-06-25 14:44:45.608,32124.0
2021-06-25 14:44:45.613,31480.0
2021-06-25 14:44:45.618,34210.0
2021-06-25 14:44:45.623,31778.0
2021-06-25 14:44:45.628,34598.0
2021-06-25 14:44:45.633,32124.0
2021-06-25 14:44:45.638,37966.0
2021-06-25 14:44:45.643,32858.0
2021-06-25 14:44:45.649,35072.0
2021-06-25 14:44:45.653,37896.0
2021-06-25 14:44:45.658,38304.0
2021-06-25 14:44:45.663,37572.0
2021-06-25 14:44:45.668,37320.0
2021-06-25 14:44:45.673,38486.0
2021-06-25 14:44:45.678,38140.0
2021-06-25 14:44:45.683,37746.0
2021-06-25 14:44:45.688,36704.0
2021-06-25 14:44:45.693,38136.0
2021-06-25 14:44:45.698,38156.0
2021-06-25 14:44:45.703,37488.0
2021-06-25 14:44:45.708,35914.0
2021-06-25 14:44:45.713,35076.0
2021-06-25 14:44:45.718,30632.0
2021-06-25 14:44:45.723,31018.0
2021-06-25 14:44:45.728,32332.0
2021-06-25 14:44:45.733,31668.0
2021-06-25 14:44:45.738,35190.0
2021-06-25 14:44:45.743,32540.0
2021-06-25 14:44:45.748,33572.0
2021-06-25 14:44:45.753,31510.0
2021-06-25 14:44:45.758,34692.0
2021-06-25 14:44:45.763,32198.0
2021-06-25 14:44:45.768,29876.0
2021-06-25 14:44:45.773,32372.0
2021-06-25 14:44:45.778,37022.0
2021-06-25 14:44:45.783,37526.0
2021-06-25 14:44:45.788,37776.0
2021-06-25 14:44:45.793,36864.0
2021-06-25 14:44:45.798,35416.0
2021-06-25 14:44:45.803,37914.0
2021-06-25 14:44:45.808,37586.0
2021-06-25 14:44:45.813,36256.0
2021-06-25 14:44:45.818,36294.0
2021-06-25 14:44:45.823,37044.0
2021-06-25 14:44:45.828,38330.0
2021-06-25 14:44:45.833,36678.0
2021-06-25 14:44:45.838,38830.0
2021-06-25 14:44:45.843,37660.0
2021-06-25 14:44:45.848,34978.0
2021-06-25 14:44:45.853,36238.0
2021-06-25 14:44:45.858,29774.0
2021-06-25 14:44:45.863,29502.0
2021-06-25 14:44:45.868,31556.0
2021-06-25 14:44:45.873,31406.0
2021-06-25 14:44:45.878,31932.0
2021-06-25 14:44:45.883,31100.0
2021-06-25 14:44:45.888,32388.0
2021-06-25 14:44:45.893,29360.0
2021-06-25 14:44:45.898,31762.0
2021-06-25 14:44:45.903,28472.0
2021-06-25 14:44:45.908,31254.0
2021-06-25 14:44:45.913,30836.0
2021-06-25 14:44:45.918,37382.0
2021-06-25 14:44:45.923,34614.0
2021-06-25 14:44:45.928,35882.0
2021-06-25 14:44:45.933,37324.0
2021-06-25 14:44:45.938,36272.0
2021-06-25 14:44:45.943,35724.0
2021-06-25 14:44:45.948,31366.0
2021-06-25 14:44:45.953,35876.0
2021-06-25 14:44:45.958,35292.0
2021-06-25 14:44:45.963,34970.0
2021-06-25 14:44:45.968,36864.0
2021-06-25 14:44:45.973,36308.0
2021-06-25 14:44:45.978,36452.0
2021-06-25 14:44:45.983,37732.0
2021-06-25 14:44:45.988,36766.0
2021-06-25 14:44:45.993,29436.0
2021-06-25 14:44:45.998,31360.0
2021-06-25 14:44:46.003,30920.0
2021-06-25 14:44:46.008,32042.0
2021-06-25 14:44:46.013,30494.0
2021-06-25 14:44:46.018,35304.0
2021-06-25 14:44:46.023,32450.0
2021-06-25 14:44:46.028,30020.0
2021-06-25 14:44:46.033,29364.0
2021-06-25 14:44:46.038,32612.0
2021-06-25 14:44:46.043,29462.0
2021-06-25 14:44:46.048,32326.0
2021-06-25 14:44:46.053,37946.0
2021-06-25 14:44:46.058,38548.0
2021-06-25 14:44:46.063,37186.0
2021-06-25 14:44:46.068,37726.0
2021-06-25 14:44:46.073,37730.0
2021-06-25 14:44:46.078,36120.0
2021-06-25 14:44:46.083,37786.0
2021-06-25 14:44:46.088,36468.0
2021-06-25 14:44:46.093,34116.0
2021-06-25 14:44:46.098,36364.0
2021-06-25 14:44:46.103,37270.0
2021-06-25 14:44:46.108,36872.0
2021-06-25 14:44:46.113,37068.0
2021-06-25 14:44:46.119,37026.0
2021-06-25 14:44:46.123,37900.0
2021-06-25 14:44:46.128,29632.0
2021-06-25 14:44:46.133,30888.0
2021-06-25 14:44:46.138,32074.0
2021-06-25 14:44:46.143,32732.0
2021-06-25 14:44:46.148,30256.0
2021-06-25 14:44:46.153,36102.0
2021-06-25 14:44:46.158,33310.0
2021-06-25 14:44:46.163,30000.0
2021-06-25 14:44:46.168,31494.0
2021-06-25 14:44:46.173,31462.0
2021-06-25 14:44:46.178,31864.0
2021-06-25 14:44:46.183,30134.0
2021-06-25 14:44:46.188,37976.0
2021-06-25 14:44:46.193,36848.0
2021-06-25 14:44:46.198,36672.0
2021-06-25 14:44:46.204,34676.0
2021-06-25 14:44:46.208,36862.0
2021-06-25 14:44:46.213,38284.0
2021-06-25 14:44:46.218,36482.0
2021-06-25 14:44:46.223,37442.0
2021-06-25 14:44:46.228,39420.0
2021-06-25 14:44:46.233,38264.0
2021-06-25 14:44:46.238,37370.0
2021-06-25 14:44:46.243,36714.0
2021-06-25 14:44:46.248,37208.0
2021-06-25 14:44:46.253,35658.0
2021-06-25 14:44:46.258,37760.0
2021-06-25 14:44:46.263,31104.0
2021-06-25 14:44:46.268,31126.0
2021-06-25 14:44:46.273,30766.0
2021-06-25 14:44:46.278,31580.0
2021-06-25 14:44:46.283,30530.0
2021-06-25 14:44:46.289,37134.0
2021-06-25 14:44:46.293,32500.0
2021-06-25 14:44:46.298,33500.0
2021-06-25 14:44:46.303,30734.0
2021-06-25 14:44:46.308,30684.0
2021-06-25 14:44:46.313,29056.0
2021-06-25 14:44:46.318,32060.0
2021-06-25 14:44:46.323,38140.0
2021-06-25 14:44:46.328,37274.0
2021-06-25 14:44:46.333,36632.0
2021-06-25 14:44:46.338,37750.0
2021-06-25 14:44:46.343,36648.0
2021-06-25 14:44:46.348,38212.0
2021-06-25 14:44:46.353,37900.0
2021-06-25 14:44:46.358,36756.0
2021-06-25 14:44:46.363,37090.0
2021-06-25 14:44:46.368,38342.0
2021-06-25 14:44:46.373,36992.0
2021-06-25 14:44:46.378,36508.0
2021-06-25 14:44:46.383,35806.0
2021-06-25 14:44:46.388,37772.0
2021-06-25 14:44:46.393,38306.0
2021-06-25 14:44:46.398,31622.0
2021-06-25 14:44:46.403,30520.0
2021-06-25 14:44:46.408,31406.0
2021-06-25 14:44:46.413,32784.0
2021-06-25 14:44:46.418,30088.0
2021-06-25 14:44:46.423,35954.0
2021-06-25 14:44:46.428,30852.0
2021-06-25 14:44:46.433,30016.0
2021-06-25 14:44:46.438,31546.0
2021-06-25 14:44:46.443,30808.0
2021-06-25 14:44:46.448,32042.0
2021-06-25 14:44:46.453,32100.0
2021-06-25 14:44:46.458,31114.0
2021-06-25 14:44:46.463,36600.0
2021-06-25 14:44:46.468,36452.0
2021-06-25 14:44:46.473,38322.0
2021-06-25 14:44:46.478,37434.0
2021-06-25 14:44:46.483,36990.0
2021-06-25 14:44:46.488,39356.0
2021-06-25 14:44:46.493,34106.0
2021-06-25 14:44:46.498,36102.0
2021-06-25 14:44:46.503,37950.0
2021-06-25 14:44:46.508,37438.0
2021-06-25 14:44:46.521,37438.0
2021-06-25 14:44:46.522,37264.0
2021-06-25 14:44:46.524,37930.0
2021-06-25 14:44:46.528,36118.0
2021-06-25 14:44:46.533,35954.0
2021-06-25 14:44:46.538,31618.0
2021-06-25 14:44:46.543,32496.0
2021-06-25 14:44:46.548,31490.0
2021-06-25 14:44:46.553,31484.0
2021-06-25 14:44:46.558,29344.0
2021-06-25 14:44:46.563,32818.0
2021-06-25 14:44:46.568,31340.0
2021-06-25 14:44:46.573,30574.0
2021-06-25 14:44:46.578,30540.0
2021-06-25 14:44:46.583,32694.0
2021-06-25 14:44:46.588,30156.0
2021-06-25 14:44:46.593,30574.0
2021-06-25 14:44:46.598,35194.0
2021-06-25 14:44:46.603,35502.0
2021-06-25 14:44:46.608,37018.0
2021-06-25 14:44:46.613,38048.0
2021-06-25 14:44:46.618,37412.0
2021-06-25 14:44:46.623,37750.0
2021-06-25 14:44:46.628,35730.0
2021-06-25 14:44:46.633,38458.0
2021-06-25 14:44:46.638,36816.0
2021-06-25 14:44:46.643,37038.0
2021-06-25 14:44:46.648,35986.0
2021-06-25 14:44:46.653,35986.0
2021-06-25 14:44:46.658,35416.0
2021-06-25 14:44:46.663,37324.0
2021-06-25 14:44:46.668,36626.0
2021-06-25 14:44:46.673,37668.0
2021-06-25 14:44:46.678,32788.0
2021-06-25 14:44:46.683,32762.0
2021-06-25 14:44:46.688,31622.0
2021-06-25 14:44:46.693,29976.0
2021-06-25 14:44:46.698,36392.0
2021-06-25 14:44:46.703,33798.0
2021-06-25 14:44:46.708,30890.0
2021-06-25 14:44:46.713,31192.0
2021-06-25 14:44:46.718,30914.0
2021-06-25 14:44:46.723,29676.0
2021-06-25 14:44:46.728,33752.0
2021-06-25 14:44:46.733,31232.0
2021-06-25 14:44:46.738,35692.0
2021-06-25 14:44:46.743,34928.0
2021-06-25 14:44:46.748,31054.0
2021-06-25 14:44:46.753,34060.0
2021-06-25 14:44:46.759,37956.0
2021-06-25 14:44:46.763,36046.0
2021-06-25 14:44:46.768,35466.0
2021-06-25 14:44:46.773,34652.0
2021-06-25 14:44:46.778,38404.0
2021-06-25 14:44:46.783,38592.0
2021-06-25 14:44:46.788,37326.0
2021-06-25 14:44:46.793,35250.0
2021-06-25 14:44:46.798,31698.0
2021-06-25 14:44:46.803,34986.0
2021-06-25 14:44:46.808,39660.0
2021-06-25 14:44:46.813,37052.0
2021-06-25 14:44:46.818,30258.0
2021-06-25 14:44:46.823,32342.0
2021-06-25 14:44:46.828,29364.0
2021-06-25 14:44:46.833,32552.0
2021-06-25 14:44:46.838,31316.0
2021-06-25 14:44:46.844,35786.0
2021-06-25 14:44:46.848,30148.0
2021-06-25 14:44:46.853,32152.0
2021-06-25 14:44:46.858,31370.0
2021-06-25 14:44:46.863,32314.0
2021-06-25 14:44:46.868,30282.0
2021-06-25 14:44:46.873,31822.0
2021-06-25 14:44:46.878,36682.0
2021-06-25 14:44:46.883,38592.0
2021-06-25 14:44:46.888,36374.0
2021-06-25 14:44:46.893,39290.0
2021-06-25 14:44:46.898,38208.0
2021-06-25 14:44:46.903,36540.0
2021-06-25 14:44:46.908,36092.0
2021-06-25 14:44:46.913,36844.0
2021-06-25 14:44:46.918,36248.0
2021-06-25 14:44:46.923,36910.0
2021-06-25 14:44:46.929,35544.0
2021-06-25 14:44:46.933,36062.0
2021-06-25 14:44:46.938,34986.0
2021-06-25 14:44:46.943,38906.0
2021-06-25 14:44:46.948,37244.0
2021-06-25 14:44:46.953,35432.0
2021-06-25 14:44:46.958,35384.0
2021-06-25 14:44:46.963,32490.0
2021-06-25 14:44:46.968,31016.0
2021-06-25 14:44:46.973,31978.0
2021-06-25 14:44:46.978,32552.0
2021-06-25 14:44:46.983,32224.0
2021-06-25 14:44:46.988,30468.0
2021-06-25 14:44:46.993,31530.0
2021-06-25 14:44:46.998,32238.0
2021-06-25 14:44:47.003,33522.0
2021-06-25 14:44:47.008,30390.0
2021-06-25 14:44:47.013,31770.0
2021-06-25 14:44:47.018,31998.0
2021-06-25 14:44:47.023,37952.0
2021-06-25 14:44:47.028,37134.0
2021-06-25 14:44:47.033,38382.0
2021-06-25 14:44:47.038,38054.0
2021-06-25 14:44:47.043,39640.0
2021-06-25 14:44:47.048,36344.0
2021-06-25 14:44:47.053,35296.0
2021-06-25 14:44:47.058,37162.0
2021-06-25 14:44:47.063,37576.0
2021-06-25 14:44:47.068,38002.0
2021-06-25 14:44:47.073,38212.0
2021-06-25 14:44:47.078,36482.0
2021-06-25 14:44:47.083,38562.0
2021-06-25 14:44:47.088,38910.0
2021-06-25 14:44:47.093,37370.0
2021-06-25 14:44:47.098,31930.0
2021-06-25 14:44:47.103,30754.0
2021-06-25 14:44:47.108,30980.0
2021-06-25 14:44:47.113,35210.0
2021-06-25 14:44:47.118,30026.0
2021-06-25 14:44:47.123,35014.0
2021-06-25 14:44:47.128,34244.0
2021-06-25 14:44:47.133,32034.0
2021-06-25 14:44:47.138,31510.0
2021-06-25 14:44:47.143,31706.0
2021-06-25 14:44:47.148,29754.0
2021-06-25 14:44:47.153,32378.0
2021-06-25 14:44:47.158,28814.0
2021-06-25 14:44:47.163,36688.0
2021-06-25 14:44:47.168,37320.0
2021-06-25 14:44:47.173,36098.0
2021-06-25 14:44:47.178,37642.0
2021-06-25 14:44:47.183,37612.0
2021-06-25 14:44:47.188,37406.0
2021-06-25 14:44:47.193,38838.0
2021-06-25 14:44:47.198,36734.0
2021-06-25 14:44:47.203,37406.0
2021-06-25 14:44:47.208,35920.0
2021-06-25 14:44:47.213,37454.0
2021-06-25 14:44:47.218,37950.0
2021-06-25 14:44:47.223,35662.0
2021-06-25 14:44:47.228,37366.0
2021-06-25 14:44:47.233,37416.0
2021-06-25 14:44:47.238,31852.0
2021-06-25 14:44:47.243,31716.0
2021-06-25 14:44:47.248,31474.0
2021-06-25 14:44:47.253,32704.0
2021-06-25 14:44:47.258,31054.0
2021-06-25 14:44:47.263,34616.0
2021-06-25 14:44:47.268,31376.0
2021-06-25 14:44:47.273,31162.0
2021-06-25 14:44:47.278,30482.0
2021-06-25 14:44:47.283,32594.0
2021-06-25 14:44:47.288,31484.0
2021-06-25 14:44:47.293,31720.0
2021-06-25 14:44:47.298,35784.0
2021-06-25 14:44:47.303,34098.0
2021-06-25 14:44:47.308,37104.0
2021-06-25 14:44:47.313,37464.0
2021-06-25 14:44:47.318,35108.0
2021-06-25 14:44:47.323,37120.0
2021-06-25 14:44:47.328,37242.0
2021-06-25 14:44:47.333,35832.0
2021-06-25 14:44:47.338,36514.0
2021-06-25 14:44:47.343,36088.0
2021-06-25 14:44:47.348,38458.0
2021-06-25 14:44:47.353,36528.0
2021-06-25 14:44:47.358,36698.0
2021-06-25 14:44:47.363,37504.0
2021-06-25 14:44:47.368,38136.0
2021-06-25 14:44:47.373,35594.0
2021-06-25 14:44:47.378,35878.0
2021-06-25 14:44:47.383,30800.0
2021-06-25 14:44:47.388,32930.0
2021-06-25 14:44:47.393,33364.0
2021-06-25 14:44:47.399,30366.0
2021-06-25 14:44:47.403,34724.0
2021-06-25 14:44:47.408,33192.0
2021-06-25 14:44:47.413,31448.0
2021-06-25 14:44:47.418,31700.0
2021-06-25 14:44:47.423,29420.0
2021-06-25 14:44:47.428,31448.0
2021-06-25 14:44:47.433,30002.0
2021-06-25 14:44:47.438,31080.0
2021-06-25 14:44:47.443,36010.0
2021-06-25 14:44:47.448,34316.0
2021-06-25 14:44:47.453,34542.0
2021-06-25 14:44:47.458,34234.0
2021-06-25 14:44:47.463,36770.0
2021-06-25 14:44:47.468,36874.0
2021-06-25 14:44:47.473,36926.0
2021-06-25 14:44:47.478,36360.0
2021-06-25 14:44:47.484,38320.0
2021-06-25 14:44:47.488,38612.0
2021-06-25 14:44:47.493,37822.0
2021-06-25 14:44:47.498,36822.0
2021-06-25 14:44:47.503,36386.0
2021-06-25 14:44:47.508,37576.0
2021-06-25 14:44:47.513,35472.0
2021-06-25 14:44:47.518,36258.0
2021-06-25 14:44:47.523,30062.0
2021-06-25 14:44:47.528,31154.0
2021-06-25 14:44:47.533,33070.0
2021-06-25 14:44:47.538,31932.0
2021-06-25 14:44:47.543,30648.0
2021-06-25 14:44:47.548,31340.0
2021-06-25 14:44:47.553,30704.0
2021-06-25 14:44:47.558,29420.0
2021-06-25 14:44:47.563,29240.0
2021-06-25 14:44:47.569,31478.0
2021-06-25 14:44:47.573,31596.0
2021-06-25 14:44:47.578,30022.0
2021-06-25 14:44:47.583,37326.0
2021-06-25 14:44:47.588,38748.0
2021-06-25 14:44:47.593,36668.0
2021-06-25 14:44:47.598,36102.0
2021-06-25 14:44:47.603,35684.0
2021-06-25 14:44:47.608,38004.0
2021-06-25 14:44:47.613,34486.0
2021-06-25 14:44:47.618,36946.0
2021-06-25 14:44:47.623,36248.0
2021-06-25 14:44:47.628,37382.0
2021-06-25 14:44:47.633,36156.0
2021-06-25 14:44:47.638,38956.0
2021-06-25 14:44:47.643,38798.0
2021-06-25 14:44:47.648,37252.0
2021-06-25 14:44:47.653,36616.0
2021-06-25 14:44:47.658,35150.0
2021-06-25 14:44:47.663,30692.0
2021-06-25 14:44:47.668,30030.0
2021-06-25 14:44:47.673,32274.0
2021-06-25 14:44:47.678,30392.0
2021-06-25 14:44:47.683,34748.0
2021-06-25 14:44:47.688,32866.0
2021-06-25 14:44:47.693,32188.0
2021-06-25 14:44:47.698,33620.0
2021-06-25 14:44:47.703,29452.0
2021-06-25 14:44:47.708,29324.0
2021-06-25 14:44:47.713,28830.0
2021-06-25 14:44:47.718,30534.0
2021-06-25 14:44:47.723,37136.0
2021-06-25 14:44:47.728,36744.0
2021-06-25 14:44:47.733,36654.0
2021-06-25 14:44:47.738,37524.0
2021-06-25 14:44:47.743,37258.0
2021-06-25 14:44:47.748,37258.0
2021-06-25 14:44:47.753,34986.0
2021-06-25 14:44:47.758,35488.0
2021-06-25 14:44:47.763,37376.0
2021-06-25 14:44:47.768,34978.0
2021-06-25 14:44:47.773,36386.0
2021-06-25 14:44:47.778,36468.0
2021-06-25 14:44:47.783,38146.0
2021-06-25 14:44:47.788,38460.0
2021-06-25 14:44:47.793,36082.0
2021-06-25 14:44:47.798,30468.0
2021-06-25 14:44:47.803,29784.0
2021-06-25 14:44:47.808,31028.0
2021-06-25 14:44:47.813,33230.0
2021-06-25 14:44:47.818,31290.0
2021-06-25 14:44:47.823,33338.0
2021-06-25 14:44:47.828,34570.0
2021-06-25 14:44:47.833,31222.0
2021-06-25 14:44:47.838,30746.0
2021-06-25 14:44:47.843,31998.0
2021-06-25 14:44:47.848,34426.0
2021-06-25 14:44:47.853,30654.0
2021-06-25 14:44:47.858,33240.0
2021-06-25 14:44:47.863,38566.0
2021-06-25 14:44:47.868,38794.0
2021-06-25 14:44:47.873,38386.0
2021-06-25 14:44:47.878,37126.0
2021-06-25 14:44:47.883,37582.0
2021-06-25 14:44:47.888,38706.0
2021-06-25 14:44:47.893,37678.0
2021-06-25 14:44:47.898,38608.0
2021-06-25 14:44:47.903,35430.0
2021-06-25 14:44:47.908,35216.0
2021-06-25 14:44:47.913,35610.0
2021-06-25 14:44:47.918,37242.0
2021-06-25 14:44:47.923,36986.0
2021-06-25 14:44:47.928,36128.0
2021-06-25 14:44:47.933,37116.0
2021-06-25 14:44:47.938,31660.0
2021-06-25 14:44:47.943,32078.0
2021-06-25 14:44:47.948,31428.0
2021-06-25 14:44:47.953,32776.0
2021-06-25 14:44:47.958,30782.0
2021-06-25 14:44:47.963,31438.0
2021-06-25 14:44:47.968,33182.0
2021-06-25 14:44:47.973,30760.0
2021-06-25 14:44:47.978,32402.0
2021-06-25 14:44:47.983,31166.0
2021-06-25 14:44:47.988,33284.0
2021-06-25 14:44:47.993,30946.0
2021-06-25 14:44:47.998,33284.0
2021-06-25 14:44:48.003,37762.0
2021-06-25 14:44:48.008,35482.0
2021-06-25 14:44:48.013,35738.0
2021-06-25 14:44:48.018,37832.0
2021-06-25 14:44:48.023,37562.0
2021-06-25 14:44:48.028,36262.0
2021-06-25 14:44:48.033,37162.0
2021-06-25 14:44:48.039,37176.0
2021-06-25 14:44:48.043,37806.0
2021-06-25 14:44:48.048,39382.0
2021-06-25 14:44:48.053,37660.0
2021-06-25 14:44:48.058,35856.0
2021-06-25 14:44:48.063,37044.0
2021-06-25 14:44:48.068,37064.0
2021-06-25 14:44:48.073,37172.0
2021-06-25 14:44:48.078,35426.0
2021-06-25 14:44:48.083,31234.0
2021-06-25 14:44:48.088,30740.0
2021-06-25 14:44:48.093,32284.0
2021-06-25 14:44:48.098,30950.0
2021-06-25 14:44:48.103,35458.0
2021-06-25 14:44:48.108,32556.0
2021-06-25 14:44:48.113,31500.0
2021-06-25 14:44:48.118,29540.0
2021-06-25 14:44:48.124,28492.0
2021-06-25 14:44:48.128,29272.0
2021-06-25 14:44:48.133,29020.0
2021-06-25 14:44:48.138,31316.0
2021-06-25 14:44:48.143,37346.0
2021-06-25 14:44:48.148,36504.0
2021-06-25 14:44:48.153,35744.0
2021-06-25 14:44:48.158,37228.0
2021-06-25 14:44:48.163,35658.0
2021-06-25 14:44:48.168,35594.0
2021-06-25 14:44:48.173,36150.0
2021-06-25 14:44:48.178,36996.0
2021-06-25 14:44:48.183,38068.0
2021-06-25 14:44:48.188,38038.0
2021-06-25 14:44:48.193,37550.0
2021-06-25 14:44:48.198,37100.0
2021-06-25 14:44:48.203,36772.0
2021-06-25 14:44:48.209,36094.0
2021-06-25 14:44:48.213,35266.0
2021-06-25 14:44:48.218,37212.0
2021-06-25 14:44:48.223,29196.0
2021-06-25 14:44:48.228,30908.0
2021-06-25 14:44:48.233,33522.0
2021-06-25 14:44:48.238,31084.0
2021-06-25 14:44:48.243,29620.0
2021-06-25 14:44:48.248,33700.0
2021-06-25 14:44:48.253,32310.0
2021-06-25 14:44:48.258,29914.0
2021-06-25 14:44:48.263,31038.0
2021-06-25 14:44:48.268,29262.0
2021-06-25 14:44:48.273,33076.0
2021-06-25 14:44:48.278,32286.0
2021-06-25 14:44:48.283,37806.0
2021-06-25 14:44:48.288,37900.0
2021-06-25 14:44:48.293,36514.0
2021-06-25 14:44:48.298,36982.0
2021-06-25 14:44:48.303,36374.0
2021-06-25 14:44:48.308,36396.0
2021-06-25 14:44:48.313,35620.0
2021-06-25 14:44:48.318,38300.0
2021-06-25 14:44:48.323,37506.0
2021-06-25 14:44:48.328,37244.0
2021-06-25 14:44:48.333,36956.0
2021-06-25 14:44:48.338,35168.0
2021-06-25 14:44:48.343,35920.0
2021-06-25 14:44:48.348,37392.0
2021-06-25 14:44:48.353,32736.0
2021-06-25 14:44:48.358,31100.0
2021-06-25 14:44:48.363,30256.0
2021-06-25 14:44:48.368,30862.0
2021-06-25 14:44:48.373,33230.0
2021-06-25 14:44:48.378,33480.0
2021-06-25 14:44:48.383,30882.0
2021-06-25 14:44:48.388,33040.0
2021-06-25 14:44:48.393,31694.0
2021-06-25 14:44:48.398,30232.0
2021-06-25 14:44:48.403,32762.0
2021-06-25 14:44:48.408,31828.0
2021-06-25 14:44:48.413,30482.0
2021-06-25 14:44:48.418,32222.0
2021-06-25 14:44:48.423,37864.0
2021-06-25 14:44:48.428,37760.0
2021-06-25 14:44:48.433,37146.0
2021-06-25 14:44:48.438,35914.0
2021-06-25 14:44:48.443,34878.0
2021-06-25 14:44:48.448,36872.0
2021-06-25 14:44:48.453,38320.0
2021-06-25 14:44:48.458,31316.0
2021-06-25 14:44:48.463,33774.0
2021-06-25 14:44:48.468,38120.0
2021-06-25 14:44:48.473,37616.0
2021-06-25 14:44:48.478,37924.0
2021-06-25 14:44:48.483,37226.0
2021-06-25 14:44:48.488,37868.0
2021-06-25 14:44:48.493,34796.0
2021-06-25 14:44:48.498,29970.0
2021-06-25 14:44:48.503,31084.0
2021-06-25 14:44:48.508,31988.0
2021-06-25 14:44:48.513,29622.0
2021-06-25 14:44:48.518,32078.0
2021-06-25 14:44:48.523,31054.0
2021-06-25 14:44:48.528,35596.0
2021-06-25 14:44:48.533,32690.0
2021-06-25 14:44:48.538,31888.0
2021-06-25 14:44:48.543,30446.0
2021-06-25 14:44:48.548,31878.0
2021-06-25 14:44:48.553,31648.0
2021-06-25 14:44:48.558,29694.0
2021-06-25 14:44:48.563,36200.0
2021-06-25 14:44:48.568,36366.0
2021-06-25 14:44:48.573,37380.0
2021-06-25 14:44:48.578,37868.0
2021-06-25 14:44:48.583,38464.0
2021-06-25 14:44:48.588,37864.0
2021-06-25 14:44:48.593,37854.0
2021-06-25 14:44:48.598,36426.0
2021-06-25 14:44:48.603,36864.0
2021-06-25 14:44:48.608,35986.0
2021-06-25 14:44:48.613,38078.0
2021-06-25 14:44:48.618,37860.0
2021-06-25 14:44:48.623,37504.0
2021-06-25 14:44:48.628,38346.0
2021-06-25 14:44:48.633,36806.0
2021-06-25 14:44:48.638,35492.0
2021-06-25 14:44:48.643,32296.0
2021-06-25 14:44:48.648,30930.0
2021-06-25 14:44:48.653,32440.0
2021-06-25 14:44:48.658,31474.0
2021-06-25 14:44:48.663,35406.0
2021-06-25 14:44:48.668,30518.0
2021-06-25 14:44:48.673,29276.0
2021-06-25 14:44:48.679,30350.0
2021-06-25 14:44:48.683,31972.0
2021-06-25 14:44:48.688,30252.0
2021-06-25 14:44:48.693,32520.0
2021-06-25 14:44:48.698,29574.0
2021-06-25 14:44:48.703,36346.0
2021-06-25 14:44:48.708,40240.0
2021-06-25 14:44:48.713,36872.0
2021-06-25 14:44:48.718,36180.0
2021-06-25 14:44:48.723,35960.0
2021-06-25 14:44:48.728,35436.0
2021-06-25 14:44:48.733,38158.0
2021-06-25 14:44:48.738,36690.0
2021-06-25 14:44:48.743,37726.0
2021-06-25 14:44:48.748,36150.0
2021-06-25 14:44:48.753,34488.0
2021-06-25 14:44:48.758,34282.0
2021-06-25 14:44:48.764,35514.0
2021-06-25 14:44:48.768,37884.0
2021-06-25 14:44:48.773,37372.0
2021-06-25 14:44:48.778,34806.0
2021-06-25 14:44:48.783,31838.0
2021-06-25 14:44:48.788,30766.0
2021-06-25 14:44:48.793,35138.0
2021-06-25 14:44:48.798,30530.0
2021-06-25 14:44:48.803,32578.0
2021-06-25 14:44:48.808,34092.0
2021-06-25 14:44:48.813,30606.0
2021-06-25 14:44:48.818,31986.0
2021-06-25 14:44:48.823,29466.0
2021-06-25 14:44:48.828,30114.0
2021-06-25 14:44:48.833,32330.0
2021-06-25 14:44:48.838,32356.0
2021-06-25 14:44:48.843,38198.0
2021-06-25 14:44:48.849,35938.0
2021-06-25 14:44:48.853,36882.0
2021-06-25 14:44:48.858,35858.0
2021-06-25 14:44:48.863,36478.0
2021-06-25 14:44:48.868,37628.0
2021-06-25 14:44:48.873,37314.0
2021-06-25 14:44:48.878,37262.0
2021-06-25 14:44:48.883,37602.0
2021-06-25 14:44:48.888,36268.0
2021-06-25 14:44:48.893,38838.0
2021-06-25 14:44:48.898,37894.0
2021-06-25 14:44:48.903,38448.0
2021-06-25 14:44:48.908,37696.0
2021-06-25 14:44:48.913,36500.0
2021-06-25 14:44:48.918,35872.0
2021-06-25 14:44:48.931,32284.0
2021-06-25 14:44:48.932,31438.0
2021-06-25 14:44:48.935,32310.0
2021-06-25 14:44:48.938,32412.0
2021-06-25 14:44:48.943,31760.0
2021-06-25 14:44:48.948,32942.0
2021-06-25 14:44:48.953,33672.0
2021-06-25 14:44:48.958,31506.0
2021-06-25 14:44:48.963,29856.0
2021-06-25 14:44:48.968,30180.0
2021-06-25 14:44:48.973,32460.0
2021-06-25 14:44:48.978,29648.0
2021-06-25 14:44:48.983,32660.0
2021-06-25 14:44:48.988,36982.0
2021-06-25 14:44:48.993,37796.0
2021-06-25 14:44:48.998,36862.0
2021-06-25 14:44:49.003,37756.0
2021-06-25 14:44:49.008,36990.0
2021-06-25 14:44:49.013,35186.0
2021-06-25 14:44:49.018,37242.0
2021-06-25 14:44:49.023,36030.0
2021-06-25 14:44:49.028,34872.0
2021-06-25 14:44:49.033,35406.0
2021-06-25 14:44:49.038,37740.0
2021-06-25 14:44:49.043,38162.0
2021-06-25 14:44:49.048,38286.0
2021-06-25 14:44:49.053,37206.0
2021-06-25 14:44:49.058,36956.0
2021-06-25 14:44:49.063,34646.0
2021-06-25 14:44:49.068,31812.0
2021-06-25 14:44:49.073,29776.0
2021-06-25 14:44:49.078,33628.0
2021-06-25 14:44:49.083,32096.0
2021-06-25 14:44:49.088,30954.0
2021-06-25 14:44:49.093,35452.0
2021-06-25 14:44:49.098,29986.0
2021-06-25 14:44:49.103,33112.0
2021-06-25 14:44:49.108,31698.0
2021-06-25 14:44:49.113,33246.0
2021-06-25 14:44:49.118,30574.0
2021-06-25 14:44:49.123,30556.0
2021-06-25 14:44:49.128,33326.0
2021-06-25 14:44:49.133,35026.0
2021-06-25 14:44:49.138,34010.0
2021-06-25 14:44:49.143,35482.0
2021-06-25 14:44:49.148,37776.0
2021-06-25 14:44:49.153,38346.0
2021-06-25 14:44:49.158,36750.0
2021-06-25 14:44:49.163,34942.0
2021-06-25 14:44:49.168,36920.0
2021-06-25 14:44:49.173,35138.0
2021-06-25 14:44:49.178,37868.0
2021-06-25 14:44:49.183,36062.0
2021-06-25 14:44:49.188,36442.0
2021-06-25 14:44:49.193,35648.0
2021-06-25 14:44:49.198,33916.0
2021-06-25 14:44:49.203,35984.0
2021-06-25 14:44:49.208,33516.0
2021-06-25 14:44:49.213,34070.0
2021-06-25 14:44:49.218,27302.0
2021-06-25 14:44:49.223,27654.0
2021-06-25 14:44:49.228,30094.0
2021-06-25 14:44:49.233,26922.0
2021-06-25 14:44:49.238,28172.0
2021-06-25 14:44:49.243,31488.0
2021-06-25 14:44:49.248,26710.0
2021-06-25 14:44:49.253,29686.0
2021-06-25 14:44:49.258,27378.0
2021-06-25 14:44:49.263,28512.0
2021-06-25 14:44:49.268,28770.0
2021-06-25 14:44:49.273,27836.0
2021-06-25 14:44:49.278,34390.0
2021-06-25 14:44:49.283,34832.0
2021-06-25 14:44:49.288,34234.0
2021-06-25 14:44:49.293,35528.0
2021-06-25 14:44:49.298,34620.0
2021-06-25 14:44:49.303,35318.0
2021-06-25 14:44:49.308,34824.0
2021-06-25 14:44:49.313,34482.0
2021-06-25 14:44:49.319,33158.0
2021-06-25 14:44:49.323,34080.0
2021-06-25 14:44:49.328,35242.0
2021-06-25 14:44:49.333,35178.0
2021-06-25 14:44:49.338,35256.0
2021-06-25 14:44:49.343,34990.0
2021-06-25 14:44:49.348,34816.0
2021-06-25 14:44:49.353,28834.0
2021-06-25 14:44:49.358,29868.0
2021-06-25 14:44:49.363,29066.0
2021-06-25 14:44:49.368,32156.0
2021-06-25 14:44:49.373,30292.0
2021-06-25 14:44:49.378,33882.0
2021-06-25 14:44:49.383,28860.0
2021-06-25 14:44:49.388,30324.0
2021-06-25 14:44:49.393,31000.0
2021-06-25 14:44:49.398,32526.0
2021-06-25 14:44:49.404,32936.0
2021-06-25 14:44:49.408,31352.0
2021-06-25 14:44:49.413,32310.0
2021-06-25 14:44:49.418,35032.0
2021-06-25 14:44:49.423,37418.0
2021-06-25 14:44:49.428,37772.0
2021-06-25 14:44:49.433,39512.0
2021-06-25 14:44:49.438,38438.0
2021-06-25 14:44:49.443,38916.0
2021-06-25 14:44:49.448,38988.0
2021-06-25 14:44:49.453,39772.0
2021-06-25 14:44:49.458,36874.0
2021-06-25 14:44:49.463,36724.0
2021-06-25 14:44:49.468,36184.0
2021-06-25 14:44:49.473,38742.0
2021-06-25 14:44:49.478,39800.0
2021-06-25 14:44:49.483,38876.0
2021-06-25 14:44:49.489,39120.0
2021-06-25 14:44:49.493,39224.0
2021-06-25 14:44:49.498,32182.0
2021-06-25 14:44:49.503,33384.0
2021-06-25 14:44:49.508,32988.0
2021-06-25 14:44:49.513,34852.0
2021-06-25 14:44:49.518,31098.0
2021-06-25 14:44:49.523,36596.0
2021-06-25 14:44:49.528,33264.0
2021-06-25 14:44:49.533,32978.0
2021-06-25 14:44:49.538,33846.0
2021-06-25 14:44:49.543,32876.0
2021-06-25 14:44:49.548,34378.0
2021-06-25 14:44:49.553,31996.0
2021-06-25 14:44:49.558,34662.0
2021-06-25 14:44:49.563,37536.0
2021-06-25 14:44:49.568,36190.0
2021-06-25 14:44:49.573,36956.0
2021-06-25 14:44:49.578,37150.0
2021-06-25 14:44:49.583,37140.0
2021-06-25 14:44:49.588,36294.0
2021-06-25 14:44:49.593,38274.0
2021-06-25 14:44:49.598,37936.0
2021-06-25 14:44:49.603,38120.0
2021-06-25 14:44:49.608,38042.0
2021-06-25 14:44:49.613,37960.0
2021-06-25 14:44:49.618,34888.0
2021-06-25 14:44:49.623,37434.0
2021-06-25 14:44:49.628,36514.0
2021-06-25 14:44:49.633,36606.0
2021-06-25 14:44:49.638,37986.0
2021-06-25 14:44:49.643,32510.0
2021-06-25 14:44:49.648,33302.0
2021-06-25 14:44:49.653,34624.0
2021-06-25 14:44:49.658,30576.0
2021-06-25 14:44:49.663,30688.0
2021-06-25 14:44:49.668,33146.0
2021-06-25 14:44:49.673,30468.0
2021-06-25 14:44:49.678,32268.0
2021-06-25 14:44:49.683,29518.0
2021-06-25 14:44:49.688,31064.0
2021-06-25 14:44:49.693,31592.0
2021-06-25 14:44:49.698,30392.0
2021-06-25 14:44:49.703,31372.0
2021-06-25 14:44:49.708,35702.0
2021-06-25 14:44:49.713,37146.0
2021-06-25 14:44:49.718,35934.0
2021-06-25 14:44:49.723,37624.0
2021-06-25 14:44:49.728,34816.0
2021-06-25 14:44:49.733,36688.0
2021-06-25 14:44:49.738,37828.0
2021-06-25 14:44:49.743,36946.0
2021-06-25 14:44:49.748,39306.0
2021-06-25 14:44:49.753,36734.0
2021-06-25 14:44:49.758,36038.0
2021-06-25 14:44:49.763,31852.0
2021-06-25 14:44:49.768,36518.0
2021-06-25 14:44:49.773,36510.0
2021-06-25 14:44:49.778,36438.0
2021-06-25 14:44:49.783,30678.0
2021-06-25 14:44:49.788,33496.0
2021-06-25 14:44:49.793,31832.0
2021-06-25 14:44:49.798,34138.0
2021-06-25 14:44:49.803,29082.0
2021-06-25 14:44:49.808,35020.0
2021-06-25 14:44:49.813,29610.0
2021-06-25 14:44:49.818,30514.0
2021-06-25 14:44:49.823,31750.0
2021-06-25 14:44:49.828,30764.0
2021-06-25 14:44:49.833,31580.0
2021-06-25 14:44:49.838,35820.0
2021-06-25 14:44:49.843,31146.0
2021-06-25 14:44:49.848,33342.0
2021-06-25 14:44:49.853,37832.0
2021-06-25 14:44:49.858,37962.0
2021-06-25 14:44:49.863,32378.0
2021-06-25 14:44:49.868,37570.0
2021-06-25 14:44:49.873,37798.0
2021-06-25 14:44:49.878,38162.0
2021-06-25 14:44:49.883,35544.0
2021-06-25 14:44:49.888,37770.0
2021-06-25 14:44:49.893,35358.0
2021-06-25 14:44:49.898,37930.0
2021-06-25 14:44:49.903,38232.0
2021-06-25 14:44:49.908,37724.0
2021-06-25 14:44:49.913,36062.0
2021-06-25 14:44:49.918,35060.0
2021-06-25 14:44:49.923,36452.0
2021-06-25 14:44:49.928,29846.0
2021-06-25 14:44:49.933,31136.0
2021-06-25 14:44:49.938,33218.0
2021-06-25 14:44:49.943,31566.0
2021-06-25 14:44:49.948,32696.0
2021-06-25 14:44:49.953,36564.0
2021-06-25 14:44:49.959,30488.0
2021-06-25 14:44:49.963,30084.0
2021-06-25 14:44:49.968,30972.0
2021-06-25 14:44:49.973,31878.0
2021-06-25 14:44:49.978,33230.0
2021-06-25 14:44:49.983,30206.0
2021-06-25 14:44:49.988,37904.0
2021-06-25 14:44:49.993,37960.0
2021-06-25 14:44:49.998,36422.0
2021-06-25 14:44:50.003,38096.0
2021-06-25 14:44:50.008,38558.0
2021-06-25 14:44:50.013,37504.0
2021-06-25 14:44:50.018,36422.0
2021-06-25 14:44:50.023,35838.0
2021-06-25 14:44:50.028,38122.0
2021-06-25 14:44:50.033,38690.0
2021-06-25 14:44:50.038,37216.0
2021-06-25 14:44:50.044,38504.0
2021-06-25 14:44:50.048,37562.0
2021-06-25 14:44:50.053,38860.0
2021-06-25 14:44:50.058,38716.0
2021-06-25 14:44:50.063,38394.0
2021-06-25 14:44:50.068,31824.0
2021-06-25 14:44:50.073,29616.0
2021-06-25 14:44:50.078,32956.0
2021-06-25 14:44:50.083,31412.0
2021-06-25 14:44:50.088,30954.0
2021-06-25 14:44:50.093,33936.0
2021-06-25 14:44:50.098,30636.0
2021-06-25 14:44:50.103,31756.0
2021-06-25 14:44:50.108,31788.0
2021-06-25 14:44:50.113,32116.0
2021-06-25 14:44:50.118,32142.0
2021-06-25 14:44:50.123,31412.0
2021-06-25 14:44:50.129,37442.0
2021-06-25 14:44:50.133,38054.0
2021-06-25 14:44:50.138,38150.0
2021-06-25 14:44:50.143,37052.0
2021-06-25 14:44:50.148,38312.0
2021-06-25 14:44:50.153,38068.0
2021-06-25 14:44:50.158,39482.0
2021-06-25 14:44:50.163,35222.0
2021-06-25 14:44:50.168,35052.0
2021-06-25 14:44:50.173,36622.0
2021-06-25 14:44:50.178,36832.0
2021-06-25 14:44:50.183,37008.0
2021-06-25 14:44:50.188,38086.0
2021-06-25 14:44:50.193,38238.0
2021-06-25 14:44:50.198,38090.0
2021-06-25 14:44:50.203,36524.0
2021-06-25 14:44:50.208,32150.0
2021-06-25 14:44:50.213,31042.0
2021-06-25 14:44:50.218,30846.0
2021-06-25 14:44:50.223,33286.0
2021-06-25 14:44:50.228,30654.0
2021-06-25 14:44:50.233,34970.0
2021-06-25 14:44:50.238,33754.0
2021-06-25 14:44:50.243,30112.0
2021-06-25 14:44:50.248,31910.0
2021-06-25 14:44:50.253,33654.0
2021-06-25 14:44:50.258,30936.0
2021-06-25 14:44:50.263,31766.0
2021-06-25 14:44:50.268,35738.0
2021-06-25 14:44:50.273,37906.0
2021-06-25 14:44:50.278,37802.0
2021-06-25 14:44:50.283,36410.0
2021-06-25 14:44:50.288,36700.0
2021-06-25 14:44:50.293,36690.0
2021-06-25 14:44:50.298,36048.0
2021-06-25 14:44:50.303,38080.0
2021-06-25 14:44:50.308,36924.0
2021-06-25 14:44:50.313,36334.0
2021-06-25 14:44:50.318,36492.0
2021-06-25 14:44:50.323,36302.0
2021-06-25 14:44:50.328,36852.0
2021-06-25 14:44:50.333,36262.0
2021-06-25 14:44:50.338,35456.0
2021-06-25 14:44:50.343,35964.0
2021-06-25 14:44:50.348,30698.0
2021-06-25 14:44:50.353,29472.0
2021-06-25 14:44:50.358,32746.0
2021-06-25 14:44:50.363,30642.0
2021-06-25 14:44:50.368,30520.0
2021-06-25 14:44:50.373,35580.0
2021-06-25 14:44:50.378,31154.0
2021-06-25 14:44:50.383,31452.0
2021-06-25 14:44:50.388,30092.0
2021-06-25 14:44:50.393,31064.0
2021-06-25 14:44:50.398,31770.0
2021-06-25 14:44:50.403,30148.0
2021-06-25 14:44:50.408,36908.0
2021-06-25 14:44:50.413,38520.0
2021-06-25 14:44:50.418,38408.0
2021-06-25 14:44:50.423,37634.0
2021-06-25 14:44:50.428,38386.0
2021-06-25 14:44:50.433,39482.0
2021-06-25 14:44:50.438,38448.0
2021-06-25 14:44:50.443,37162.0
2021-06-25 14:44:50.448,36382.0
2021-06-25 14:44:50.453,34570.0
2021-06-25 14:44:50.458,38218.0
2021-06-25 14:44:50.463,38202.0
2021-06-25 14:44:50.468,30714.0
2021-06-25 14:44:50.473,35148.0
2021-06-25 14:44:50.478,35766.0
2021-06-25 14:44:50.483,36954.0
2021-06-25 14:44:50.488,31576.0
2021-06-25 14:44:50.493,30672.0
2021-06-25 14:44:50.498,32552.0
2021-06-25 14:44:50.503,31330.0
2021-06-25 14:44:50.508,32142.0
2021-06-25 14:44:50.513,36164.0
2021-06-25 14:44:50.518,30878.0
2021-06-25 14:44:50.523,33466.0
2021-06-25 14:44:50.528,31884.0
2021-06-25 14:44:50.533,31706.0
2021-06-25 14:44:50.538,32326.0
2021-06-25 14:44:50.543,31998.0
2021-06-25 14:44:50.548,35812.0
2021-06-25 14:44:50.553,36776.0
2021-06-25 14:44:50.558,37956.0
2021-06-25 14:44:50.563,37706.0
2021-06-25 14:44:50.568,36560.0
2021-06-25 14:44:50.573,37388.0
2021-06-25 14:44:50.578,36544.0
2021-06-25 14:44:50.583,36446.0
2021-06-25 14:44:50.588,36996.0
2021-06-25 14:44:50.593,36318.0
2021-06-25 14:44:50.599,38494.0
2021-06-25 14:44:50.603,37530.0
2021-06-25 14:44:50.608,37196.0
2021-06-25 14:44:50.613,37116.0
2021-06-25 14:44:50.618,37424.0
2021-06-25 14:44:50.623,36658.0
2021-06-25 14:44:50.628,30720.0
2021-06-25 14:44:50.633,31622.0
2021-06-25 14:44:50.638,33834.0
2021-06-25 14:44:50.643,32198.0
2021-06-25 14:44:50.648,36446.0
2021-06-25 14:44:50.653,32530.0
2021-06-25 14:44:50.658,32176.0
2021-06-25 14:44:50.663,33312.0
2021-06-25 14:44:50.668,31274.0
2021-06-25 14:44:50.673,30262.0
2021-06-25 14:44:50.678,30102.0
2021-06-25 14:44:50.684,30898.0
2021-06-25 14:44:50.688,37622.0
2021-06-25 14:44:50.693,37664.0
2021-06-25 14:44:50.698,37402.0
2021-06-25 14:44:50.703,39266.0
2021-06-25 14:44:50.708,38404.0
2021-06-25 14:44:50.713,38254.0
2021-06-25 14:44:50.718,38306.0
2021-06-25 14:44:50.723,35124.0
2021-06-25 14:44:50.728,37792.0
2021-06-25 14:44:50.733,37750.0
2021-06-25 14:44:50.738,35394.0
2021-06-25 14:44:50.743,38042.0
2021-06-25 14:44:50.748,38286.0
2021-06-25 14:44:50.753,38516.0
2021-06-25 14:44:50.758,37868.0
2021-06-25 14:44:50.763,30874.0
2021-06-25 14:44:50.769,31526.0
2021-06-25 14:44:50.773,29422.0
2021-06-25 14:44:50.778,32588.0
2021-06-25 14:44:50.783,30882.0
2021-06-25 14:44:50.788,31418.0
2021-06-25 14:44:50.793,29396.0
2021-06-25 14:44:50.798,32594.0
2021-06-25 14:44:50.803,30510.0
2021-06-25 14:44:50.808,31176.0
2021-06-25 14:44:50.813,32284.0
2021-06-25 14:44:50.818,30678.0
2021-06-25 14:44:50.823,31118.0
2021-06-25 14:44:50.828,37860.0
2021-06-25 14:44:50.833,38008.0
2021-06-25 14:44:50.838,37842.0
2021-06-25 14:44:50.843,36782.0
2021-06-25 14:44:50.848,36772.0
2021-06-25 14:44:50.853,38694.0
2021-06-25 14:44:50.858,39102.0
2021-06-25 14:44:50.863,37890.0
2021-06-25 14:44:50.868,33218.0
2021-06-25 14:44:50.873,34836.0
2021-06-25 14:44:50.878,36104.0
2021-06-25 14:44:50.883,36494.0
2021-06-25 14:44:50.888,36232.0
2021-06-25 14:44:50.893,37134.0
2021-06-25 14:44:50.898,36256.0
2021-06-25 14:44:50.903,30924.0
2021-06-25 14:44:50.908,30664.0
2021-06-25 14:44:50.913,33012.0
2021-06-25 14:44:50.918,32356.0
2021-06-25 14:44:50.923,30140.0
2021-06-25 14:44:50.928,34912.0
2021-06-25 14:44:50.933,31438.0
2021-06-25 14:44:50.938,30138.0
2021-06-25 14:44:50.943,30156.0
2021-06-25 14:44:50.948,30534.0
2021-06-25 14:44:50.953,32910.0
2021-06-25 14:44:50.958,30438.0
2021-06-25 14:44:50.963,31120.0
2021-06-25 14:44:50.968,37126.0
2021-06-25 14:44:50.973,36910.0
2021-06-25 14:44:50.978,34568.0
2021-06-25 14:44:50.983,36074.0
2021-06-25 14:44:50.988,36038.0
2021-06-25 14:44:50.993,36118.0
2021-06-25 14:44:50.998,37362.0
2021-06-25 14:44:51.003,37054.0
2021-06-25 14:44:51.008,36954.0
2021-06-25 14:44:51.013,37572.0
2021-06-25 14:44:51.018,35040.0
2021-06-25 14:44:51.023,35760.0
2021-06-25 14:44:51.028,37942.0
2021-06-25 14:44:51.033,36338.0
2021-06-25 14:44:51.038,38158.0
2021-06-25 14:44:51.043,36082.0
2021-06-25 14:44:51.048,30554.0
2021-06-25 14:44:51.053,31008.0
2021-06-25 14:44:51.058,33064.0
2021-06-25 14:44:51.063,31402.0
2021-06-25 14:44:51.068,32060.0
2021-06-25 14:44:51.073,31580.0
2021-06-25 14:44:51.078,30032.0
2021-06-25 14:44:51.083,31706.0
2021-06-25 14:44:51.088,30852.0
2021-06-25 14:44:51.093,32074.0
2021-06-25 14:44:51.098,30364.0
2021-06-25 14:44:51.103,32202.0
2021-06-25 14:44:51.108,33470.0
2021-06-25 14:44:51.113,39234.0
2021-06-25 14:44:51.118,38058.0
2021-06-25 14:44:51.123,35492.0
2021-06-25 14:44:51.128,37570.0
2021-06-25 14:44:51.133,37356.0
2021-06-25 14:44:51.138,37936.0
2021-06-25 14:44:51.143,38086.0
2021-06-25 14:44:51.148,37038.0
2021-06-25 14:44:51.153,36392.0
2021-06-25 14:44:51.158,37078.0
2021-06-25 14:44:51.163,38870.0
2021-06-25 14:44:51.168,36038.0
2021-06-25 14:44:51.173,36772.0
2021-06-25 14:44:51.178,37232.0
2021-06-25 14:44:51.183,39338.0
2021-06-25 14:44:51.188,37074.0
2021-06-25 14:44:51.193,31802.0
2021-06-25 14:44:51.198,32622.0
2021-06-25 14:44:51.203,34236.0
2021-06-25 14:44:51.208,30920.0
2021-06-25 14:44:51.213,35360.0
2021-06-25 14:44:51.218,33086.0
2021-06-25 14:44:51.223,29894.0
2021-06-25 14:44:51.228,32146.0
2021-06-25 14:44:51.233,31900.0
2021-06-25 14:44:51.239,30864.0
2021-06-25 14:44:51.243,32150.0
2021-06-25 14:44:51.248,31852.0
2021-06-25 14:44:51.253,32110.0
2021-06-25 14:44:51.258,32756.0
2021-06-25 14:44:51.263,39460.0
2021-06-25 14:44:51.268,38540.0
2021-06-25 14:44:51.273,38218.0
2021-06-25 14:44:51.278,36736.0
2021-06-25 14:44:51.283,37818.0
2021-06-25 14:44:51.288,36062.0
2021-06-25 14:44:51.293,36022.0
2021-06-25 14:44:51.298,37018.0
2021-06-25 14:44:51.303,38090.0
2021-06-25 14:44:51.308,35882.0
2021-06-25 14:44:51.313,36190.0
2021-06-25 14:44:51.318,34788.0
2021-06-25 14:44:51.324,35318.0
2021-06-25 14:44:51.328,36934.0
2021-06-25 14:44:51.341,29944.0
2021-06-25 14:44:51.342,29256.0
2021-06-25 14:44:51.344,31202.0
2021-06-25 14:44:51.348,32196.0
2021-06-25 14:44:51.353,33220.0
2021-06-25 14:44:51.358,31556.0
2021-06-25 14:44:51.363,36688.0
2021-06-25 14:44:51.368,31232.0
2021-06-25 14:44:51.373,31638.0
2021-06-25 14:44:51.378,30602.0
2021-06-25 14:44:51.383,30084.0
2021-06-25 14:44:51.388,32412.0
2021-06-25 14:44:51.393,32080.0
2021-06-25 14:44:51.398,37244.0
2021-06-25 14:44:51.403,35410.0
2021-06-25 14:44:51.409,37534.0
2021-06-25 14:44:51.413,37534.0
2021-06-25 14:44:51.418,35214.0
2021-06-25 14:44:51.423,34978.0
2021-06-25 14:44:51.428,35298.0
2021-06-25 14:44:51.433,35786.0
2021-06-25 14:44:51.438,37304.0
2021-06-25 14:44:51.443,36744.0
2021-06-25 14:44:51.448,36826.0
2021-06-25 14:44:51.453,36564.0
2021-06-25 14:44:51.458,37114.0
2021-06-25 14:44:51.463,37542.0
2021-06-25 14:44:51.468,35338.0
2021-06-25 14:44:51.473,33234.0
2021-06-25 14:44:51.478,32644.0
2021-06-25 14:44:51.483,30674.0
2021-06-25 14:44:51.488,31870.0
2021-06-25 14:44:51.493,33218.0
2021-06-25 14:44:51.498,31602.0
2021-06-25 14:44:51.503,36156.0
2021-06-25 14:44:51.508,32854.0
2021-06-25 14:44:51.513,31036.0
2021-06-25 14:44:51.518,30972.0
2021-06-25 14:44:51.523,30600.0
2021-06-25 14:44:51.528,31582.0
2021-06-25 14:44:51.533,31924.0
2021-06-25 14:44:51.538,30288.0
2021-06-25 14:44:51.543,36760.0
2021-06-25 14:44:51.548,36918.0
2021-06-25 14:44:51.553,35222.0
2021-06-25 14:44:51.558,36288.0
2021-06-25 14:44:51.563,37022.0
2021-06-25 14:44:51.568,34666.0
2021-06-25 14:44:51.573,35794.0
2021-06-25 14:44:51.578,36346.0
2021-06-25 14:44:51.583,36062.0
2021-06-25 14:44:51.588,36946.0
2021-06-25 14:44:51.593,36328.0
2021-06-25 14:44:51.598,36654.0
2021-06-25 14:44:51.603,36648.0
2021-06-25 14:44:51.608,36780.0
2021-06-25 14:44:51.613,35268.0
2021-06-25 14:44:51.618,32114.0
2021-06-25 14:44:51.623,30384.0
2021-06-25 14:44:51.628,33916.0
2021-06-25 14:44:51.633,28302.0
2021-06-25 14:44:51.638,27736.0
2021-06-25 14:44:51.643,26414.0
2021-06-25 14:44:51.648,31238.0
2021-06-25 14:44:51.653,29676.0
2021-06-25 14:44:51.658,29414.0
2021-06-25 14:44:51.663,29308.0
2021-06-25 14:44:51.668,28492.0
2021-06-25 14:44:51.673,27034.0
2021-06-25 14:44:51.678,27090.0
2021-06-25 14:44:51.683,28824.0
2021-06-25 14:44:51.688,27130.0
2021-06-25 14:44:51.693,28542.0
2021-06-25 14:44:51.698,35374.0
2021-06-25 14:44:51.703,35338.0
2021-06-25 14:44:51.708,34764.0
2021-06-25 14:44:51.713,35558.0
2021-06-25 14:44:51.718,33080.0
2021-06-25 14:44:51.723,33726.0
2021-06-25 14:44:51.728,35574.0
2021-06-25 14:44:51.733,35806.0
2021-06-25 14:44:51.738,34472.0
2021-06-25 14:44:51.743,35996.0
2021-06-25 14:44:51.748,35836.0
2021-06-25 14:44:51.753,35550.0
2021-06-25 14:44:51.758,34662.0
2021-06-25 14:44:51.763,36068.0
2021-06-25 14:44:51.768,33264.0
2021-06-25 14:44:51.773,29458.0
2021-06-25 14:44:51.778,29980.0
2021-06-25 14:44:51.783,29694.0
2021-06-25 14:44:51.788,31172.0
2021-06-25 14:44:51.793,30972.0
2021-06-25 14:44:51.798,30038.0
2021-06-25 14:44:51.803,32886.0
2021-06-25 14:44:51.808,29324.0
2021-06-25 14:44:51.813,30766.0
2021-06-25 14:44:51.818,29672.0
2021-06-25 14:44:51.823,29786.0
2021-06-25 14:44:51.828,29980.0
2021-06-25 14:44:51.833,30400.0
2021-06-25 14:44:51.838,29996.0
2021-06-25 14:44:51.843,35258.0
2021-06-25 14:44:51.848,35216.0
2021-06-25 14:44:51.853,35918.0
2021-06-25 14:44:51.858,37812.0
2021-06-25 14:44:51.863,36066.0
2021-06-25 14:44:51.868,34742.0
2021-06-25 14:44:51.873,30042.0
2021-06-25 14:44:51.879,33978.0
2021-06-25 14:44:51.883,37052.0
2021-06-25 14:44:51.888,36600.0
2021-06-25 14:44:51.893,35236.0
2021-06-25 14:44:51.898,36890.0
2021-06-25 14:44:51.903,37638.0
2021-06-25 14:44:51.908,37616.0
2021-06-25 14:44:51.913,36242.0
2021-06-25 14:44:51.918,31274.0
2021-06-25 14:44:51.923,29298.0
2021-06-25 14:44:51.928,28424.0
2021-06-25 14:44:51.933,31080.0
2021-06-25 14:44:51.938,30420.0
2021-06-25 14:44:51.943,30606.0
2021-06-25 14:44:51.948,33728.0
2021-06-25 14:44:51.953,28702.0
2021-06-25 14:44:51.958,29494.0
2021-06-25 14:44:51.964,30156.0
2021-06-25 14:44:51.968,30934.0
2021-06-25 14:44:51.973,27876.0
2021-06-25 14:44:51.978,29914.0
2021-06-25 14:44:51.983,30340.0
2021-06-25 14:44:51.988,34148.0
2021-06-25 14:44:51.993,36340.0
2021-06-25 14:44:51.998,35730.0
2021-06-25 14:44:52.003,37268.0
2021-06-25 14:44:52.008,36242.0
2021-06-25 14:44:52.013,33782.0
2021-06-25 14:44:52.018,38060.0
2021-06-25 14:44:52.023,36278.0
2021-06-25 14:44:52.028,33404.0
2021-06-25 14:44:52.033,36340.0
2021-06-25 14:44:52.038,36374.0
2021-06-25 14:44:52.043,36416.0
2021-06-25 14:44:52.049,34126.0
2021-06-25 14:44:52.053,36370.0
2021-06-25 14:44:52.058,36586.0
2021-06-25 14:44:52.063,34262.0
2021-06-25 14:44:52.068,31760.0
2021-06-25 14:44:52.073,29848.0
2021-06-25 14:44:52.078,29256.0
2021-06-25 14:44:52.083,30996.0
2021-06-25 14:44:52.088,28434.0
2021-06-25 14:44:52.093,30366.0
2021-06-25 14:44:52.098,30510.0
2021-06-25 14:44:52.103,28050.0
2021-06-25 14:44:52.108,27896.0
2021-06-25 14:44:52.113,28790.0
2021-06-25 14:44:52.118,32622.0
2021-06-25 14:44:52.123,28692.0
2021-06-25 14:44:52.128,29876.0
2021-06-25 14:44:52.133,27800.0
2021-06-25 14:44:52.138,37730.0
2021-06-25 14:44:52.143,35082.0
2021-06-25 14:44:52.148,36544.0
2021-06-25 14:44:52.153,34958.0
2021-06-25 14:44:52.158,37080.0
2021-06-25 14:44:52.163,34524.0
2021-06-25 14:44:52.168,38336.0
2021-06-25 14:44:52.173,36248.0
2021-06-25 14:44:52.178,33538.0
2021-06-25 14:44:52.183,36736.0
2021-06-25 14:44:52.188,36426.0
2021-06-25 14:44:52.193,34440.0
2021-06-25 14:44:52.198,35990.0
2021-06-25 14:44:52.203,35776.0
2021-06-25 14:44:52.208,37002.0
2021-06-25 14:44:52.213,31572.0
2021-06-25 14:44:52.218,30828.0
2021-06-25 14:44:52.223,30602.0
2021-06-25 14:44:52.228,29364.0
2021-06-25 14:44:52.233,32392.0
2021-06-25 14:44:52.238,31182.0
2021-06-25 14:44:52.243,28480.0
2021-06-25 14:44:52.248,31864.0
2021-06-25 14:44:52.253,29796.0
2021-06-25 14:44:52.258,30304.0
2021-06-25 14:44:52.263,30606.0
2021-06-25 14:44:52.268,31304.0
2021-06-25 14:44:52.273,30864.0
2021-06-25 14:44:52.278,36436.0
2021-06-25 14:44:52.283,36934.0
2021-06-25 14:44:52.288,37140.0
2021-06-25 14:44:52.293,36174.0
2021-06-25 14:44:52.298,36118.0
2021-06-25 14:44:52.303,34902.0
2021-06-25 14:44:52.308,36236.0
2021-06-25 14:44:52.313,35626.0
2021-06-25 14:44:52.318,37372.0
2021-06-25 14:44:52.323,37834.0
2021-06-25 14:44:52.328,34420.0
2021-06-25 14:44:52.333,36836.0
2021-06-25 14:44:52.338,34214.0
2021-06-25 14:44:52.343,35802.0
2021-06-25 14:44:52.348,35570.0
2021-06-25 14:44:52.353,31874.0
2021-06-25 14:44:52.358,30796.0
2021-06-25 14:44:52.363,31080.0
2021-06-25 14:44:52.368,33528.0
2021-06-25 14:44:52.373,31426.0
2021-06-25 14:44:52.378,30268.0
2021-06-25 14:44:52.383,35262.0
2021-06-25 14:44:52.388,28708.0
2021-06-25 14:44:52.393,32296.0
2021-06-25 14:44:52.398,29622.0
2021-06-25 14:44:52.403,29538.0
2021-06-25 14:44:52.408,31080.0
2021-06-25 14:44:52.413,31278.0
2021-06-25 14:44:52.418,31874.0
2021-06-25 14:44:52.423,38546.0
2021-06-25 14:44:52.428,36684.0
2021-06-25 14:44:52.433,34226.0
2021-06-25 14:44:52.438,35452.0
2021-06-25 14:44:52.443,35332.0
2021-06-25 14:44:52.448,36658.0
2021-06-25 14:44:52.453,35856.0
2021-06-25 14:44:52.458,36082.0
2021-06-25 14:44:52.463,34984.0
2021-06-25 14:44:52.468,35658.0
2021-06-25 14:44:52.473,33902.0
2021-06-25 14:44:52.478,33112.0
2021-06-25 14:44:52.483,32866.0
2021-06-25 14:44:52.488,33532.0
2021-06-25 14:44:52.493,33038.0
2021-06-25 14:44:52.498,33218.0
2021-06-25 14:44:52.503,29570.0
2021-06-25 14:44:52.508,28846.0
2021-06-25 14:44:52.513,30380.0
2021-06-25 14:44:52.519,27336.0
2021-06-25 14:44:52.523,27146.0
2021-06-25 14:44:52.528,29812.0
2021-06-25 14:44:52.533,27204.0
2021-06-25 14:44:52.538,26034.0
2021-06-25 14:44:52.543,29240.0
2021-06-25 14:44:52.548,26140.0
2021-06-25 14:44:52.553,28426.0
2021-06-25 14:44:52.558,26468.0
2021-06-25 14:44:52.563,29986.0
2021-06-25 14:44:52.568,32946.0
2021-06-25 14:44:52.573,34450.0
2021-06-25 14:44:52.578,33936.0
2021-06-25 14:44:52.583,32314.0
2021-06-25 14:44:52.588,34862.0
2021-06-25 14:44:52.593,32798.0
2021-06-25 14:44:52.598,34748.0
2021-06-25 14:44:52.604,36232.0
2021-06-25 14:44:52.608,34640.0
2021-06-25 14:44:52.613,35540.0
2021-06-25 14:44:52.618,34768.0
2021-06-25 14:44:52.623,35514.0
2021-06-25 14:44:52.628,32844.0
2021-06-25 14:44:52.633,35486.0
2021-06-25 14:44:52.638,33656.0
2021-06-25 14:44:52.643,33410.0
2021-06-25 14:44:52.648,28914.0
2021-06-25 14:44:52.653,28236.0
2021-06-25 14:44:52.658,28590.0
2021-06-25 14:44:52.663,30330.0
2021-06-25 14:44:52.668,27954.0
2021-06-25 14:44:52.673,32828.0
2021-06-25 14:44:52.678,30160.0
2021-06-25 14:44:52.683,28768.0
2021-06-25 14:44:52.689,29452.0
2021-06-25 14:44:52.693,28230.0
2021-06-25 14:44:52.698,26520.0
2021-06-25 14:44:52.703,29694.0
2021-06-25 14:44:52.708,27578.0
2021-06-25 14:44:52.713,29256.0
2021-06-25 14:44:52.718,35724.0
2021-06-25 14:44:52.723,34800.0
2021-06-25 14:44:52.728,35984.0
2021-06-25 14:44:52.733,34198.0
2021-06-25 14:44:52.738,35790.0
2021-06-25 14:44:52.743,36812.0
2021-06-25 14:44:52.748,34856.0
2021-06-25 14:44:52.753,34912.0
2021-06-25 14:44:52.758,34702.0
2021-06-25 14:44:52.763,33722.0
2021-06-25 14:44:52.768,34954.0
2021-06-25 14:44:52.773,33460.0
2021-06-25 14:44:52.778,30160.0
2021-06-25 14:44:52.783,31690.0
2021-06-25 14:44:52.788,32286.0
2021-06-25 14:44:52.793,35420.0
2021-06-25 14:44:52.798,28660.0
2021-06-25 14:44:52.803,29514.0
2021-06-25 14:44:52.808,31044.0
2021-06-25 14:44:52.813,27906.0
2021-06-25 14:44:52.818,28914.0
2021-06-25 14:44:52.823,32320.0
2021-06-25 14:44:52.828,27880.0
2021-06-25 14:44:52.833,29790.0
2021-06-25 14:44:52.838,29688.0
2021-06-25 14:44:52.843,27778.0
2021-06-25 14:44:52.848,27918.0
2021-06-25 14:44:52.853,29436.0
2021-06-25 14:44:52.858,28996.0
2021-06-25 14:44:52.863,36616.0
2021-06-25 14:44:52.868,34820.0
2021-06-25 14:44:52.873,35642.0
2021-06-25 14:44:52.878,30720.0
2021-06-25 14:44:52.883,32522.0
2021-06-25 14:44:52.888,33782.0
2021-06-25 14:44:52.893,34974.0
2021-06-25 14:44:52.898,34598.0
2021-06-25 14:44:52.903,34342.0
2021-06-25 14:44:52.908,34788.0
2021-06-25 14:44:52.913,35190.0
2021-06-25 14:44:52.918,33998.0
2021-06-25 14:44:52.923,36482.0
2021-06-25 14:44:52.928,35204.0
2021-06-25 14:44:52.933,33998.0
2021-06-25 14:44:52.938,30492.0
2021-06-25 14:44:52.943,30764.0
2021-06-25 14:44:52.948,26304.0
2021-06-25 14:44:52.953,30622.0
2021-06-25 14:44:52.958,28650.0
2021-06-25 14:44:52.963,33136.0
2021-06-25 14:44:52.968,28984.0
2021-06-25 14:44:52.973,28934.0
2021-06-25 14:44:52.978,27474.0
2021-06-25 14:44:52.983,28480.0
2021-06-25 14:44:52.988,29056.0
2021-06-25 14:44:52.993,28636.0
2021-06-25 14:44:52.998,26598.0
2021-06-25 14:44:53.003,29888.0
2021-06-25 14:44:53.008,35632.0
2021-06-25 14:44:53.013,35698.0
2021-06-25 14:44:53.018,34358.0
2021-06-25 14:44:53.023,36212.0
2021-06-25 14:44:53.028,33342.0
2021-06-25 14:44:53.033,32942.0
2021-06-25 14:44:53.038,34902.0
2021-06-25 14:44:53.043,34050.0
2021-06-25 14:44:53.048,32552.0
2021-06-25 14:44:53.053,32458.0
2021-06-25 14:44:53.058,34950.0
2021-06-25 14:44:53.063,36648.0
2021-06-25 14:44:53.068,35776.0
2021-06-25 14:44:53.073,35086.0
2021-06-25 14:44:53.078,35354.0
2021-06-25 14:44:53.083,33130.0
2021-06-25 14:44:53.088,29186.0
2021-06-25 14:44:53.093,27130.0
2021-06-25 14:44:53.098,27322.0
2021-06-25 14:44:53.103,29740.0
2021-06-25 14:44:53.108,29030.0
2021-06-25 14:44:53.113,33782.0
2021-06-25 14:44:53.118,27778.0
2021-06-25 14:44:53.123,30374.0
2021-06-25 14:44:53.128,28980.0
2021-06-25 14:44:53.133,29296.0
2021-06-25 14:44:53.138,28718.0
2021-06-25 14:44:53.143,29344.0
2021-06-25 14:44:53.148,27840.0
2021-06-25 14:44:53.153,32756.0
2021-06-25 14:44:53.159,34516.0
2021-06-25 14:44:53.163,34426.0
2021-06-25 14:44:53.168,33280.0
2021-06-25 14:44:53.173,35504.0
2021-06-25 14:44:53.178,34732.0
2021-06-25 14:44:53.183,35286.0
2021-06-25 14:44:53.188,34036.0
2021-06-25 14:44:53.193,34266.0
2021-06-25 14:44:53.198,35030.0
2021-06-25 14:44:53.203,34280.0
2021-06-25 14:44:53.208,35504.0
2021-06-25 14:44:53.213,36022.0
2021-06-25 14:44:53.218,34018.0
2021-06-25 14:44:53.223,36540.0
2021-06-25 14:44:53.228,29000.0
2021-06-25 14:44:53.233,27820.0
2021-06-25 14:44:53.238,26798.0
2021-06-25 14:44:53.244,28686.0
2021-06-25 14:44:53.248,30390.0
2021-06-25 14:44:53.253,27106.0
2021-06-25 14:44:53.258,33718.0
2021-06-25 14:44:53.263,27096.0
2021-06-25 14:44:53.268,29278.0
2021-06-25 14:44:53.273,28764.0
2021-06-25 14:44:53.278,28246.0
2021-06-25 14:44:53.283,30760.0
2021-06-25 14:44:53.288,29574.0
2021-06-25 14:44:53.293,28282.0
2021-06-25 14:44:53.298,27932.0
2021-06-25 14:44:53.303,35052.0
2021-06-25 14:44:53.308,35584.0
2021-06-25 14:44:53.313,35606.0
2021-06-25 14:44:53.318,34788.0
2021-06-25 14:44:53.323,35606.0
2021-06-25 14:44:53.329,34108.0
2021-06-25 14:44:53.333,31952.0
2021-06-25 14:44:53.338,33446.0
2021-06-25 14:44:53.343,33810.0
2021-06-25 14:44:53.348,34960.0
2021-06-25 14:44:53.353,34452.0
2021-06-25 14:44:53.358,35240.0
2021-06-25 14:44:53.363,33106.0
2021-06-25 14:44:53.368,33968.0
2021-06-25 14:44:53.373,29574.0
2021-06-25 14:44:53.378,27954.0
2021-06-25 14:44:53.383,29286.0
2021-06-25 14:44:53.388,28506.0
2021-06-25 14:44:53.393,29236.0
2021-06-25 14:44:53.398,28574.0
2021-06-25 14:44:53.403,33424.0
2021-06-25 14:44:53.408,30838.0
2021-06-25 14:44:53.413,30672.0
2021-06-25 14:44:53.418,31226.0
2021-06-25 14:44:53.423,31642.0
2021-06-25 14:44:53.428,28488.0
2021-06-25 14:44:53.433,26840.0
2021-06-25 14:44:53.438,27020.0
2021-06-25 14:44:53.443,29646.0
2021-06-25 14:44:53.448,33316.0
2021-06-25 14:44:53.453,32690.0
2021-06-25 14:44:53.458,32710.0
2021-06-25 14:44:53.463,33664.0
2021-06-25 14:44:53.468,35938.0
2021-06-25 14:44:53.473,36154.0
2021-06-25 14:44:53.478,34308.0
2021-06-25 14:44:53.483,32746.0
2021-06-25 14:44:53.488,32506.0
2021-06-25 14:44:53.493,35122.0
2021-06-25 14:44:53.498,35036.0
2021-06-25 14:44:53.503,33014.0
2021-06-25 14:44:53.508,34906.0
2021-06-25 14:44:53.513,36792.0
2021-06-25 14:44:53.518,34912.0
2021-06-25 14:44:53.523,36652.0
2021-06-25 14:44:53.528,27752.0
2021-06-25 14:44:53.533,27296.0
2021-06-25 14:44:53.538,27384.0
2021-06-25 14:44:53.543,29086.0
2021-06-25 14:44:53.548,27578.0
2021-06-25 14:44:53.553,28090.0
2021-06-25 14:44:53.558,29476.0
2021-06-25 14:44:53.563,29214.0
2021-06-25 14:44:53.568,28118.0
2021-06-25 14:44:53.573,27404.0
2021-06-25 14:44:53.578,28606.0
2021-06-25 14:44:53.583,28906.0
2021-06-25 14:44:53.588,27552.0
2021-06-25 14:44:53.593,27892.0
2021-06-25 14:44:53.598,34980.0
2021-06-25 14:44:53.603,35056.0
2021-06-25 14:44:53.608,34954.0
2021-06-25 14:44:53.613,34686.0
2021-06-25 14:44:53.618,34752.0
2021-06-25 14:44:53.623,33762.0
2021-06-25 14:44:53.628,33958.0
2021-06-25 14:44:53.633,32978.0
2021-06-25 14:44:53.638,33296.0
2021-06-25 14:44:53.643,31756.0
2021-06-25 14:44:53.648,33446.0
2021-06-25 14:44:53.653,33264.0
2021-06-25 14:44:53.658,34542.0
2021-06-25 14:44:53.663,34846.0
2021-06-25 14:44:53.668,35600.0
2021-06-25 14:44:53.673,29488.0
2021-06-25 14:44:53.678,31320.0
2021-06-25 14:44:53.683,30252.0
2021-06-25 14:44:53.688,33228.0
2021-06-25 14:44:53.693,31500.0
2021-06-25 14:44:53.698,33328.0
2021-06-25 14:44:53.703,31524.0
2021-06-25 14:44:53.708,34354.0
2021-06-25 14:44:53.713,34502.0
2021-06-25 14:44:53.718,34856.0
2021-06-25 14:44:53.723,35056.0
2021-06-25 14:44:53.728,33736.0
2021-06-25 14:44:53.733,33906.0
2021-06-25 14:44:53.746,40578.0
2021-06-25 14:44:53.748,39836.0
2021-06-25 14:44:53.749,40450.0
2021-06-25 14:44:53.753,39244.0
2021-06-25 14:44:53.758,39988.0
2021-06-25 14:44:53.763,40250.0
2021-06-25 14:44:53.768,40282.0
2021-06-25 14:44:53.773,40630.0
2021-06-25 14:44:53.778,37756.0
2021-06-25 14:44:53.783,39338.0
2021-06-25 14:44:53.788,40292.0
2021-06-25 14:44:53.793,41086.0
2021-06-25 14:44:53.799,40868.0
2021-06-25 14:44:53.803,40810.0
2021-06-25 14:44:53.808,39692.0
2021-06-25 14:44:53.813,39660.0
2021-06-25 14:44:53.818,40754.0
2021-06-25 14:44:53.823,32218.0
2021-06-25 14:44:53.828,34086.0
2021-06-25 14:44:53.833,33348.0
2021-06-25 14:44:53.838,34708.0
2021-06-25 14:44:53.843,33700.0
2021-06-25 14:44:53.848,31336.0
2021-06-25 14:44:53.853,37868.0
2021-06-25 14:44:53.858,34810.0
2021-06-25 14:44:53.863,32624.0
2021-06-25 14:44:53.868,34806.0
2021-06-25 14:44:53.873,31448.0
2021-06-25 14:44:53.878,33378.0
2021-06-25 14:44:53.884,31842.0
2021-06-25 14:44:53.888,32008.0
2021-06-25 14:44:53.893,37972.0
2021-06-25 14:44:53.898,38666.0
2021-06-25 14:44:53.903,38936.0
2021-06-25 14:44:53.908,39256.0
2021-06-25 14:44:53.913,37350.0
2021-06-25 14:44:53.918,40108.0
2021-06-25 14:44:53.923,37170.0
2021-06-25 14:44:53.928,36442.0
2021-06-25 14:44:53.933,38268.0
2021-06-25 14:44:53.938,37608.0
2021-06-25 14:44:53.943,36744.0
2021-06-25 14:44:53.948,38798.0
2021-06-25 14:44:53.953,37690.0
2021-06-25 14:44:53.958,37026.0
2021-06-25 14:44:53.963,38428.0
2021-06-25 14:44:53.969,39568.0
2021-06-25 14:44:53.973,29724.0
2021-06-25 14:44:53.978,31556.0
2021-06-25 14:44:53.983,31088.0
2021-06-25 14:44:53.988,33286.0
2021-06-25 14:44:53.993,30304.0
2021-06-25 14:44:53.998,34860.0
2021-06-25 14:44:54.003,31028.0
2021-06-25 14:44:54.008,31906.0
2021-06-25 14:44:54.013,32586.0
2021-06-25 14:44:54.018,30576.0
2021-06-25 14:44:54.023,32068.0
2021-06-25 14:44:54.028,33122.0
2021-06-25 14:44:54.033,30698.0
2021-06-25 14:44:54.038,35714.0
2021-06-25 14:44:54.043,37304.0
2021-06-25 14:44:54.048,35220.0
2021-06-25 14:44:54.053,36354.0
2021-06-25 14:44:54.058,37134.0
2021-06-25 14:44:54.063,38198.0
2021-06-25 14:44:54.068,39162.0
2021-06-25 14:44:54.073,37218.0
2021-06-25 14:44:54.078,36138.0
2021-06-25 14:44:54.083,32920.0
2021-06-25 14:44:54.088,34558.0
2021-06-25 14:44:54.093,37438.0
2021-06-25 14:44:54.098,37370.0
2021-06-25 14:44:54.103,36868.0
2021-06-25 14:44:54.108,38300.0
2021-06-25 14:44:54.113,38280.0
2021-06-25 14:44:54.118,32114.0
2021-06-25 14:44:54.123,32448.0
2021-06-25 14:44:54.128,33926.0
2021-06-25 14:44:54.133,31852.0
2021-06-25 14:44:54.138,30692.0
2021-06-25 14:44:54.143,29124.0
2021-06-25 14:44:54.148,31416.0
2021-06-25 14:44:54.153,30714.0
2021-06-25 14:44:54.158,31340.0
2021-06-25 14:44:54.163,30406.0
2021-06-25 14:44:54.168,33794.0
2021-06-25 14:44:54.173,29586.0
2021-06-25 14:44:54.178,31334.0
2021-06-25 14:44:54.183,31228.0
2021-06-25 14:44:54.188,35374.0
2021-06-25 14:44:54.193,37606.0
2021-06-25 14:44:54.198,36654.0
2021-06-25 14:44:54.203,36780.0
2021-06-25 14:44:54.208,37352.0
2021-06-25 14:44:54.213,37750.0
2021-06-25 14:44:54.218,38438.0
2021-06-25 14:44:54.223,37418.0
2021-06-25 14:44:54.228,38094.0
2021-06-25 14:44:54.233,37198.0
2021-06-25 14:44:54.238,36418.0
2021-06-25 14:44:54.243,35258.0
2021-06-25 14:44:54.248,36736.0
2021-06-25 14:44:54.253,36448.0
2021-06-25 14:44:54.258,36622.0
2021-06-25 14:44:54.263,33784.0
2021-06-25 14:44:54.268,32232.0
2021-06-25 14:44:54.273,31350.0
2021-06-25 14:44:54.278,32828.0
2021-06-25 14:44:54.283,31406.0
2021-06-25 14:44:54.288,35456.0
2021-06-25 14:44:54.293,31806.0
2021-06-25 14:44:54.298,29822.0
2021-06-25 14:44:54.303,31094.0
2021-06-25 14:44:54.308,33306.0
2021-06-25 14:44:54.313,34234.0
2021-06-25 14:44:54.318,30782.0
2021-06-25 14:44:54.323,31124.0
2021-06-25 14:44:54.328,32844.0
2021-06-25 14:44:54.333,36360.0
2021-06-25 14:44:54.338,36078.0
2021-06-25 14:44:54.343,35872.0
2021-06-25 14:44:54.348,36282.0
2021-06-25 14:44:54.353,35954.0
2021-06-25 14:44:54.358,36000.0
2021-06-25 14:44:54.363,36934.0
2021-06-25 14:44:54.368,36954.0
2021-06-25 14:44:54.373,37444.0
2021-06-25 14:44:54.378,37776.0
2021-06-25 14:44:54.383,36760.0
2021-06-25 14:44:54.388,37710.0
2021-06-25 14:44:54.393,37730.0
2021-06-25 14:44:54.398,38228.0
2021-06-25 14:44:54.403,38214.0
2021-06-25 14:44:54.408,38394.0
2021-06-25 14:44:54.413,31032.0
2021-06-25 14:44:54.418,32346.0
2021-06-25 14:44:54.423,30848.0
2021-06-25 14:44:54.428,34476.0
2021-06-25 14:44:54.433,31552.0
2021-06-25 14:44:54.439,30770.0
2021-06-25 14:44:54.443,34178.0
2021-06-25 14:44:54.448,32124.0
2021-06-25 14:44:54.453,31242.0
2021-06-25 14:44:54.458,31688.0
2021-06-25 14:44:54.463,30052.0
2021-06-25 14:44:54.468,33234.0
2021-06-25 14:44:54.473,32012.0
2021-06-25 14:44:54.478,33672.0
2021-06-25 14:44:54.483,38824.0
2021-06-25 14:44:54.488,37516.0
2021-06-25 14:44:54.493,35930.0
2021-06-25 14:44:54.498,37644.0
2021-06-25 14:44:54.503,37278.0
2021-06-25 14:44:54.508,38778.0
2021-06-25 14:44:54.513,37130.0
2021-06-25 14:44:54.518,37470.0
2021-06-25 14:44:54.524,38218.0
2021-06-25 14:44:54.528,35560.0
2021-06-25 14:44:54.533,37372.0
2021-06-25 14:44:54.538,37572.0
2021-06-25 14:44:54.543,37772.0
2021-06-25 14:44:54.548,35838.0
2021-06-25 14:44:54.553,37506.0
2021-06-25 14:44:54.558,30282.0
2021-06-25 14:44:54.563,30426.0
2021-06-25 14:44:54.568,31608.0
2021-06-25 14:44:54.573,32998.0
2021-06-25 14:44:54.578,30806.0
2021-06-25 14:44:54.583,32032.0
2021-06-25 14:44:54.588,34236.0
2021-06-25 14:44:54.593,29806.0
2021-06-25 14:44:54.598,30364.0
2021-06-25 14:44:54.603,30632.0
2021-06-25 14:44:54.609,31310.0
2021-06-25 14:44:54.613,30412.0
2021-06-25 14:44:54.618,29812.0
2021-06-25 14:44:54.623,30754.0
2021-06-25 14:44:54.628,37562.0
2021-06-25 14:44:54.633,37782.0
2021-06-25 14:44:54.638,36874.0
2021-06-25 14:44:54.643,38008.0
2021-06-25 14:44:54.648,36068.0
2021-06-25 14:44:54.653,36140.0
2021-06-25 14:44:54.658,35032.0
2021-06-25 14:44:54.663,35196.0
2021-06-25 14:44:54.668,37946.0
2021-06-25 14:44:54.673,36278.0
2021-06-25 14:44:54.678,36340.0
2021-06-25 14:44:54.683,37452.0
2021-06-25 14:44:54.688,37044.0
2021-06-25 14:44:54.693,36828.0
2021-06-25 14:44:54.698,38060.0
2021-06-25 14:44:54.703,36184.0
2021-06-25 14:44:54.708,29364.0
2021-06-25 14:44:54.713,31664.0
2021-06-25 14:44:54.718,32696.0
2021-06-25 14:44:54.723,32086.0
2021-06-25 14:44:54.728,31540.0
2021-06-25 14:44:54.733,32804.0
2021-06-25 14:44:54.738,31380.0
2021-06-25 14:44:54.743,31398.0
2021-06-25 14:44:54.748,31026.0
2021-06-25 14:44:54.753,30000.0
2021-06-25 14:44:54.758,32080.0
2021-06-25 14:44:54.763,30328.0
2021-06-25 14:44:54.768,31988.0
2021-06-25 14:44:54.773,33654.0
2021-06-25 14:44:54.778,36324.0
2021-06-25 14:44:54.783,35370.0
2021-06-25 14:44:54.788,36200.0
2021-06-25 14:44:54.793,34158.0
2021-06-25 14:44:54.798,35938.0
2021-06-25 14:44:54.803,36220.0
2021-06-25 14:44:54.808,36058.0
2021-06-25 14:44:54.813,37022.0
2021-06-25 14:44:54.818,35794.0
2021-06-25 14:44:54.823,39184.0
2021-06-25 14:44:54.828,37044.0
2021-06-25 14:44:54.833,37098.0
2021-06-25 14:44:54.838,36160.0
2021-06-25 14:44:54.843,37834.0
2021-06-25 14:44:54.848,36138.0
2021-06-25 14:44:54.853,31352.0
2021-06-25 14:44:54.858,31462.0
2021-06-25 14:44:54.863,31298.0
2021-06-25 14:44:54.868,34852.0
2021-06-25 14:44:54.873,31730.0
2021-06-25 14:44:54.878,34040.0
2021-06-25 14:44:54.883,32802.0
2021-06-25 14:44:54.888,33012.0
2021-06-25 14:44:54.893,31320.0
2021-06-25 14:44:54.898,30010.0
2021-06-25 14:44:54.903,30176.0
2021-06-25 14:44:54.908,31992.0
2021-06-25 14:44:54.913,32350.0
2021-06-25 14:44:54.918,37674.0
2021-06-25 14:44:54.923,38896.0
2021-06-25 14:44:54.928,36998.0
2021-06-25 14:44:54.933,38546.0
2021-06-25 14:44:54.938,32936.0
2021-06-25 14:44:54.943,34208.0
2021-06-25 14:44:54.948,36772.0
2021-06-25 14:44:54.953,36836.0
2021-06-25 14:44:54.958,36468.0
2021-06-25 14:44:54.963,39362.0
2021-06-25 14:44:54.968,37432.0
2021-06-25 14:44:54.973,36456.0
2021-06-25 14:44:54.978,36376.0
2021-06-25 14:44:54.983,37652.0
2021-06-25 14:44:54.988,36862.0
2021-06-25 14:44:54.993,36858.0
2021-06-25 14:44:54.998,34216.0
2021-06-25 14:44:55.003,30704.0
2021-06-25 14:44:55.008,31254.0
2021-06-25 14:44:55.013,32562.0
2021-06-25 14:44:55.018,31032.0
2021-06-25 14:44:55.023,33882.0
2021-06-25 14:44:55.028,32802.0
2021-06-25 14:44:55.033,33794.0
2021-06-25 14:44:55.038,31812.0
2021-06-25 14:44:55.043,33136.0
2021-06-25 14:44:55.048,30960.0
2021-06-25 14:44:55.053,30910.0
2021-06-25 14:44:55.058,31842.0
2021-06-25 14:44:55.063,30094.0
2021-06-25 14:44:55.068,36456.0
2021-06-25 14:44:55.073,38204.0
2021-06-25 14:44:55.079,35918.0
2021-06-25 14:44:55.083,36610.0
2021-06-25 14:44:55.088,33944.0
2021-06-25 14:44:55.093,35030.0
2021-06-25 14:44:55.098,37628.0
2021-06-25 14:44:55.103,36572.0
2021-06-25 14:44:55.108,37670.0
2021-06-25 14:44:55.113,36926.0
2021-06-25 14:44:55.118,37170.0
2021-06-25 14:44:55.123,39572.0
2021-06-25 14:44:55.128,37996.0
2021-06-25 14:44:55.133,38326.0
2021-06-25 14:44:55.138,35812.0
2021-06-25 14:44:55.143,35492.0
2021-06-25 14:44:55.148,30176.0
2021-06-25 14:44:55.153,32060.0
2021-06-25 14:44:55.158,29266.0
2021-06-25 14:44:55.164,33864.0
2021-06-25 14:44:55.168,30484.0
2021-06-25 14:44:55.173,35250.0
2021-06-25 14:44:55.178,34732.0
2021-06-25 14:44:55.183,30740.0
2021-06-25 14:44:55.188,30832.0
2021-06-25 14:44:55.193,31530.0
2021-06-25 14:44:55.198,30462.0
2021-06-25 14:44:55.203,31154.0
2021-06-25 14:44:55.208,30764.0
2021-06-25 14:44:55.213,31724.0
2021-06-25 14:44:55.218,37960.0
2021-06-25 14:44:55.223,38748.0
2021-06-25 14:44:55.228,36822.0
2021-06-25 14:44:55.233,35466.0
2021-06-25 14:44:55.238,35652.0
2021-06-25 14:44:55.243,37226.0
2021-06-25 14:44:55.249,36590.0
2021-06-25 14:44:55.253,36392.0
2021-06-25 14:44:55.258,36412.0
2021-06-25 14:44:55.263,37788.0
2021-06-25 14:44:55.268,36120.0
2021-06-25 14:44:55.273,37566.0
2021-06-25 14:44:55.278,37624.0
2021-06-25 14:44:55.283,38840.0
2021-06-25 14:44:55.288,37254.0
2021-06-25 14:44:55.293,36708.0
2021-06-25 14:44:55.298,31442.0
2021-06-25 14:44:55.303,31976.0
2021-06-25 14:44:55.308,31972.0
2021-06-25 14:44:55.313,32984.0
2021-06-25 14:44:55.318,30996.0
2021-06-25 14:44:55.323,35684.0
2021-06-25 14:44:55.328,32294.0
2021-06-25 14:44:55.333,31678.0
2021-06-25 14:44:55.338,30148.0
2021-06-25 14:44:55.343,30924.0
2021-06-25 14:44:55.348,29590.0
2021-06-25 14:44:55.353,32342.0
2021-06-25 14:44:55.358,31274.0
2021-06-25 14:44:55.363,36918.0
2021-06-25 14:44:55.368,37228.0
2021-06-25 14:44:55.373,37274.0
2021-06-25 14:44:55.378,38428.0
2021-06-25 14:44:55.383,39374.0
2021-06-25 14:44:55.388,39096.0
2021-06-25 14:44:55.393,37660.0
2021-06-25 14:44:55.398,39430.0
2021-06-25 14:44:55.403,37546.0
2021-06-25 14:44:55.408,38090.0
2021-06-25 14:44:55.413,37490.0
2021-06-25 14:44:55.418,37022.0
2021-06-25 14:44:55.423,39254.0
2021-06-25 14:44:55.428,36282.0
2021-06-25 14:44:55.433,38992.0
2021-06-25 14:44:55.438,37996.0
2021-06-25 14:44:55.443,35426.0
2021-06-25 14:44:55.448,31298.0
2021-06-25 14:44:55.453,32660.0
2021-06-25 14:44:55.458,33844.0
2021-06-25 14:44:55.463,32034.0
2021-06-25 14:44:55.468,37026.0
2021-06-25 14:44:55.473,31904.0
2021-06-25 14:44:55.478,32884.0
2021-06-25 14:44:55.483,30818.0
2021-06-25 14:44:55.488,31806.0
2021-06-25 14:44:55.493,31752.0
2021-06-25 14:44:55.498,32284.0
2021-06-25 14:44:55.503,30030.0
2021-06-25 14:44:55.508,37756.0
2021-06-25 14:44:55.513,38900.0
2021-06-25 14:44:55.518,38376.0
2021-06-25 14:44:55.523,36754.0
2021-06-25 14:44:55.528,37844.0
2021-06-25 14:44:55.533,37814.0
2021-06-25 14:44:55.538,37926.0
2021-06-25 14:44:55.543,36128.0
2021-06-25 14:44:55.548,38114.0
2021-06-25 14:44:55.553,38848.0
2021-06-25 14:44:55.558,35722.0
2021-06-25 14:44:55.563,38794.0
2021-06-25 14:44:55.568,38254.0
2021-06-25 14:44:55.573,36088.0
2021-06-25 14:44:55.578,37976.0
2021-06-25 14:44:55.583,35344.0
2021-06-25 14:44:55.588,30546.0
2021-06-25 14:44:55.593,31510.0
2021-06-25 14:44:55.598,30822.0
2021-06-25 14:44:55.603,30664.0
2021-06-25 14:44:55.608,31054.0
2021-06-25 14:44:55.613,35494.0
2021-06-25 14:44:55.618,29196.0
2021-06-25 14:44:55.623,33598.0
2021-06-25 14:44:55.628,32160.0
2021-06-25 14:44:55.633,32002.0
2021-06-25 14:44:55.638,33348.0
2021-06-25 14:44:55.643,33136.0
2021-06-25 14:44:55.648,32352.0
2021-06-25 14:44:55.653,36474.0
2021-06-25 14:44:55.658,36554.0
2021-06-25 14:44:55.663,37606.0
2021-06-25 14:44:55.668,37592.0
2021-06-25 14:44:55.673,35558.0
2021-06-25 14:44:55.678,35292.0
2021-06-25 14:44:55.683,37582.0
2021-06-25 14:44:55.688,36678.0
2021-06-25 14:44:55.693,33588.0
2021-06-25 14:44:55.698,36976.0
2021-06-25 14:44:55.703,37016.0
2021-06-25 14:44:55.708,36180.0
2021-06-25 14:44:55.713,38096.0
2021-06-25 14:44:55.719,37074.0
2021-06-25 14:44:55.723,38196.0
2021-06-25 14:44:55.728,30976.0
2021-06-25 14:44:55.733,30782.0
2021-06-25 14:44:55.738,31680.0
2021-06-25 14:44:55.743,32350.0
2021-06-25 14:44:55.748,32414.0
2021-06-25 14:44:55.753,29974.0
2021-06-25 14:44:55.758,33460.0
2021-06-25 14:44:55.763,28626.0
2021-06-25 14:44:55.768,32618.0
2021-06-25 14:44:55.773,30954.0
2021-06-25 14:44:55.778,31720.0
2021-06-25 14:44:55.783,30196.0
2021-06-25 14:44:55.788,29842.0
2021-06-25 14:44:55.793,35288.0
2021-06-25 14:44:55.798,33342.0
2021-06-25 14:44:55.804,34968.0
2021-06-25 14:44:55.808,35950.0
2021-06-25 14:44:55.813,36954.0
2021-06-25 14:44:55.818,38188.0
2021-06-25 14:44:55.823,36884.0
2021-06-25 14:44:55.828,36734.0
2021-06-25 14:44:55.833,36818.0
2021-06-25 14:44:55.838,33824.0
2021-06-25 14:44:55.843,35318.0
2021-06-25 14:44:55.848,36392.0
2021-06-25 14:44:55.853,37736.0
2021-06-25 14:44:55.858,36672.0
2021-06-25 14:44:55.863,37340.0
2021-06-25 14:44:55.868,36432.0
2021-06-25 14:44:55.873,32196.0
2021-06-25 14:44:55.878,31586.0
2021-06-25 14:44:55.883,31644.0
2021-06-25 14:44:55.889,33130.0
2021-06-25 14:44:55.893,31632.0
2021-06-25 14:44:55.898,32962.0
2021-06-25 14:44:55.903,35458.0
2021-06-25 14:44:55.908,31294.0
2021-06-25 14:44:55.913,31416.0
2021-06-25 14:44:55.918,31606.0
2021-06-25 14:44:55.923,32074.0
2021-06-25 14:44:55.928,31582.0
2021-06-25 14:44:55.933,31084.0
2021-06-25 14:44:55.938,32578.0
2021-06-25 14:44:55.943,30836.0
2021-06-25 14:44:55.948,36248.0
2021-06-25 14:44:55.953,36802.0
2021-06-25 14:44:55.958,37752.0
2021-06-25 14:44:55.963,36930.0
2021-06-25 14:44:55.968,35718.0
2021-06-25 14:44:55.973,37306.0
2021-06-25 14:44:55.978,38902.0
2021-06-25 14:44:55.983,36694.0
2021-06-25 14:44:55.988,35020.0
2021-06-25 14:44:55.993,35076.0
2021-06-25 14:44:55.998,35812.0
2021-06-25 14:44:56.003,37488.0
2021-06-25 14:44:56.008,38240.0
2021-06-25 14:44:56.013,37716.0
2021-06-25 14:44:56.018,38604.0
2021-06-25 14:44:56.023,30628.0
2021-06-25 14:44:56.028,32968.0
2021-06-25 14:44:56.033,31788.0
2021-06-25 14:44:56.038,34236.0
2021-06-25 14:44:56.043,30504.0
2021-06-25 14:44:56.048,31818.0
2021-06-25 14:44:56.053,31688.0
2021-06-25 14:44:56.058,30278.0
2021-06-25 14:44:56.063,29584.0
2021-06-25 14:44:56.068,32794.0
2021-06-25 14:44:56.073,32522.0
2021-06-25 14:44:56.078,31694.0
2021-06-25 14:44:56.083,32444.0
2021-06-25 14:44:56.088,36236.0
2021-06-25 14:44:56.093,32234.0
2021-06-25 14:44:56.098,35134.0
2021-06-25 14:44:56.103,36344.0
2021-06-25 14:44:56.108,37424.0
2021-06-25 14:44:56.113,36576.0
2021-06-25 14:44:56.118,38804.0
2021-06-25 14:44:56.123,38830.0
2021-06-25 14:44:56.128,39194.0
2021-06-25 14:44:56.133,38362.0
2021-06-25 14:44:56.138,35540.0
2021-06-25 14:44:56.143,32104.0
2021-06-25 14:44:56.157,37612.0
2021-06-25 14:44:56.159,36782.0
2021-06-25 14:44:56.160,36838.0
2021-06-25 14:44:56.163,37278.0
2021-06-25 14:44:56.168,32686.0
2021-06-25 14:44:56.173,32022.0
2021-06-25 14:44:56.178,34646.0
2021-06-25 14:44:56.183,32376.0
2021-06-25 14:44:56.188,31258.0
2021-06-25 14:44:56.193,36282.0
2021-06-25 14:44:56.198,32674.0
2021-06-25 14:44:56.203,32418.0
2021-06-25 14:44:56.208,30884.0
2021-06-25 14:44:56.213,31324.0
2021-06-25 14:44:56.218,32208.0
2021-06-25 14:44:56.223,30518.0
2021-06-25 14:44:56.228,39600.0
2021-06-25 14:44:56.233,37962.0
2021-06-25 14:44:56.238,36472.0
2021-06-25 14:44:56.243,37628.0
2021-06-25 14:44:56.248,37192.0
2021-06-25 14:44:56.253,36560.0
2021-06-25 14:44:56.258,36400.0
2021-06-25 14:44:56.263,37464.0
2021-06-25 14:44:56.268,36818.0
2021-06-25 14:44:56.273,38438.0
2021-06-25 14:44:56.278,36818.0
2021-06-25 14:44:56.283,37448.0
2021-06-25 14:44:56.288,39254.0
2021-06-25 14:44:56.293,38028.0
2021-06-25 14:44:56.298,35194.0
2021-06-25 14:44:56.303,36838.0
2021-06-25 14:44:56.308,32232.0
2021-06-25 14:44:56.313,31734.0
2021-06-25 14:44:56.318,32014.0
2021-06-25 14:44:56.323,33774.0
2021-06-25 14:44:56.328,31290.0
2021-06-25 14:44:56.333,34444.0
2021-06-25 14:44:56.338,32890.0
2021-06-25 14:44:56.343,31962.0
2021-06-25 14:44:56.348,31588.0
2021-06-25 14:44:56.353,31408.0
2021-06-25 14:44:56.359,31308.0
2021-06-25 14:44:56.363,31104.0
2021-06-25 14:44:56.368,37434.0
2021-06-25 14:44:56.373,40400.0
2021-06-25 14:44:56.378,36416.0
2021-06-25 14:44:56.383,37162.0
2021-06-25 14:44:56.388,37180.0
2021-06-25 14:44:56.393,36734.0
2021-06-25 14:44:56.398,34472.0
2021-06-25 14:44:56.403,36972.0
2021-06-25 14:44:56.408,36792.0
2021-06-25 14:44:56.413,36986.0
2021-06-25 14:44:56.418,38304.0
2021-06-25 14:44:56.423,37218.0
2021-06-25 14:44:56.428,36772.0
2021-06-25 14:44:56.433,37926.0
2021-06-25 14:44:56.438,37916.0
2021-06-25 14:44:56.444,36674.0
2021-06-25 14:44:56.448,31854.0
2021-06-25 14:44:56.453,33420.0
2021-06-25 14:44:56.458,32494.0
2021-06-25 14:44:56.463,32958.0
2021-06-25 14:44:56.468,29958.0
2021-06-25 14:44:56.473,31570.0
2021-06-25 14:44:56.478,33240.0
2021-06-25 14:44:56.483,30062.0
2021-06-25 14:44:56.488,30736.0
2021-06-25 14:44:56.493,33686.0
2021-06-25 14:44:56.498,31596.0
2021-06-25 14:44:56.503,29842.0
2021-06-25 14:44:56.508,31976.0
2021-06-25 14:44:56.513,37968.0
2021-06-25 14:44:56.518,38460.0
2021-06-25 14:44:56.523,38310.0
2021-06-25 14:44:56.529,37442.0
2021-06-25 14:44:56.533,36642.0
2021-06-25 14:44:56.538,38666.0
2021-06-25 14:44:56.543,37438.0
2021-06-25 14:44:56.548,33892.0
2021-06-25 14:44:56.553,36572.0
2021-06-25 14:44:56.558,36464.0
2021-06-25 14:44:56.563,36736.0
2021-06-25 14:44:56.568,38024.0
2021-06-25 14:44:56.573,36764.0
2021-06-25 14:44:56.578,35904.0
2021-06-25 14:44:56.583,36494.0
2021-06-25 14:44:56.588,32218.0
2021-06-25 14:44:56.593,29940.0
2021-06-25 14:44:56.598,29312.0
2021-06-25 14:44:56.603,34040.0
2021-06-25 14:44:56.608,30854.0
2021-06-25 14:44:56.613,29564.0
2021-06-25 14:44:56.618,33230.0
2021-06-25 14:44:56.623,29442.0
2021-06-25 14:44:56.628,32468.0
2021-06-25 14:44:56.633,30488.0
2021-06-25 14:44:56.638,35214.0
2021-06-25 14:44:56.643,31680.0
2021-06-25 14:44:56.648,31032.0
2021-06-25 14:44:56.653,37206.0
2021-06-25 14:44:56.658,37832.0
2021-06-25 14:44:56.663,37506.0
2021-06-25 14:44:56.668,37480.0
2021-06-25 14:44:56.673,37036.0
2021-06-25 14:44:56.678,36154.0
2021-06-25 14:44:56.683,37988.0
2021-06-25 14:44:56.688,38984.0
2021-06-25 14:44:56.693,34810.0
2021-06-25 14:44:56.698,36760.0
2021-06-25 14:44:56.703,36492.0
2021-06-25 14:44:56.708,37824.0
2021-06-25 14:44:56.713,37198.0
2021-06-25 14:44:56.718,37910.0
2021-06-25 14:44:56.723,38802.0
2021-06-25 14:44:56.728,31516.0
2021-06-25 14:44:56.733,30374.0
2021-06-25 14:44:56.738,32080.0
2021-06-25 14:44:56.743,34208.0
2021-06-25 14:44:56.748,30808.0
2021-06-25 14:44:56.753,32320.0
2021-06-25 14:44:56.758,35898.0
2021-06-25 14:44:56.763,29766.0
2021-06-25 14:44:56.768,31660.0
2021-06-25 14:44:56.773,30074.0
2021-06-25 14:44:56.778,30926.0
2021-06-25 14:44:56.783,31838.0
2021-06-25 14:44:56.788,32808.0
2021-06-25 14:44:56.793,38250.0
2021-06-25 14:44:56.798,34994.0
2021-06-25 14:44:56.803,37850.0
2021-06-25 14:44:56.808,37648.0
2021-06-25 14:44:56.813,37152.0
2021-06-25 14:44:56.818,38224.0
2021-06-25 14:44:56.823,37556.0
2021-06-25 14:44:56.828,36730.0
2021-06-25 14:44:56.833,34908.0
2021-06-25 14:44:56.838,38460.0
2021-06-25 14:44:56.843,37706.0
2021-06-25 14:44:56.848,37316.0
2021-06-25 14:44:56.853,36072.0
2021-06-25 14:44:56.858,35292.0
2021-06-25 14:44:56.863,36510.0
2021-06-25 14:44:56.868,33126.0
2021-06-25 14:44:56.873,32014.0
2021-06-25 14:44:56.878,31966.0
2021-06-25 14:44:56.883,30708.0
2021-06-25 14:44:56.888,33312.0
2021-06-25 14:44:56.893,31890.0
2021-06-25 14:44:56.898,32696.0
2021-06-25 14:44:56.903,32224.0
2021-06-25 14:44:56.908,30294.0
2021-06-25 14:44:56.913,31428.0
2021-06-25 14:44:56.918,31786.0
2021-06-25 14:44:56.923,30510.0
2021-06-25 14:44:56.928,32470.0
2021-06-25 14:44:56.933,30284.0
2021-06-25 14:44:56.938,35648.0
2021-06-25 14:44:56.943,37264.0
2021-06-25 14:44:56.948,37424.0
2021-06-25 14:44:56.953,34548.0
2021-06-25 14:44:56.958,36406.0
2021-06-25 14:44:56.963,36196.0
2021-06-25 14:44:56.968,37026.0
2021-06-25 14:44:56.973,36520.0
2021-06-25 14:44:56.978,39116.0
2021-06-25 14:44:56.983,34144.0
2021-06-25 14:44:56.988,37870.0
2021-06-25 14:44:56.993,36544.0
2021-06-25 14:44:56.999,33076.0
2021-06-25 14:44:57.003,35518.0
2021-06-25 14:44:57.008,37018.0
2021-06-25 14:44:57.013,37860.0
2021-06-25 14:44:57.018,32280.0
2021-06-25 14:44:57.023,33640.0
2021-06-25 14:44:57.028,30420.0
2021-06-25 14:44:57.033,34388.0
2021-06-25 14:44:57.038,31638.0
2021-06-25 14:44:57.043,32084.0
2021-06-25 14:44:57.048,31874.0
2021-06-25 14:44:57.053,30334.0
2021-06-25 14:44:57.058,30636.0
2021-06-25 14:44:57.063,31516.0
2021-06-25 14:44:57.068,30682.0
2021-06-25 14:44:57.073,32336.0
2021-06-25 14:44:57.078,30364.0
2021-06-25 14:44:57.084,37658.0
2021-06-25 14:44:57.088,38358.0
2021-06-25 14:44:57.093,37406.0
2021-06-25 14:44:57.098,37126.0
2021-06-25 14:44:57.103,34682.0
2021-06-25 14:44:57.108,38150.0
2021-06-25 14:44:57.113,37884.0
2021-06-25 14:44:57.118,36714.0
2021-06-25 14:44:57.123,37612.0
2021-06-25 14:44:57.128,37100.0
2021-06-25 14:44:57.133,38048.0
2021-06-25 14:44:57.138,38326.0
2021-06-25 14:44:57.143,37976.0
2021-06-25 14:44:57.148,33100.0
2021-06-25 14:44:57.153,34216.0
2021-06-25 14:44:57.158,36186.0
2021-06-25 14:44:57.163,32038.0
2021-06-25 14:44:57.169,29626.0
2021-06-25 14:44:57.173,33264.0
2021-06-25 14:44:57.178,31612.0
2021-06-25 14:44:57.183,32064.0
2021-06-25 14:44:57.188,32674.0
2021-06-25 14:44:57.193,29184.0
2021-06-25 14:44:57.198,31016.0
2021-06-25 14:44:57.203,33024.0
2021-06-25 14:44:57.208,30786.0
2021-06-25 14:44:57.213,30728.0
2021-06-25 14:44:57.218,29550.0
2021-06-25 14:44:57.223,34636.0
2021-06-25 14:44:57.228,36564.0
2021-06-25 14:44:57.233,37530.0
2021-06-25 14:44:57.238,36740.0
2021-06-25 14:44:57.243,35694.0
2021-06-25 14:44:57.248,35288.0
2021-06-25 14:44:57.253,35930.0
2021-06-25 14:44:57.258,36484.0
2021-06-25 14:44:57.263,36872.0
2021-06-25 14:44:57.268,36908.0
2021-06-25 14:44:57.273,37288.0
2021-06-25 14:44:57.278,36940.0
2021-06-25 14:44:57.283,38624.0
2021-06-25 14:44:57.288,37234.0
2021-06-25 14:44:57.293,36210.0
2021-06-25 14:44:57.298,34172.0
2021-06-25 14:44:57.303,35266.0
2021-06-25 14:44:57.308,30754.0
2021-06-25 14:44:57.313,31370.0
2021-06-25 14:44:57.318,31796.0
2021-06-25 14:44:57.323,34076.0
2021-06-25 14:44:57.328,31416.0
2021-06-25 14:44:57.333,34980.0
2021-06-25 14:44:57.338,32084.0
2021-06-25 14:44:57.343,33598.0
2021-06-25 14:44:57.348,30216.0
2021-06-25 14:44:57.353,31498.0
2021-06-25 14:44:57.358,32640.0
2021-06-25 14:44:57.363,31402.0
2021-06-25 14:44:57.368,31470.0
2021-06-25 14:44:57.373,36954.0
2021-06-25 14:44:57.378,37714.0
2021-06-25 14:44:57.383,35658.0
2021-06-25 14:44:57.388,35956.0
2021-06-25 14:44:57.393,37116.0
2021-06-25 14:44:57.398,34960.0
2021-06-25 14:44:57.403,34234.0
2021-06-25 14:44:57.408,35636.0
2021-06-25 14:44:57.413,37888.0
2021-06-25 14:44:57.418,37782.0
2021-06-25 14:44:57.423,37334.0
2021-06-25 14:44:57.428,36920.0
2021-06-25 14:44:57.433,39282.0
2021-06-25 14:44:57.438,37720.0
2021-06-25 14:44:57.443,35806.0
2021-06-25 14:44:57.448,37048.0
2021-06-25 14:44:57.453,33074.0
2021-06-25 14:44:57.458,32084.0
2021-06-25 14:44:57.463,32686.0
2021-06-25 14:44:57.468,33922.0
2021-06-25 14:44:57.473,30292.0
2021-06-25 14:44:57.478,32622.0
2021-06-25 14:44:57.483,33546.0
2021-06-25 14:44:57.488,30042.0
2021-06-25 14:44:57.493,33420.0
2021-06-25 14:44:57.498,33768.0
2021-06-25 14:44:57.503,32532.0
2021-06-25 14:44:57.508,30058.0
2021-06-25 14:44:57.513,29882.0
2021-06-25 14:44:57.518,37480.0
2021-06-25 14:44:57.523,37064.0
2021-06-25 14:44:57.528,37796.0
2021-06-25 14:44:57.533,38074.0
2021-06-25 14:44:57.538,38794.0
2021-06-25 14:44:57.543,38388.0
2021-06-25 14:44:57.548,39356.0
2021-06-25 14:44:57.553,36268.0
2021-06-25 14:44:57.558,36616.0
2021-06-25 14:44:57.563,38078.0
2021-06-25 14:44:57.568,37930.0
2021-06-25 14:44:57.573,37742.0
2021-06-25 14:44:57.578,36908.0
2021-06-25 14:44:57.583,39136.0
2021-06-25 14:44:57.588,34462.0
2021-06-25 14:44:57.593,30996.0
2021-06-25 14:44:57.598,30298.0
2021-06-25 14:44:57.603,31536.0
2021-06-25 14:44:57.608,33270.0
2021-06-25 14:44:57.613,29722.0
2021-06-25 14:44:57.618,31714.0
2021-06-25 14:44:57.623,30636.0
2021-06-25 14:44:57.628,32464.0
2021-06-25 14:44:57.633,33174.0
2021-06-25 14:44:57.639,32124.0
2021-06-25 14:44:57.643,33056.0
2021-06-25 14:44:57.648,32530.0
2021-06-25 14:44:57.653,33728.0
2021-06-25 14:44:57.658,37542.0
2021-06-25 14:44:57.663,37208.0
2021-06-25 14:44:57.668,36898.0
2021-06-25 14:44:57.673,37576.0
2021-06-25 14:44:57.678,36872.0
2021-06-25 14:44:57.683,37290.0
2021-06-25 14:44:57.688,37116.0
2021-06-25 14:44:57.693,38222.0
2021-06-25 14:44:57.698,38440.0
2021-06-25 14:44:57.703,38546.0
2021-06-25 14:44:57.708,37596.0
2021-06-25 14:44:57.713,36078.0
2021-06-25 14:44:57.718,36688.0
2021-06-25 14:44:57.724,38104.0
2021-06-25 14:44:57.728,36658.0
2021-06-25 14:44:57.733,32730.0
2021-06-25 14:44:57.738,30488.0
2021-06-25 14:44:57.743,30668.0
2021-06-25 14:44:57.748,31588.0
2021-06-25 14:44:57.753,30510.0
2021-06-25 14:44:57.758,35104.0
2021-06-25 14:44:57.763,31218.0
2021-06-25 14:44:57.768,31160.0
2021-06-25 14:44:57.773,31310.0
2021-06-25 14:44:57.778,31844.0
2021-06-25 14:44:57.783,30328.0
2021-06-25 14:44:57.788,31562.0
2021-06-25 14:44:57.793,38848.0
2021-06-25 14:44:57.798,36546.0
2021-06-25 14:44:57.803,36108.0
2021-06-25 14:44:57.809,37370.0
2021-06-25 14:44:57.813,35144.0
2021-06-25 14:44:57.818,36684.0
2021-06-25 14:44:57.823,36242.0
2021-06-25 14:44:57.828,38110.0
2021-06-25 14:44:57.833,38306.0
2021-06-25 14:44:57.838,38074.0
2021-06-25 14:44:57.843,37746.0
2021-06-25 14:44:57.848,34328.0
2021-06-25 14:44:57.853,35868.0
2021-06-25 14:44:57.858,37002.0
2021-06-25 14:44:57.863,37926.0
2021-06-25 14:44:57.868,35668.0
2021-06-25 14:44:57.873,31544.0
2021-06-25 14:44:57.878,33264.0
2021-06-25 14:44:57.883,34298.0
2021-06-25 14:44:57.888,30970.0
2021-06-25 14:44:57.893,34210.0
2021-06-25 14:44:57.898,35220.0
2021-06-25 14:44:57.903,30038.0
2021-06-25 14:44:57.908,29648.0
2021-06-25 14:44:57.913,31100.0
2021-06-25 14:44:57.918,32080.0
2021-06-25 14:44:57.923,31612.0
2021-06-25 14:44:57.928,30698.0
2021-06-25 14:44:57.933,38250.0
2021-06-25 14:44:57.938,38558.0
2021-06-25 14:44:57.943,38342.0
2021-06-25 14:44:57.948,33270.0
2021-06-25 14:44:57.953,37484.0
2021-06-25 14:44:57.958,36710.0
2021-06-25 14:44:57.963,37454.0
2021-06-25 14:44:57.968,38070.0
2021-06-25 14:44:57.973,37746.0
2021-06-25 14:44:57.978,37690.0
2021-06-25 14:44:57.983,37196.0
2021-06-25 14:44:57.988,36458.0
2021-06-25 14:44:57.993,35308.0
2021-06-25 14:44:57.998,35950.0
2021-06-25 14:44:58.003,35996.0
2021-06-25 14:44:58.008,31580.0
2021-06-25 14:44:58.013,29630.0
2021-06-25 14:44:58.018,31534.0
2021-06-25 14:44:58.023,28892.0
2021-06-25 14:44:58.028,29848.0
2021-06-25 14:44:58.033,34508.0
2021-06-25 14:44:58.038,34652.0
2021-06-25 14:44:58.043,29630.0
2021-06-25 14:44:58.048,29784.0
2021-06-25 14:44:58.053,30698.0
2021-06-25 14:44:58.058,31606.0
2021-06-25 14:44:58.063,32322.0
2021-06-25 14:44:58.068,37916.0
2021-06-25 14:44:58.073,37388.0
2021-06-25 14:44:58.078,38418.0
2021-06-25 14:44:58.083,37116.0
2021-06-25 14:44:58.088,36782.0
2021-06-25 14:44:58.093,38162.0
2021-06-25 14:44:58.098,36688.0
2021-06-25 14:44:58.103,38388.0
2021-06-25 14:44:58.108,37170.0
2021-06-25 14:44:58.113,36222.0
2021-06-25 14:44:58.118,37814.0
2021-06-25 14:44:58.123,36828.0
2021-06-25 14:44:58.128,37310.0
2021-06-25 14:44:58.133,37858.0
2021-06-25 14:44:58.138,37806.0
2021-06-25 14:44:58.143,30328.0
2021-06-25 14:44:58.148,31658.0
2021-06-25 14:44:58.153,31514.0
2021-06-25 14:44:58.158,30894.0
2021-06-25 14:44:58.163,32558.0
2021-06-25 14:44:58.168,34026.0
2021-06-25 14:44:58.173,31634.0
2021-06-25 14:44:58.178,31752.0
2021-06-25 14:44:58.183,32890.0
2021-06-25 14:44:58.188,34174.0
2021-06-25 14:44:58.193,32340.0
2021-06-25 14:44:58.198,32070.0
2021-06-25 14:44:58.203,33208.0
2021-06-25 14:44:58.208,37478.0
2021-06-25 14:44:58.213,37942.0
2021-06-25 14:44:58.218,38116.0
2021-06-25 14:44:58.223,35944.0
2021-06-25 14:44:58.228,36782.0
2021-06-25 14:44:58.233,38654.0
2021-06-25 14:44:58.238,38306.0
2021-06-25 14:44:58.243,37088.0
2021-06-25 14:44:58.248,32530.0
2021-06-25 14:44:58.253,37008.0
2021-06-25 14:44:58.258,37850.0
2021-06-25 14:44:58.263,36898.0
2021-06-25 14:44:58.268,37968.0
2021-06-25 14:44:58.273,39568.0
2021-06-25 14:44:58.279,31308.0
2021-06-25 14:44:58.283,30950.0
2021-06-25 14:44:58.288,32638.0
2021-06-25 14:44:58.293,33640.0
2021-06-25 14:44:58.298,32114.0
2021-06-25 14:44:58.303,33594.0
2021-06-25 14:44:58.308,29304.0
2021-06-25 14:44:58.313,31334.0
2021-06-25 14:44:58.318,30144.0
2021-06-25 14:44:58.323,30148.0
2021-06-25 14:44:58.328,32484.0
2021-06-25 14:44:58.333,31762.0
2021-06-25 14:44:58.338,30642.0
2021-06-25 14:44:58.343,37618.0
2021-06-25 14:44:58.348,36108.0
2021-06-25 14:44:58.353,34760.0
2021-06-25 14:44:58.358,37166.0
2021-06-25 14:44:58.364,36564.0
2021-06-25 14:44:58.368,36310.0
2021-06-25 14:44:58.373,37258.0
2021-06-25 14:44:58.378,37032.0
2021-06-25 14:44:58.383,36386.0
2021-06-25 14:44:58.388,36894.0
2021-06-25 14:44:58.393,38614.0
2021-06-25 14:44:58.398,38196.0
2021-06-25 14:44:58.403,31770.0
2021-06-25 14:44:58.408,34262.0
2021-06-25 14:44:58.413,36750.0
2021-06-25 14:44:58.418,35376.0
2021-06-25 14:44:58.423,30156.0
2021-06-25 14:44:58.428,31740.0
2021-06-25 14:44:58.433,33204.0
2021-06-25 14:44:58.438,32736.0
2021-06-25 14:44:58.443,34122.0
2021-06-25 14:44:58.449,34298.0
2021-06-25 14:44:58.453,32962.0
2021-06-25 14:44:58.458,32222.0
2021-06-25 14:44:58.463,29830.0
2021-06-25 14:44:58.468,31356.0
2021-06-25 14:44:58.473,29636.0
2021-06-25 14:44:58.478,31848.0
2021-06-25 14:44:58.483,37340.0
2021-06-25 14:44:58.488,37616.0
2021-06-25 14:44:58.493,37952.0
2021-06-25 14:44:58.498,36020.0
2021-06-25 14:44:58.503,37762.0
2021-06-25 14:44:58.508,35992.0
2021-06-25 14:44:58.513,36698.0
2021-06-25 14:44:58.518,36220.0
2021-06-25 14:44:58.523,38060.0
2021-06-25 14:44:58.528,38122.0
2021-06-25 14:44:58.533,37386.0
2021-06-25 14:44:58.538,37166.0
2021-06-25 14:44:58.543,37778.0
2021-06-25 14:44:58.548,38548.0
2021-06-25 14:44:58.553,37786.0
2021-06-25 14:44:58.566,30966.0
2021-06-25 14:44:58.568,31068.0
2021-06-25 14:44:58.569,33130.0
2021-06-25 14:44:58.573,29462.0
2021-06-25 14:44:58.578,29846.0
2021-06-25 14:44:58.583,34630.0
2021-06-25 14:44:58.588,30734.0
2021-06-25 14:44:58.593,32048.0
2021-06-25 14:44:58.598,32526.0
2021-06-25 14:44:58.603,29544.0
2021-06-25 14:44:58.608,31752.0
2021-06-25 14:44:58.613,31746.0
2021-06-25 14:44:58.618,37134.0
2021-06-25 14:44:58.623,37298.0
2021-06-25 14:44:58.628,38398.0
2021-06-25 14:44:58.633,38158.0
2021-06-25 14:44:58.638,37280.0
2021-06-25 14:44:58.643,36920.0
2021-06-25 14:44:58.648,36402.0
2021-06-25 14:44:58.653,35970.0
2021-06-25 14:44:58.658,37058.0
2021-06-25 14:44:58.663,37700.0
2021-06-25 14:44:58.668,36272.0
2021-06-25 14:44:58.673,35876.0
2021-06-25 14:44:58.678,37044.0
2021-06-25 14:44:58.683,36844.0
2021-06-25 14:44:58.688,37262.0
2021-06-25 14:44:58.693,30792.0
2021-06-25 14:44:58.698,31498.0
2021-06-25 14:44:58.703,29060.0
2021-06-25 14:44:58.708,32896.0
2021-06-25 14:44:58.713,32772.0
2021-06-25 14:44:58.718,29872.0
2021-06-25 14:44:58.723,35456.0
2021-06-25 14:44:58.728,31340.0
2021-06-25 14:44:58.733,30426.0
2021-06-25 14:44:58.738,32130.0
2021-06-25 14:44:58.743,30166.0
2021-06-25 14:44:58.748,30282.0
2021-06-25 14:44:58.753,31986.0
2021-06-25 14:44:58.758,34712.0
2021-06-25 14:44:58.763,35620.0
2021-06-25 14:44:58.768,35328.0
2021-06-25 14:44:58.773,34788.0
2021-06-25 14:44:58.778,35396.0
2021-06-25 14:44:58.783,37494.0
2021-06-25 14:44:58.788,37116.0
2021-06-25 14:44:58.793,36432.0
2021-06-25 14:44:58.798,38424.0
2021-06-25 14:44:58.803,37454.0
2021-06-25 14:44:58.808,36392.0
2021-06-25 14:44:58.813,36816.0
2021-06-25 14:44:58.818,36900.0
2021-06-25 14:44:58.823,36836.0
2021-06-25 14:44:58.828,36782.0
2021-06-25 14:44:58.833,36580.0
2021-06-25 14:44:58.838,37802.0
2021-06-25 14:44:58.843,30492.0
2021-06-25 14:44:58.848,29476.0
2021-06-25 14:44:58.853,32136.0
2021-06-25 14:44:58.858,34090.0
2021-06-25 14:44:58.863,31916.0
2021-06-25 14:44:58.868,31202.0
2021-06-25 14:44:58.873,29686.0
2021-06-25 14:44:58.878,30226.0
2021-06-25 14:44:58.883,34226.0
2021-06-25 14:44:58.888,32664.0
2021-06-25 14:44:58.893,32186.0
2021-06-25 14:44:58.898,31906.0
2021-06-25 14:44:58.903,32486.0
2021-06-25 14:44:58.908,36664.0
2021-06-25 14:44:58.913,38192.0
2021-06-25 14:44:58.919,38450.0
2021-06-25 14:44:58.923,36990.0
2021-06-25 14:44:58.928,36930.0
2021-06-25 14:44:58.933,37458.0
2021-06-25 14:44:58.938,38864.0
2021-06-25 14:44:58.943,38058.0
2021-06-25 14:44:58.948,37226.0
2021-06-25 14:44:58.953,34918.0
2021-06-25 14:44:58.958,37494.0
2021-06-25 14:44:58.963,35688.0
2021-06-25 14:44:58.968,36256.0
2021-06-25 14:44:58.973,35944.0
2021-06-25 14:44:58.978,35616.0
2021-06-25 14:44:58.983,31724.0
2021-06-25 14:44:58.988,30918.0
2021-06-25 14:44:58.993,31398.0
2021-06-25 14:44:58.998,32014.0
2021-06-25 14:44:59.004,32136.0
2021-06-25 14:44:59.008,32476.0
2021-06-25 14:44:59.013,33188.0
2021-06-25 14:44:59.018,31326.0
2021-06-25 14:44:59.023,29980.0
2021-06-25 14:44:59.028,32268.0
2021-06-25 14:44:59.033,30292.0
2021-06-25 14:44:59.038,31396.0
2021-06-25 14:44:59.043,32232.0
2021-06-25 14:44:59.048,35986.0
2021-06-25 14:44:59.053,35232.0
2021-06-25 14:44:59.058,33290.0
2021-06-25 14:44:59.063,36862.0
2021-06-25 14:44:59.068,37022.0
2021-06-25 14:44:59.073,36700.0
2021-06-25 14:44:59.078,38094.0
2021-06-25 14:44:59.083,37324.0
2021-06-25 14:44:59.089,35358.0
2021-06-25 14:44:59.093,37100.0
2021-06-25 14:44:59.098,38938.0
2021-06-25 14:44:59.103,37552.0
2021-06-25 14:44:59.108,37832.0
2021-06-25 14:44:59.113,34934.0
2021-06-25 14:44:59.118,38660.0
2021-06-25 14:44:59.123,33808.0
2021-06-25 14:44:59.128,32912.0
2021-06-25 14:44:59.133,31118.0
2021-06-25 14:44:59.138,32824.0
2021-06-25 14:44:59.143,33394.0
2021-06-25 14:44:59.148,33122.0
2021-06-25 14:44:59.153,30996.0
2021-06-25 14:44:59.158,31100.0
2021-06-25 14:44:59.163,32398.0
2021-06-25 14:44:59.168,31618.0
2021-06-25 14:44:59.173,32238.0
2021-06-25 14:44:59.178,32124.0
2021-06-25 14:44:59.183,35884.0
2021-06-25 14:44:59.188,36536.0
2021-06-25 14:44:59.193,37732.0
2021-06-25 14:44:59.198,37012.0
2021-06-25 14:44:59.203,36340.0
2021-06-25 14:44:59.208,36754.0
2021-06-25 14:44:59.213,35626.0
2021-06-25 14:44:59.218,35200.0
2021-06-25 14:44:59.223,36160.0
2021-06-25 14:44:59.228,34804.0
2021-06-25 14:44:59.233,35964.0
2021-06-25 14:44:59.238,36806.0
2021-06-25 14:44:59.243,37664.0
2021-06-25 14:44:59.248,37786.0
2021-06-25 14:44:59.253,35118.0
2021-06-25 14:44:59.258,38140.0
2021-06-25 14:44:59.263,37280.0
2021-06-25 14:44:59.268,36438.0
2021-06-25 14:44:59.273,31372.0
2021-06-25 14:44:59.278,32186.0
2021-06-25 14:44:59.283,33306.0
2021-06-25 14:44:59.288,31632.0
2021-06-25 14:44:59.293,33008.0
2021-06-25 14:44:59.298,36446.0
2021-06-25 14:44:59.303,33536.0
2021-06-25 14:44:59.308,30210.0
2021-06-25 14:44:59.313,33722.0
2021-06-25 14:44:59.318,29472.0
2021-06-25 14:44:59.323,30904.0
2021-06-25 14:44:59.328,29612.0
2021-06-25 14:44:59.333,37510.0
2021-06-25 14:44:59.338,37468.0
2021-06-25 14:44:59.343,37074.0
2021-06-25 14:44:59.348,37356.0
2021-06-25 14:44:59.353,36626.0
2021-06-25 14:44:59.358,33656.0
2021-06-25 14:44:59.363,37634.0
2021-06-25 14:44:59.368,37814.0
2021-06-25 14:44:59.373,37484.0
2021-06-25 14:44:59.378,36216.0
2021-06-25 14:44:59.383,37360.0
2021-06-25 14:44:59.388,37136.0
2021-06-25 14:44:59.393,35648.0
2021-06-25 14:44:59.398,37982.0
2021-06-25 14:44:59.403,37670.0
2021-06-25 14:44:59.408,32710.0
2021-06-25 14:44:59.413,29986.0
2021-06-25 14:44:59.418,30134.0
2021-06-25 14:44:59.423,33482.0
2021-06-25 14:44:59.428,30936.0
2021-06-25 14:44:59.433,31710.0
2021-06-25 14:44:59.438,30534.0
2021-06-25 14:44:59.443,32752.0
2021-06-25 14:44:59.448,31756.0
2021-06-25 14:44:59.453,34734.0
2021-06-25 14:44:59.458,31016.0
2021-06-25 14:44:59.463,32840.0
2021-06-25 14:44:59.468,31520.0
2021-06-25 14:44:59.473,37290.0
2021-06-25 14:44:59.478,36900.0
2021-06-25 14:44:59.483,38130.0
2021-06-25 14:44:59.488,37654.0
2021-06-25 14:44:59.493,36200.0
2021-06-25 14:44:59.498,37736.0
2021-06-25 14:44:59.503,38676.0
2021-06-25 14:44:59.508,37120.0
2021-06-25 14:44:59.513,35534.0
2021-06-25 14:44:59.518,37664.0
2021-06-25 14:44:59.523,37280.0
2021-06-25 14:44:59.528,36792.0
2021-06-25 14:44:59.533,38258.0
2021-06-25 14:44:59.538,35530.0
2021-06-25 14:44:59.543,38284.0
2021-06-25 14:44:59.548,31154.0
2021-06-25 14:44:59.553,30704.0
2021-06-25 14:44:59.559,30248.0
2021-06-25 14:44:59.563,32736.0
2021-06-25 14:44:59.568,31684.0
2021-06-25 14:44:59.573,32086.0
2021-06-25 14:44:59.578,31814.0
2021-06-25 14:44:59.583,31254.0
2021-06-25 14:44:59.588,30874.0
2021-06-25 14:44:59.593,33388.0
2021-06-25 14:44:59.598,29888.0
2021-06-25 14:44:59.603,31746.0
2021-06-25 14:44:59.608,35702.0
2021-06-25 14:44:59.613,36146.0
2021-06-25 14:44:59.618,37412.0
2021-06-25 14:44:59.623,35570.0
2021-06-25 14:44:59.628,38070.0
2021-06-25 14:44:59.633,36356.0
2021-06-25 14:44:59.638,37232.0
2021-06-25 14:44:59.644,38824.0
2021-06-25 14:44:59.648,37766.0
2021-06-25 14:44:59.653,37442.0
2021-06-25 14:44:59.658,35210.0
2021-06-25 14:44:59.663,35528.0
2021-06-25 14:44:59.668,36462.0
2021-06-25 14:44:59.673,36292.0
2021-06-25 14:44:59.678,37506.0
2021-06-25 14:44:59.683,34856.0
2021-06-25 14:44:59.688,31814.0
2021-06-25 14:44:59.693,32132.0
2021-06-25 14:44:59.698,34370.0
2021-06-25 14:44:59.703,32690.0
2021-06-25 14:44:59.708,31144.0
2021-06-25 14:44:59.713,34096.0
2021-06-25 14:44:59.718,30530.0
2021-06-25 14:44:59.723,31280.0
2021-06-25 14:44:59.729,29042.0
2021-06-25 14:44:59.733,29892.0
2021-06-25 14:44:59.738,30924.0
2021-06-25 14:44:59.743,32812.0
2021-06-25 14:44:59.748,38054.0
2021-06-25 14:44:59.753,38850.0
2021-06-25 14:44:59.758,36652.0
2021-06-25 14:44:59.763,38412.0
2021-06-25 14:44:59.768,38106.0
2021-06-25 14:44:59.773,37448.0
2021-06-25 14:44:59.778,37392.0
2021-06-25 14:44:59.783,37452.0
2021-06-25 14:44:59.788,37182.0
2021-06-25 14:44:59.793,36662.0
2021-06-25 14:44:59.798,36714.0
2021-06-25 14:44:59.803,38566.0
2021-06-25 14:44:59.808,37586.0
2021-06-25 14:44:59.813,36520.0
2021-06-25 14:44:59.818,36946.0
2021-06-25 14:44:59.823,36442.0
2021-06-25 14:44:59.828,31366.0
2021-06-25 14:44:59.833,31044.0
2021-06-25 14:44:59.838,31498.0
2021-06-25 14:44:59.843,30698.0
2021-06-25 14:44:59.848,31262.0
2021-06-25 14:44:59.853,36540.0
2021-06-25 14:44:59.858,34506.0
2021-06-25 14:44:59.863,31986.0
2021-06-25 14:44:59.868,30420.0
2021-06-25 14:44:59.873,31704.0
2021-06-25 14:44:59.878,33394.0
2021-06-25 14:44:59.883,32476.0
2021-06-25 14:44:59.888,37914.0
2021-06-25 14:44:59.893,36772.0
2021-06-25 14:44:59.898,35938.0
2021-06-25 14:44:59.903,36746.0
2021-06-25 14:44:59.908,37454.0
2021-06-25 14:44:59.913,36600.0
2021-06-25 14:44:59.918,36658.0
2021-06-25 14:44:59.923,36340.0
2021-06-25 14:44:59.928,35574.0
2021-06-25 14:44:59.933,37310.0
2021-06-25 14:44:59.938,37418.0
2021-06-25 14:44:59.943,36714.0
2021-06-25 14:44:59.948,36212.0
2021-06-25 14:44:59.953,38382.0
2021-06-25 14:44:59.958,37606.0
2021-06-25 14:44:59.963,36340.0
2021-06-25 14:44:59.968,38304.0
2021-06-25 14:44:59.973,31406.0
2021-06-25 14:44:59.978,31694.0
2021-06-25 14:44:59.983,32264.0
2021-06-25 14:44:59.988,32050.0
2021-06-25 14:44:59.993,32332.0
2021-06-25 14:44:59.998,35200.0
2021-06-25 14:45:00.003,34914.0
2021-06-25 14:45:00.008,32068.0
2021-06-25 14:45:00.013,31648.0
2021-06-25 14:45:00.018,31884.0
2021-06-25 14:45:00.023,29974.0
2021-06-25 14:45:00.028,31530.0
2021-06-25 14:45:00.033,36140.0
2021-06-25 14:45:00.038,37976.0
2021-06-25 14:45:00.043,38576.0
2021-06-25 14:45:00.048,39434.0
2021-06-25 14:45:00.053,39264.0
2021-06-25 14:45:00.058,36854.0
2021-06-25 14:45:00.063,37680.0
2021-06-25 14:45:00.068,36246.0
2021-06-25 14:45:00.073,37248.0
2021-06-25 14:45:00.078,36462.0
2021-06-25 14:45:00.083,36776.0
2021-06-25 14:45:00.088,37770.0
2021-06-25 14:45:00.093,35108.0
2021-06-25 14:45:00.098,37120.0
2021-06-25 14:45:00.103,35266.0
2021-06-25 14:45:00.108,37038.0
2021-06-25 14:45:00.113,29914.0
2021-06-25 14:45:00.118,30082.0
2021-06-25 14:45:00.123,29884.0
2021-06-25 14:45:00.128,33628.0
2021-06-25 14:45:00.133,31942.0
2021-06-25 14:45:00.138,33034.0
2021-06-25 14:45:00.143,30980.0
2021-06-25 14:45:00.148,27320.0
2021-06-25 14:45:00.153,30084.0
2021-06-25 14:45:00.158,28508.0
2021-06-25 14:45:00.163,28246.0
2021-06-25 14:45:00.168,28496.0
2021-06-25 14:45:00.173,26160.0
2021-06-25 14:45:00.178,34244.0
2021-06-25 14:45:00.183,34810.0
2021-06-25 14:45:00.188,35636.0
2021-06-25 14:45:00.193,34666.0
2021-06-25 14:45:00.199,34004.0
2021-06-25 14:45:00.203,34662.0
2021-06-25 14:45:00.208,32562.0
2021-06-25 14:45:00.213,35806.0
2021-06-25 14:45:00.218,34888.0
2021-06-25 14:45:00.223,35404.0
2021-06-25 14:45:00.228,34080.0
2021-06-25 14:45:00.233,35744.0
2021-06-25 14:45:00.238,35538.0
2021-06-25 14:45:00.243,36026.0
2021-06-25 14:45:00.248,35092.0
2021-06-25 14:45:00.253,28188.0
2021-06-25 14:45:00.258,30410.0
2021-06-25 14:45:00.263,29812.0
2021-06-25 14:45:00.268,31234.0
2021-06-25 14:45:00.273,29416.0
2021-06-25 14:45:00.278,33844.0
2021-06-25 14:45:00.284,33368.0
2021-06-25 14:45:00.288,29820.0
2021-06-25 14:45:00.293,29024.0
2021-06-25 14:45:00.298,31258.0
2021-06-25 14:45:00.303,28542.0
2021-06-25 14:45:00.308,30924.0
2021-06-25 14:45:00.313,28944.0
2021-06-25 14:45:00.318,29984.0
2021-06-25 14:45:00.323,36340.0
2021-06-25 14:45:00.328,36900.0
2021-06-25 14:45:00.333,36452.0
2021-06-25 14:45:00.338,37470.0
2021-06-25 14:45:00.343,37100.0
2021-06-25 14:45:00.348,35646.0
2021-06-25 14:45:00.353,37304.0
2021-06-25 14:45:00.358,35822.0
2021-06-25 14:45:00.363,36124.0
2021-06-25 14:45:00.369,34604.0
2021-06-25 14:45:00.373,37110.0
2021-06-25 14:45:00.378,35984.0
2021-06-25 14:45:00.383,36256.0
2021-06-25 14:45:00.388,36684.0
2021-06-25 14:45:00.393,34842.0
2021-06-25 14:45:00.398,32268.0
2021-06-25 14:45:00.403,28954.0
2021-06-25 14:45:00.408,32532.0
2021-06-25 14:45:00.413,29286.0
2021-06-25 14:45:00.418,29748.0
2021-06-25 14:45:00.423,33510.0
2021-06-25 14:45:00.428,28676.0
2021-06-25 14:45:00.433,30174.0
2021-06-25 14:45:00.438,28870.0
2021-06-25 14:45:00.443,31988.0
2021-06-25 14:45:00.448,32382.0
2021-06-25 14:45:00.453,29236.0
2021-06-25 14:45:00.458,32506.0
2021-06-25 14:45:00.463,32994.0
2021-06-25 14:45:00.468,34534.0
2021-06-25 14:45:00.473,36796.0
2021-06-25 14:45:00.478,36302.0
2021-06-25 14:45:00.483,35656.0
2021-06-25 14:45:00.488,35016.0
2021-06-25 14:45:00.493,35462.0
2021-06-25 14:45:00.498,35846.0
2021-06-25 14:45:00.503,35364.0
2021-06-25 14:45:00.508,34896.0
2021-06-25 14:45:00.513,35240.0
2021-06-25 14:45:00.518,38260.0
2021-06-25 14:45:00.523,37242.0
2021-06-25 14:45:00.528,35888.0
2021-06-25 14:45:00.533,35622.0
2021-06-25 14:45:00.538,29148.0
2021-06-25 14:45:00.543,29386.0
2021-06-25 14:45:00.548,30858.0
2021-06-25 14:45:00.553,33188.0
2021-06-25 14:45:00.558,30642.0
2021-06-25 14:45:00.563,33080.0
2021-06-25 14:45:00.568,33356.0
2021-06-25 14:45:00.573,31180.0
2021-06-25 14:45:00.578,29200.0
2021-06-25 14:45:00.583,29118.0
2021-06-25 14:45:00.588,33968.0
2021-06-25 14:45:00.593,30154.0
2021-06-25 14:45:00.598,34462.0
2021-06-25 14:45:00.603,38224.0
2021-06-25 14:45:00.608,36238.0
2021-06-25 14:45:00.613,33030.0
2021-06-25 14:45:00.618,35194.0
2021-06-25 14:45:00.623,37746.0
2021-06-25 14:45:00.628,37808.0
2021-06-25 14:45:00.633,37730.0
2021-06-25 14:45:00.638,36344.0
2021-06-25 14:45:00.643,38240.0
2021-06-25 14:45:00.648,36976.0
2021-06-25 14:45:00.653,36668.0
2021-06-25 14:45:00.658,37520.0
2021-06-25 14:45:00.663,31586.0
2021-06-25 14:45:00.668,36606.0
2021-06-25 14:45:00.673,37838.0
2021-06-25 14:45:00.678,36128.0
2021-06-25 14:45:00.683,32512.0
2021-06-25 14:45:00.688,31888.0
2021-06-25 14:45:00.693,32152.0
2021-06-25 14:45:00.698,31648.0
2021-06-25 14:45:00.703,34512.0
2021-06-25 14:45:00.708,32140.0
2021-06-25 14:45:00.713,31556.0
2021-06-25 14:45:00.718,31458.0
2021-06-25 14:45:00.723,29276.0
2021-06-25 14:45:00.728,31288.0
2021-06-25 14:45:00.733,30910.0
2021-06-25 14:45:00.738,32286.0
2021-06-25 14:45:00.743,35622.0
2021-06-25 14:45:00.748,36038.0
2021-06-25 14:45:00.753,36554.0
2021-06-25 14:45:00.758,38106.0
2021-06-25 14:45:00.763,35304.0
2021-06-25 14:45:00.768,35262.0
2021-06-25 14:45:00.773,34552.0
2021-06-25 14:45:00.778,37146.0
2021-06-25 14:45:00.783,37402.0
2021-06-25 14:45:00.788,36838.0
2021-06-25 14:45:00.793,37832.0
2021-06-25 14:45:00.798,37226.0
2021-06-25 14:45:00.803,36800.0
2021-06-25 14:45:00.808,36868.0
2021-06-25 14:45:00.813,35730.0
2021-06-25 14:45:00.818,35400.0
2021-06-25 14:45:00.823,37032.0
2021-06-25 14:45:00.828,29692.0
2021-06-25 14:45:00.833,29410.0
2021-06-25 14:45:00.839,32314.0
2021-06-25 14:45:00.843,29580.0
2021-06-25 14:45:00.848,32232.0
2021-06-25 14:45:00.853,34502.0
2021-06-25 14:45:00.858,30114.0
2021-06-25 14:45:00.863,31314.0
2021-06-25 14:45:00.868,29776.0
2021-06-25 14:45:00.873,29324.0
2021-06-25 14:45:00.878,31272.0
2021-06-25 14:45:00.883,33208.0
2021-06-25 14:45:00.888,29938.0
2021-06-25 14:45:00.893,36920.0
2021-06-25 14:45:00.898,36416.0
2021-06-25 14:45:00.903,35612.0
2021-06-25 14:45:00.908,38060.0
2021-06-25 14:45:00.913,37382.0
2021-06-25 14:45:00.918,36228.0
2021-06-25 14:45:00.924,36812.0
2021-06-25 14:45:00.928,35892.0
2021-06-25 14:45:00.933,36848.0
2021-06-25 14:45:00.938,36540.0
2021-06-25 14:45:00.943,37088.0
2021-06-25 14:45:00.948,37710.0
2021-06-25 14:45:00.953,36920.0
2021-06-25 14:45:00.958,39014.0
2021-06-25 14:45:00.963,37996.0
2021-06-25 14:45:00.977,32222.0
2021-06-25 14:45:00.979,31890.0
2021-06-25 14:45:00.980,31534.0
2021-06-25 14:45:00.983,32736.0
2021-06-25 14:45:00.988,30472.0
2021-06-25 14:45:00.993,31966.0
2021-06-25 14:45:00.998,30828.0
2021-06-25 14:45:01.003,32470.0
2021-06-25 14:45:01.009,30910.0
2021-06-25 14:45:01.013,30124.0
2021-06-25 14:45:01.018,32424.0
2021-06-25 14:45:01.023,29086.0
2021-06-25 14:45:01.028,29026.0
2021-06-25 14:45:01.033,29994.0
2021-06-25 14:45:01.038,35682.0
2021-06-25 14:45:01.043,36314.0
2021-06-25 14:45:01.048,36026.0
2021-06-25 14:45:01.053,36726.0
2021-06-25 14:45:01.058,35956.0
2021-06-25 14:45:01.063,35446.0
2021-06-25 14:45:01.068,35558.0
2021-06-25 14:45:01.073,36872.0
2021-06-25 14:45:01.078,35866.0
2021-06-25 14:45:01.083,36350.0
2021-06-25 14:45:01.088,35242.0
2021-06-25 14:45:01.093,35810.0
2021-06-25 14:45:01.098,36216.0
2021-06-25 14:45:01.103,35196.0
2021-06-25 14:45:01.108,38188.0
2021-06-25 14:45:01.113,37380.0
2021-06-25 14:45:01.118,32798.0
2021-06-25 14:45:01.123,31452.0
2021-06-25 14:45:01.128,30124.0
2021-06-25 14:45:01.133,31756.0
2021-06-25 14:45:01.138,32064.0
2021-06-25 14:45:01.143,34410.0
2021-06-25 14:45:01.148,31894.0
2021-06-25 14:45:01.153,32804.0
2021-06-25 14:45:01.158,33398.0
2021-06-25 14:45:01.163,33438.0
2021-06-25 14:45:01.168,33202.0
2021-06-25 14:45:01.173,31782.0
2021-06-25 14:45:01.178,33844.0
2021-06-25 14:45:01.183,38690.0
2021-06-25 14:45:01.188,39408.0
2021-06-25 14:45:01.193,39470.0
2021-06-25 14:45:01.198,39228.0
2021-06-25 14:45:01.203,36366.0
2021-06-25 14:45:01.208,37262.0
2021-06-25 14:45:01.213,37746.0
2021-06-25 14:45:01.218,37484.0
2021-06-25 14:45:01.223,38828.0
2021-06-25 14:45:01.228,39538.0
2021-06-25 14:45:01.233,37608.0
2021-06-25 14:45:01.238,37688.0
2021-06-25 14:45:01.243,36754.0
2021-06-25 14:45:01.248,37036.0
2021-06-25 14:45:01.253,34636.0
2021-06-25 14:45:01.258,33398.0
2021-06-25 14:45:01.263,34220.0
2021-06-25 14:45:01.268,32628.0
2021-06-25 14:45:01.273,33860.0
2021-06-25 14:45:01.278,34302.0
2021-06-25 14:45:01.283,32676.0
2021-06-25 14:45:01.288,30350.0
2021-06-25 14:45:01.293,33398.0
2021-06-25 14:45:01.298,29898.0
2021-06-25 14:45:01.303,31402.0
2021-06-25 14:45:01.308,31720.0
2021-06-25 14:45:01.313,32778.0
2021-06-25 14:45:01.318,37434.0
2021-06-25 14:45:01.323,35180.0
2021-06-25 14:45:01.328,37262.0
2021-06-25 14:45:01.333,37032.0
2021-06-25 14:45:01.338,36494.0
2021-06-25 14:45:01.343,35580.0
2021-06-25 14:45:01.348,37664.0
2021-06-25 14:45:01.353,37624.0
2021-06-25 14:45:01.358,38060.0
2021-06-25 14:45:01.363,35086.0
2021-06-25 14:45:01.368,35118.0
2021-06-25 14:45:01.373,36288.0
2021-06-25 14:45:01.378,37438.0
2021-06-25 14:45:01.383,36062.0
2021-06-25 14:45:01.388,36626.0
2021-06-25 14:45:01.393,29252.0
2021-06-25 14:45:01.398,31126.0
2021-06-25 14:45:01.403,32802.0
2021-06-25 14:45:01.408,31838.0
2021-06-25 14:45:01.413,28912.0
2021-06-25 14:45:01.418,30524.0
2021-06-25 14:45:01.423,29106.0
2021-06-25 14:45:01.428,30864.0
2021-06-25 14:45:01.433,29236.0
2021-06-25 14:45:01.438,29144.0
2021-06-25 14:45:01.443,29954.0
2021-06-25 14:45:01.448,31334.0
2021-06-25 14:45:01.453,32054.0
2021-06-25 14:45:01.458,37016.0
2021-06-25 14:45:01.463,36084.0
2021-06-25 14:45:01.468,30554.0
2021-06-25 14:45:01.473,34456.0
2021-06-25 14:45:01.479,37160.0
2021-06-25 14:45:01.483,37228.0
2021-06-25 14:45:01.488,37320.0
2021-06-25 14:45:01.493,36464.0
2021-06-25 14:45:01.498,35702.0
2021-06-25 14:45:01.503,36002.0
2021-06-25 14:45:01.508,36862.0
2021-06-25 14:45:01.513,37930.0
2021-06-25 14:45:01.518,35580.0
2021-06-25 14:45:01.523,35970.0
2021-06-25 14:45:01.528,36012.0
2021-06-25 14:45:01.533,35758.0
2021-06-25 14:45:01.538,30514.0
2021-06-25 14:45:01.543,31894.0
2021-06-25 14:45:01.548,31684.0
2021-06-25 14:45:01.553,31144.0
2021-06-25 14:45:01.558,31212.0
2021-06-25 14:45:01.564,31838.0
2021-06-25 14:45:01.568,32018.0
2021-06-25 14:45:01.573,30210.0
2021-06-25 14:45:01.578,30842.0
2021-06-25 14:45:01.583,30036.0
2021-06-25 14:45:01.588,29928.0
2021-06-25 14:45:01.593,29358.0
2021-06-25 14:45:01.598,36904.0
2021-06-25 14:45:01.603,36478.0
2021-06-25 14:45:01.608,34764.0
2021-06-25 14:45:01.613,36374.0
2021-06-25 14:45:01.618,32912.0
2021-06-25 14:45:01.623,31932.0
2021-06-25 14:45:01.628,36540.0
2021-06-25 14:45:01.633,35456.0
2021-06-25 14:45:01.638,35068.0
2021-06-25 14:45:01.643,36020.0
2021-06-25 14:45:01.649,35370.0
2021-06-25 14:45:01.653,34856.0
2021-06-25 14:45:01.658,35368.0
2021-06-25 14:45:01.663,34434.0
2021-06-25 14:45:01.668,34924.0
2021-06-25 14:45:01.673,31900.0
2021-06-25 14:45:01.678,29108.0
2021-06-25 14:45:01.683,30380.0
2021-06-25 14:45:01.688,31052.0
2021-06-25 14:45:01.693,30190.0
2021-06-25 14:45:01.698,34210.0
2021-06-25 14:45:01.703,32690.0
2021-06-25 14:45:01.708,30514.0
2021-06-25 14:45:01.713,29668.0
2021-06-25 14:45:01.718,29636.0
2021-06-25 14:45:01.723,29846.0
2021-06-25 14:45:01.728,28456.0
2021-06-25 14:45:01.733,31094.0
2021-06-25 14:45:01.738,35194.0
2021-06-25 14:45:01.743,33444.0
2021-06-25 14:45:01.748,36288.0
2021-06-25 14:45:01.753,36320.0
2021-06-25 14:45:01.758,33866.0
2021-06-25 14:45:01.763,35806.0
2021-06-25 14:45:01.768,34698.0
2021-06-25 14:45:01.773,31762.0
2021-06-25 14:45:01.778,37484.0
2021-06-25 14:45:01.783,36350.0
2021-06-25 14:45:01.788,34760.0
2021-06-25 14:45:01.793,35950.0
2021-06-25 14:45:01.798,34950.0
2021-06-25 14:45:01.803,35400.0
2021-06-25 14:45:01.808,35902.0
2021-06-25 14:45:01.813,29622.0
2021-06-25 14:45:01.818,31340.0
2021-06-25 14:45:01.823,28676.0
2021-06-25 14:45:01.828,30874.0
2021-06-25 14:45:01.833,29348.0
2021-06-25 14:45:01.838,28426.0
2021-06-25 14:45:01.843,33244.0
2021-06-25 14:45:01.848,30422.0
2021-06-25 14:45:01.853,30682.0
2021-06-25 14:45:01.858,30610.0
2021-06-25 14:45:01.863,29334.0
2021-06-25 14:45:01.868,29318.0
2021-06-25 14:45:01.873,31012.0
2021-06-25 14:45:01.878,35240.0
2021-06-25 14:45:01.883,34518.0
2021-06-25 14:45:01.888,36258.0
2021-06-25 14:45:01.893,36714.0
2021-06-25 14:45:01.898,34332.0
2021-06-25 14:45:01.903,34518.0
2021-06-25 14:45:01.908,36048.0
2021-06-25 14:45:01.913,35240.0
2021-06-25 14:45:01.918,34342.0
2021-06-25 14:45:01.923,34578.0
2021-06-25 14:45:01.928,35862.0
2021-06-25 14:45:01.933,34280.0
2021-06-25 14:45:01.938,34872.0
2021-06-25 14:45:01.943,36664.0
2021-06-25 14:45:01.948,35626.0
2021-06-25 14:45:01.953,30370.0
2021-06-25 14:45:01.958,28948.0
2021-06-25 14:45:01.963,31602.0
2021-06-25 14:45:01.968,29640.0
2021-06-25 14:45:01.973,30836.0
2021-06-25 14:45:01.978,32756.0
2021-06-25 14:45:01.983,28334.0
2021-06-25 14:45:01.988,29794.0
2021-06-25 14:45:01.993,28712.0
2021-06-25 14:45:01.998,30220.0
2021-06-25 14:45:02.003,28896.0
2021-06-25 14:45:02.008,30176.0
2021-06-25 14:45:02.013,35738.0
2021-06-25 14:45:02.018,36130.0
2021-06-25 14:45:02.023,33906.0
2021-06-25 14:45:02.028,36016.0
2021-06-25 14:45:02.033,34306.0
2021-06-25 14:45:02.038,33846.0
2021-06-25 14:45:02.043,35740.0
2021-06-25 14:45:02.048,36350.0
2021-06-25 14:45:02.053,36084.0
2021-06-25 14:45:02.058,34898.0
2021-06-25 14:45:02.063,35630.0
2021-06-25 14:45:02.068,33092.0
2021-06-25 14:45:02.073,35440.0
2021-06-25 14:45:02.078,34768.0
2021-06-25 14:45:02.083,34898.0
2021-06-25 14:45:02.088,36114.0
2021-06-25 14:45:02.093,30508.0
2021-06-25 14:45:02.098,30672.0
2021-06-25 14:45:02.103,29840.0
2021-06-25 14:45:02.108,30400.0
2021-06-25 14:45:02.113,34072.0
2021-06-25 14:45:02.119,29348.0
2021-06-25 14:45:02.123,30494.0
2021-06-25 14:45:02.128,29786.0
2021-06-25 14:45:02.133,29380.0
2021-06-25 14:45:02.138,31788.0
2021-06-25 14:45:02.143,30318.0
2021-06-25 14:45:02.148,34266.0
2021-06-25 14:45:02.153,34420.0
2021-06-25 14:45:02.158,35606.0
2021-06-25 14:45:02.163,35288.0
2021-06-25 14:45:02.168,35380.0
2021-06-25 14:45:02.173,35282.0
2021-06-25 14:45:02.178,34866.0
2021-06-25 14:45:02.183,33620.0
2021-06-25 14:45:02.188,33984.0
2021-06-25 14:45:02.193,34370.0
2021-06-25 14:45:02.198,35354.0
2021-06-25 14:45:02.204,34870.0
2021-06-25 14:45:02.208,33024.0
2021-06-25 14:45:02.213,35594.0
2021-06-25 14:45:02.218,31130.0
2021-06-25 14:45:02.223,34770.0
2021-06-25 14:45:02.228,35062.0
2021-06-25 14:45:02.233,30304.0
2021-06-25 14:45:02.238,27836.0
2021-06-25 14:45:02.243,30074.0
2021-06-25 14:45:02.248,31448.0
2021-06-25 14:45:02.253,30534.0
2021-06-25 14:45:02.258,29430.0
2021-06-25 14:45:02.263,30174.0
2021-06-25 14:45:02.268,29974.0
2021-06-25 14:45:02.273,28528.0
2021-06-25 14:45:02.278,30756.0
2021-06-25 14:45:02.283,30016.0
2021-06-25 14:45:02.289,28250.0
2021-06-25 14:45:02.293,35796.0
2021-06-25 14:45:02.298,36682.0
2021-06-25 14:45:02.303,35626.0
2021-06-25 14:45:02.308,32956.0
2021-06-25 14:45:02.313,35040.0
2021-06-25 14:45:02.318,31824.0
2021-06-25 14:45:02.323,32618.0
2021-06-25 14:45:02.328,32038.0
2021-06-25 14:45:02.333,34498.0
2021-06-25 14:45:02.338,34332.0
2021-06-25 14:45:02.343,36888.0
2021-06-25 14:45:02.348,35658.0
2021-06-25 14:45:02.353,33630.0
2021-06-25 14:45:02.358,35178.0
2021-06-25 14:45:02.363,36602.0
2021-06-25 14:45:02.368,33908.0
2021-06-25 14:45:02.373,35164.0
2021-06-25 14:45:02.378,34236.0
2021-06-25 14:45:02.383,35790.0
2021-06-25 14:45:02.388,29514.0
2021-06-25 14:45:02.393,30156.0
2021-06-25 14:45:02.398,31618.0
2021-06-25 14:45:02.403,29528.0
2021-06-25 14:45:02.408,29456.0
2021-06-25 14:45:02.413,31952.0
2021-06-25 14:45:02.418,28672.0
2021-06-25 14:45:02.423,30042.0
2021-06-25 14:45:02.428,30848.0
2021-06-25 14:45:02.433,28190.0
2021-06-25 14:45:02.438,29236.0
2021-06-25 14:45:02.443,30800.0
2021-06-25 14:45:02.448,33608.0
2021-06-25 14:45:02.453,34716.0
2021-06-25 14:45:02.458,35530.0
2021-06-25 14:45:02.463,34978.0
2021-06-25 14:45:02.468,33978.0
2021-06-25 14:45:02.473,33070.0
2021-06-25 14:45:02.478,32930.0
2021-06-25 14:45:02.483,35876.0
2021-06-25 14:45:02.488,35796.0
2021-06-25 14:45:02.493,36170.0
2021-06-25 14:45:02.498,35138.0
2021-06-25 14:45:02.503,34524.0
2021-06-25 14:45:02.508,36146.0
2021-06-25 14:45:02.513,34430.0
2021-06-25 14:45:02.518,34282.0
2021-06-25 14:45:02.523,36032.0
2021-06-25 14:45:02.528,29846.0
2021-06-25 14:45:02.533,29848.0
2021-06-25 14:45:02.538,32240.0
2021-06-25 14:45:02.543,29472.0
2021-06-25 14:45:02.548,32916.0
2021-06-25 14:45:02.553,33664.0
2021-06-25 14:45:02.558,29586.0
2021-06-25 14:45:02.563,30538.0
2021-06-25 14:45:02.568,28388.0
2021-06-25 14:45:02.573,29908.0
2021-06-25 14:45:02.578,31356.0
2021-06-25 14:45:02.583,35718.0
2021-06-25 14:45:02.588,35586.0
2021-06-25 14:45:02.593,35410.0
2021-06-25 14:45:02.598,34850.0
2021-06-25 14:45:02.603,34888.0
2021-06-25 14:45:02.608,37418.0
2021-06-25 14:45:02.613,34076.0
2021-06-25 14:45:02.618,32942.0
2021-06-25 14:45:02.623,36258.0
2021-06-25 14:45:02.628,33020.0
2021-06-25 14:45:02.633,34470.0
2021-06-25 14:45:02.638,35140.0
2021-06-25 14:45:02.643,34030.0
2021-06-25 14:45:02.648,34752.0
2021-06-25 14:45:02.653,35502.0
2021-06-25 14:45:02.658,29990.0
2021-06-25 14:45:02.663,29550.0
2021-06-25 14:45:02.668,29466.0
2021-06-25 14:45:02.673,29370.0
2021-06-25 14:45:02.678,30072.0
2021-06-25 14:45:02.683,28652.0
2021-06-25 14:45:02.688,31540.0
2021-06-25 14:45:02.693,29580.0
2021-06-25 14:45:02.698,27582.0
2021-06-25 14:45:02.703,27584.0
2021-06-25 14:45:02.708,30772.0
2021-06-25 14:45:02.713,30302.0
2021-06-25 14:45:02.718,36324.0
2021-06-25 14:45:02.723,34374.0
2021-06-25 14:45:02.728,33138.0
2021-06-25 14:45:02.733,34816.0
2021-06-25 14:45:02.738,33900.0
2021-06-25 14:45:02.743,35620.0
2021-06-25 14:45:02.748,35724.0
2021-06-25 14:45:02.753,36228.0
2021-06-25 14:45:02.759,37156.0
2021-06-25 14:45:02.763,34948.0
2021-06-25 14:45:02.768,37526.0
2021-06-25 14:45:02.773,34984.0
2021-06-25 14:45:02.778,34050.0
2021-06-25 14:45:02.783,34578.0
2021-06-25 14:45:02.788,34020.0
2021-06-25 14:45:02.793,27752.0
2021-06-25 14:45:02.798,30468.0
2021-06-25 14:45:02.803,28388.0
2021-06-25 14:45:02.808,29830.0
2021-06-25 14:45:02.813,29622.0
2021-06-25 14:45:02.818,31598.0
2021-06-25 14:45:02.823,28506.0
2021-06-25 14:45:02.828,28610.0
2021-06-25 14:45:02.833,29014.0
2021-06-25 14:45:02.838,29344.0
2021-06-25 14:45:02.844,27562.0
2021-06-25 14:45:02.848,28344.0
2021-06-25 14:45:02.853,33312.0
2021-06-25 14:45:02.858,35920.0
2021-06-25 14:45:02.863,35758.0
2021-06-25 14:45:02.868,35604.0
2021-06-25 14:45:02.873,35606.0
2021-06-25 14:45:02.878,34066.0
2021-06-25 14:45:02.883,34744.0
2021-06-25 14:45:02.888,35540.0
2021-06-25 14:45:02.893,35272.0
2021-06-25 14:45:02.898,35708.0
2021-06-25 14:45:02.903,33474.0
2021-06-25 14:45:02.908,33900.0
2021-06-25 14:45:02.913,34964.0
2021-06-25 14:45:02.918,35776.0
2021-06-25 14:45:02.923,28506.0
2021-06-25 14:45:02.929,28760.0
2021-06-25 14:45:02.933,31506.0
2021-06-25 14:45:02.938,27280.0
2021-06-25 14:45:02.943,28480.0
2021-06-25 14:45:02.948,32258.0
2021-06-25 14:45:02.953,30066.0
2021-06-25 14:45:02.958,29220.0
2021-06-25 14:45:02.963,28108.0
2021-06-25 14:45:02.968,31304.0
2021-06-25 14:45:02.973,30392.0
2021-06-25 14:45:02.978,33900.0
2021-06-25 14:45:02.983,34784.0
2021-06-25 14:45:02.988,35846.0
2021-06-25 14:45:02.993,33306.0
2021-06-25 14:45:02.998,35334.0
2021-06-25 14:45:03.003,34128.0
2021-06-25 14:45:03.008,35838.0
2021-06-25 14:45:03.013,35702.0
2021-06-25 14:45:03.018,35164.0
2021-06-25 14:45:03.023,34780.0
2021-06-25 14:45:03.028,32012.0
2021-06-25 14:45:03.033,32938.0
2021-06-25 14:45:03.038,36088.0
2021-06-25 14:45:03.043,30410.0
2021-06-25 14:45:03.048,29344.0
2021-06-25 14:45:03.053,31700.0
2021-06-25 14:45:03.058,29088.0
2021-06-25 14:45:03.063,28876.0
2021-06-25 14:45:03.068,33670.0
2021-06-25 14:45:03.073,30708.0
2021-06-25 14:45:03.078,30058.0
2021-06-25 14:45:03.083,29216.0
2021-06-25 14:45:03.088,29026.0
2021-06-25 14:45:03.093,30036.0
2021-06-25 14:45:03.098,36622.0
2021-06-25 14:45:03.103,36642.0
2021-06-25 14:45:03.108,35852.0
2021-06-25 14:45:03.113,33166.0
2021-06-25 14:45:03.118,34806.0
2021-06-25 14:45:03.123,33778.0
2021-06-25 14:45:03.128,33168.0
2021-06-25 14:45:03.133,35760.0
2021-06-25 14:45:03.138,35918.0
2021-06-25 14:45:03.143,34092.0
2021-06-25 14:45:03.148,34774.0
2021-06-25 14:45:03.153,36582.0
2021-06-25 14:45:03.158,27810.0
2021-06-25 14:45:03.163,29250.0
2021-06-25 14:45:03.168,28846.0
2021-06-25 14:45:03.173,32480.0
2021-06-25 14:45:03.178,28780.0
2021-06-25 14:45:03.183,31458.0
2021-06-25 14:45:03.188,29564.0
2021-06-25 14:45:03.193,29266.0
2021-06-25 14:45:03.198,29764.0
2021-06-25 14:45:03.203,28706.0
2021-06-25 14:45:03.208,28214.0
2021-06-25 14:45:03.213,34856.0
2021-06-25 14:45:03.218,36206.0
2021-06-25 14:45:03.223,36200.0
2021-06-25 14:45:03.228,34266.0
2021-06-25 14:45:03.233,34814.0
2021-06-25 14:45:03.238,34004.0
2021-06-25 14:45:03.243,34086.0
2021-06-25 14:45:03.248,35574.0
2021-06-25 14:45:03.253,34968.0
2021-06-25 14:45:03.258,33356.0
2021-06-25 14:45:03.263,34552.0
2021-06-25 14:45:03.268,34338.0
2021-06-25 14:45:03.273,31308.0
2021-06-25 14:45:03.278,27846.0
2021-06-25 14:45:03.283,27972.0
2021-06-25 14:45:03.288,30022.0
2021-06-25 14:45:03.293,28892.0
2021-06-25 14:45:03.298,33178.0
2021-06-25 14:45:03.303,30384.0
2021-06-25 14:45:03.308,28604.0
2021-06-25 14:45:03.313,32268.0
2021-06-25 14:45:03.318,31058.0
2021-06-25 14:45:03.323,28666.0
2021-06-25 14:45:03.328,32408.0
2021-06-25 14:45:03.333,33954.0
2021-06-25 14:45:03.338,35584.0
2021-06-25 14:45:03.343,37294.0
2021-06-25 14:45:03.348,36320.0
2021-06-25 14:45:03.353,38392.0
2021-06-25 14:45:03.358,36930.0
2021-06-25 14:45:03.363,38726.0
2021-06-25 14:45:03.368,37192.0
2021-06-25 14:45:03.373,34410.0
2021-06-25 14:45:03.386,31516.0
2021-06-25 14:45:03.388,30436.0
2021-06-25 14:45:03.389,31822.0
2021-06-25 14:45:03.393,32424.0
2021-06-25 14:45:03.399,31300.0
2021-06-25 14:45:03.403,32982.0
2021-06-25 14:45:03.408,31860.0
2021-06-25 14:45:03.413,33220.0
2021-06-25 14:45:03.418,31166.0
2021-06-25 14:45:03.423,30478.0
2021-06-25 14:45:03.428,30030.0
2021-06-25 14:45:03.433,31016.0
2021-06-25 14:45:03.438,31134.0
2021-06-25 14:45:03.443,35312.0
2021-06-25 14:45:03.448,37350.0
2021-06-25 14:45:03.453,38078.0
2021-06-25 14:45:03.458,38178.0
2021-06-25 14:45:03.463,38798.0
2021-06-25 14:45:03.468,36652.0
2021-06-25 14:45:03.473,34480.0
2021-06-25 14:45:03.478,30022.0
2021-06-25 14:45:03.484,34142.0
2021-06-25 14:45:03.488,37570.0
2021-06-25 14:45:03.493,35698.0
2021-06-25 14:45:03.498,35374.0
2021-06-25 14:45:03.503,29894.0
2021-06-25 14:45:03.508,29776.0
2021-06-25 14:45:03.513,32828.0
2021-06-25 14:45:03.518,29416.0
2021-06-25 14:45:03.523,34754.0
2021-06-25 14:45:03.528,31422.0
2021-06-25 14:45:03.533,32926.0
2021-06-25 14:45:03.538,31848.0
2021-06-25 14:45:03.543,28446.0
2021-06-25 14:45:03.548,30518.0
2021-06-25 14:45:03.553,37376.0
2021-06-25 14:45:03.558,37196.0
2021-06-25 14:45:03.563,35214.0
2021-06-25 14:45:03.569,37562.0
2021-06-25 14:45:03.573,37696.0
2021-06-25 14:45:03.578,32316.0
2021-06-25 14:45:03.583,33546.0
2021-06-25 14:45:03.588,35456.0
2021-06-25 14:45:03.593,35950.0
2021-06-25 14:45:03.598,36704.0
2021-06-25 14:45:03.603,36232.0
2021-06-25 14:45:03.608,31012.0
2021-06-25 14:45:03.613,31818.0
2021-06-25 14:45:03.618,29488.0
2021-06-25 14:45:03.623,33758.0
2021-06-25 14:45:03.628,30166.0
2021-06-25 14:45:03.633,33926.0
2021-06-25 14:45:03.638,31940.0
2021-06-25 14:45:03.643,29282.0
2021-06-25 14:45:03.648,30022.0
2021-06-25 14:45:03.653,29994.0
2021-06-25 14:45:03.658,30420.0
2021-06-25 14:45:03.663,31706.0
2021-06-25 14:45:03.668,36890.0
2021-06-25 14:45:03.673,37668.0
2021-06-25 14:45:03.678,32578.0
2021-06-25 14:45:03.683,32740.0
2021-06-25 14:45:03.688,35554.0
2021-06-25 14:45:03.693,33492.0
2021-06-25 14:45:03.698,32900.0
2021-06-25 14:45:03.703,32952.0
2021-06-25 14:45:03.708,34152.0
2021-06-25 14:45:03.713,34934.0
2021-06-25 14:45:03.718,33178.0
2021-06-25 14:45:03.723,29186.0
2021-06-25 14:45:03.728,28424.0
2021-06-25 14:45:03.733,28260.0
2021-06-25 14:45:03.738,30782.0
2021-06-25 14:45:03.743,28816.0
2021-06-25 14:45:03.748,33502.0
2021-06-25 14:45:03.753,28082.0
2021-06-25 14:45:03.758,29622.0
2021-06-25 14:45:03.763,28460.0
2021-06-25 14:45:03.768,27820.0
2021-06-25 14:45:03.773,30832.0
2021-06-25 14:45:03.778,35822.0
2021-06-25 14:45:03.783,36346.0
2021-06-25 14:45:03.788,33814.0
2021-06-25 14:45:03.793,34594.0
2021-06-25 14:45:03.798,35812.0
2021-06-25 14:45:03.803,34722.0
2021-06-25 14:45:03.808,35504.0
2021-06-25 14:45:03.813,36508.0
2021-06-25 14:45:03.818,33774.0
2021-06-25 14:45:03.823,35528.0
2021-06-25 14:45:03.828,30954.0
2021-06-25 14:45:03.833,29548.0
2021-06-25 14:45:03.838,30130.0
2021-06-25 14:45:03.843,28008.0
2021-06-25 14:45:03.848,29550.0
2021-06-25 14:45:03.853,33146.0
2021-06-25 14:45:03.858,26782.0
2021-06-25 14:45:03.863,29810.0
2021-06-25 14:45:03.868,28814.0
2021-06-25 14:45:03.873,30062.0
2021-06-25 14:45:03.878,27066.0
2021-06-25 14:45:03.883,29404.0
2021-06-25 14:45:03.888,33692.0
2021-06-25 14:45:03.893,34326.0
2021-06-25 14:45:03.898,32376.0
2021-06-25 14:45:03.903,34086.0
2021-06-25 14:45:03.908,34128.0
2021-06-25 14:45:03.913,35072.0
2021-06-25 14:45:03.918,34128.0
2021-06-25 14:45:03.923,35416.0
2021-06-25 14:45:03.928,33080.0
2021-06-25 14:45:03.933,32568.0
2021-06-25 14:45:03.938,32966.0
2021-06-25 14:45:03.943,27722.0
2021-06-25 14:45:03.948,28656.0
2021-06-25 14:45:03.953,30772.0
2021-06-25 14:45:03.958,27336.0
2021-06-25 14:45:03.963,33034.0
2021-06-25 14:45:03.968,29222.0
2021-06-25 14:45:03.973,30574.0
2021-06-25 14:45:03.978,27778.0
2021-06-25 14:45:03.983,29558.0
2021-06-25 14:45:03.988,27152.0
2021-06-25 14:45:03.993,29278.0
2021-06-25 14:45:03.998,32958.0
2021-06-25 14:45:04.003,34846.0
2021-06-25 14:45:04.008,32978.0
2021-06-25 14:45:04.013,36612.0
2021-06-25 14:45:04.018,34282.0
2021-06-25 14:45:04.023,34970.0
2021-06-25 14:45:04.028,34794.0
2021-06-25 14:45:04.033,30930.0
2021-06-25 14:45:04.039,34036.0
2021-06-25 14:45:04.043,32244.0
2021-06-25 14:45:04.048,33100.0
2021-06-25 14:45:04.053,27374.0
2021-06-25 14:45:04.058,28852.0
2021-06-25 14:45:04.063,29548.0
2021-06-25 14:45:04.068,27192.0
2021-06-25 14:45:04.073,31098.0
2021-06-25 14:45:04.078,27634.0
2021-06-25 14:45:04.083,28568.0
2021-06-25 14:45:04.088,29164.0
2021-06-25 14:45:04.093,27686.0
2021-06-25 14:45:04.098,29494.0
2021-06-25 14:45:04.103,33286.0
2021-06-25 14:45:04.108,35678.0
2021-06-25 14:45:04.113,35488.0
2021-06-25 14:45:04.118,36438.0
2021-06-25 14:45:04.124,34270.0
2021-06-25 14:45:04.128,36324.0
2021-06-25 14:45:04.133,35138.0
2021-06-25 14:45:04.138,35020.0
2021-06-25 14:45:04.143,34924.0
2021-06-25 14:45:04.148,35838.0
2021-06-25 14:45:04.153,33356.0
2021-06-25 14:45:04.158,28380.0
2021-06-25 14:45:04.163,29882.0
2021-06-25 14:45:04.168,29174.0
2021-06-25 14:45:04.173,30990.0
2021-06-25 14:45:04.178,30964.0
2021-06-25 14:45:04.183,30002.0
2021-06-25 14:45:04.188,30792.0
2021-06-25 14:45:04.193,29332.0
2021-06-25 14:45:04.198,28590.0
2021-06-25 14:45:04.203,28826.0
2021-06-25 14:45:04.209,29990.0
2021-06-25 14:45:04.213,34912.0
2021-06-25 14:45:04.218,34444.0
2021-06-25 14:45:04.223,35384.0
2021-06-25 14:45:04.228,37536.0
2021-06-25 14:45:04.233,34302.0
2021-06-25 14:45:04.238,34634.0
2021-06-25 14:45:04.243,35658.0
2021-06-25 14:45:04.248,36220.0
2021-06-25 14:45:04.253,36402.0
2021-06-25 14:45:04.258,35258.0
2021-06-25 14:45:04.263,35912.0
2021-06-25 14:45:04.268,28516.0
2021-06-25 14:45:04.273,28810.0
2021-06-25 14:45:04.278,31186.0
2021-06-25 14:45:04.283,31308.0
2021-06-25 14:45:04.288,29354.0
2021-06-25 14:45:04.293,28754.0
2021-06-25 14:45:04.298,34158.0
2021-06-25 14:45:04.303,31062.0
2021-06-25 14:45:04.308,28220.0
2021-06-25 14:45:04.313,30058.0
2021-06-25 14:45:04.318,28770.0
2021-06-25 14:45:04.323,32408.0
2021-06-25 14:45:04.328,34784.0
2021-06-25 14:45:04.333,36684.0
2021-06-25 14:45:04.338,34850.0
2021-06-25 14:45:04.343,34236.0
2021-06-25 14:45:04.348,34660.0
2021-06-25 14:45:04.353,35632.0
2021-06-25 14:45:04.358,36760.0
2021-06-25 14:45:04.363,36236.0
2021-06-25 14:45:04.368,37192.0
2021-06-25 14:45:04.373,37530.0
2021-06-25 14:45:04.378,31380.0
2021-06-25 14:45:04.383,29924.0
2021-06-25 14:45:04.388,28906.0
2021-06-25 14:45:04.393,31690.0
2021-06-25 14:45:04.398,30540.0
2021-06-25 14:45:04.403,33166.0
2021-06-25 14:45:04.408,30746.0
2021-06-25 14:45:04.413,28994.0
2021-06-25 14:45:04.418,29800.0
2021-06-25 14:45:04.423,31146.0
2021-06-25 14:45:04.428,30220.0
2021-06-25 14:45:04.433,35800.0
2021-06-25 14:45:04.438,34656.0
2021-06-25 14:45:04.443,33882.0
2021-06-25 14:45:04.448,34072.0
2021-06-25 14:45:04.453,35350.0
2021-06-25 14:45:04.458,34456.0
2021-06-25 14:45:04.463,34054.0
2021-06-25 14:45:04.468,33798.0
2021-06-25 14:45:04.473,35344.0
2021-06-25 14:45:04.478,36960.0
2021-06-25 14:45:04.483,29540.0
2021-06-25 14:45:04.488,33382.0
2021-06-25 14:45:04.493,34706.0
2021-06-25 14:45:04.498,29846.0
2021-06-25 14:45:04.503,30704.0
2021-06-25 14:45:04.508,32766.0
2021-06-25 14:45:04.513,28322.0
2021-06-25 14:45:04.518,32300.0
2021-06-25 14:45:04.523,33338.0
2021-06-25 14:45:04.528,31710.0
2021-06-25 14:45:04.533,29610.0
2021-06-25 14:45:04.538,30032.0
2021-06-25 14:45:04.543,30144.0
2021-06-25 14:45:04.548,28460.0
2021-06-25 14:45:04.553,35928.0
2021-06-25 14:45:04.558,35734.0
2021-06-25 14:45:04.563,35666.0
2021-06-25 14:45:04.568,34836.0
2021-06-25 14:45:04.573,35466.0
2021-06-25 14:45:04.578,36528.0
2021-06-25 14:45:04.583,33316.0
2021-06-25 14:45:04.588,35032.0
2021-06-25 14:45:04.593,36238.0
2021-06-25 14:45:04.598,36360.0
2021-06-25 14:45:04.603,30346.0
2021-06-25 14:45:04.608,28372.0
2021-06-25 14:45:04.613,28486.0
2021-06-25 14:45:04.618,29816.0
2021-06-25 14:45:04.623,29174.0
2021-06-25 14:45:04.628,31598.0
2021-06-25 14:45:04.633,30010.0
2021-06-25 14:45:04.638,30574.0
2021-06-25 14:45:04.643,29600.0
2021-06-25 14:45:04.648,27726.0
2021-06-25 14:45:04.653,28794.0
2021-06-25 14:45:04.658,34528.0
2021-06-25 14:45:04.663,34538.0
2021-06-25 14:45:04.668,34968.0
2021-06-25 14:45:04.673,34692.0
2021-06-25 14:45:04.679,35170.0
2021-06-25 14:45:04.683,34558.0
2021-06-25 14:45:04.688,33676.0
2021-06-25 14:45:04.693,33666.0
2021-06-25 14:45:04.698,34646.0
2021-06-25 14:45:04.703,33420.0
2021-06-25 14:45:04.708,35884.0
2021-06-25 14:45:04.713,35178.0
2021-06-25 14:45:04.718,29076.0
2021-06-25 14:45:04.723,30036.0
2021-06-25 14:45:04.728,31670.0
2021-06-25 14:45:04.733,30898.0
2021-06-25 14:45:04.738,31150.0
2021-06-25 14:45:04.743,29764.0
2021-06-25 14:45:04.748,30130.0
2021-06-25 14:45:04.753,27860.0
2021-06-25 14:45:04.758,30580.0
2021-06-25 14:45:04.764,29148.0
2021-06-25 14:45:04.768,29406.0
2021-06-25 14:45:04.773,36324.0
2021-06-25 14:45:04.778,34580.0
2021-06-25 14:45:04.783,36206.0
2021-06-25 14:45:04.788,34470.0
2021-06-25 14:45:04.793,36030.0
2021-06-25 14:45:04.798,35114.0
2021-06-25 14:45:04.803,36032.0
2021-06-25 14:45:04.808,35786.0
2021-06-25 14:45:04.813,34656.0
2021-06-25 14:45:04.818,37208.0
2021-06-25 14:45:04.823,36626.0
2021-06-25 14:45:04.828,35770.0
2021-06-25 14:45:04.833,35794.0
2021-06-25 14:45:04.838,33070.0
2021-06-25 14:45:04.843,29124.0
2021-06-25 14:45:04.849,29150.0
2021-06-25 14:45:04.853,28508.0
2021-06-25 14:45:04.858,29230.0
2021-06-25 14:45:04.863,29584.0
2021-06-25 14:45:04.868,33588.0
2021-06-25 14:45:04.873,28008.0
2021-06-25 14:45:04.878,30560.0
2021-06-25 14:45:04.883,29668.0
2021-06-25 14:45:04.888,29472.0
2021-06-25 14:45:04.893,29920.0
2021-06-25 14:45:04.898,27892.0
2021-06-25 14:45:04.903,34358.0
2021-06-25 14:45:04.908,33598.0
2021-06-25 14:45:04.913,33824.0
2021-06-25 14:45:04.918,34738.0
2021-06-25 14:45:04.923,35006.0
2021-06-25 14:45:04.928,33782.0
2021-06-25 14:45:04.933,34604.0
2021-06-25 14:45:04.938,34538.0
2021-06-25 14:45:04.943,33762.0
2021-06-25 14:45:04.948,34164.0
2021-06-25 14:45:04.953,34414.0
2021-06-25 14:45:04.958,36180.0
2021-06-25 14:45:04.963,35924.0
2021-06-25 14:45:04.968,36042.0
2021-06-25 14:45:04.973,34466.0
2021-06-25 14:45:04.978,37952.0
2021-06-25 14:45:04.983,33090.0
2021-06-25 14:45:04.988,29168.0
2021-06-25 14:45:04.993,29804.0
2021-06-25 14:45:04.998,30668.0
2021-06-25 14:45:05.003,28906.0
2021-06-25 14:45:05.008,30582.0
2021-06-25 14:45:05.013,30010.0
2021-06-25 14:45:05.018,31396.0
2021-06-25 14:45:05.023,29082.0
2021-06-25 14:45:05.028,30192.0
2021-06-25 14:45:05.033,28994.0
2021-06-25 14:45:05.038,29940.0
2021-06-25 14:45:05.043,28050.0
2021-06-25 14:45:05.048,35154.0
2021-06-25 14:45:05.053,35544.0
2021-06-25 14:45:05.058,35016.0
2021-06-25 14:45:05.063,33972.0
2021-06-25 14:45:05.068,35104.0
2021-06-25 14:45:05.073,35440.0
2021-06-25 14:45:05.078,34598.0
2021-06-25 14:45:05.083,34440.0
2021-06-25 14:45:05.088,33008.0
2021-06-25 14:45:05.093,34584.0
2021-06-25 14:45:05.098,35486.0
2021-06-25 14:45:05.103,34328.0
2021-06-25 14:45:05.108,33666.0
2021-06-25 14:45:05.113,34180.0
2021-06-25 14:45:05.118,35432.0
2021-06-25 14:45:05.123,27752.0
2021-06-25 14:45:05.128,29858.0
2021-06-25 14:45:05.133,29822.0
2021-06-25 14:45:05.138,30878.0
2021-06-25 14:45:05.143,26968.0
2021-06-25 14:45:05.148,28100.0
2021-06-25 14:45:05.153,33664.0
2021-06-25 14:45:05.158,30510.0
2021-06-25 14:45:05.163,27968.0
2021-06-25 14:45:05.168,30072.0
2021-06-25 14:45:05.173,28706.0
2021-06-25 14:45:05.178,31720.0
2021-06-25 14:45:05.183,32572.0
2021-06-25 14:45:05.188,34106.0
2021-06-25 14:45:05.193,34554.0
2021-06-25 14:45:05.198,34020.0
2021-06-25 14:45:05.203,34308.0
2021-06-25 14:45:05.208,33994.0
2021-06-25 14:45:05.213,34954.0
2021-06-25 14:45:05.218,35104.0
2021-06-25 14:45:05.223,35354.0
2021-06-25 14:45:05.228,35830.0
2021-06-25 14:45:05.233,36530.0
2021-06-25 14:45:05.238,35462.0
2021-06-25 14:45:05.243,33316.0
2021-06-25 14:45:05.248,35338.0
2021-06-25 14:45:05.253,34482.0
2021-06-25 14:45:05.258,35878.0
2021-06-25 14:45:05.263,34172.0
2021-06-25 14:45:05.268,29492.0
2021-06-25 14:45:05.273,29570.0
2021-06-25 14:45:05.278,30104.0
2021-06-25 14:45:05.283,32316.0
2021-06-25 14:45:05.288,28158.0
2021-06-25 14:45:05.293,30760.0
2021-06-25 14:45:05.298,29102.0
2021-06-25 14:45:05.303,27608.0
2021-06-25 14:45:05.308,29750.0
2021-06-25 14:45:05.313,27588.0
2021-06-25 14:45:05.319,29630.0
2021-06-25 14:45:05.323,30734.0
2021-06-25 14:45:05.328,35394.0
2021-06-25 14:45:05.333,36364.0
2021-06-25 14:45:05.338,35252.0
2021-06-25 14:45:05.343,33800.0
2021-06-25 14:45:05.348,33784.0
2021-06-25 14:45:05.353,35314.0
2021-06-25 14:45:05.358,33902.0
2021-06-25 14:45:05.363,34054.0
2021-06-25 14:45:05.368,33398.0
2021-06-25 14:45:05.373,34650.0
2021-06-25 14:45:05.378,36002.0
2021-06-25 14:45:05.383,33948.0
2021-06-25 14:45:05.388,34430.0
2021-06-25 14:45:05.393,32638.0
2021-06-25 14:45:05.398,34774.0
2021-06-25 14:45:05.404,29216.0
2021-06-25 14:45:05.408,29652.0
2021-06-25 14:45:05.413,29068.0
2021-06-25 14:45:05.418,29350.0
2021-06-25 14:45:05.423,31008.0
2021-06-25 14:45:05.428,32014.0
2021-06-25 14:45:05.433,28334.0
2021-06-25 14:45:05.438,28178.0
2021-06-25 14:45:05.443,29410.0
2021-06-25 14:45:05.448,30574.0
2021-06-25 14:45:05.453,28570.0
2021-06-25 14:45:05.458,28616.0
2021-06-25 14:45:05.463,35740.0
2021-06-25 14:45:05.468,35232.0
2021-06-25 14:45:05.473,36334.0
2021-06-25 14:45:05.478,35902.0
2021-06-25 14:45:05.483,33192.0
2021-06-25 14:45:05.489,30894.0
2021-06-25 14:45:05.493,32244.0
2021-06-25 14:45:05.498,34856.0
2021-06-25 14:45:05.503,35630.0
2021-06-25 14:45:05.508,35892.0
2021-06-25 14:45:05.513,34708.0
2021-06-25 14:45:05.518,35956.0
2021-06-25 14:45:05.523,33692.0
2021-06-25 14:45:05.528,34004.0
2021-06-25 14:45:05.533,33870.0
2021-06-25 14:45:05.538,28660.0
2021-06-25 14:45:05.543,29632.0
2021-06-25 14:45:05.548,29492.0
2021-06-25 14:45:05.553,28506.0
2021-06-25 14:45:05.558,30920.0
2021-06-25 14:45:05.563,28172.0
2021-06-25 14:45:05.568,32736.0
2021-06-25 14:45:05.573,29060.0
2021-06-25 14:45:05.578,27336.0
2021-06-25 14:45:05.583,28862.0
2021-06-25 14:45:05.588,29180.0
2021-06-25 14:45:05.593,28162.0
2021-06-25 14:45:05.598,29380.0
2021-06-25 14:45:05.603,35412.0
2021-06-25 14:45:05.608,35292.0
2021-06-25 14:45:05.613,35564.0
2021-06-25 14:45:05.618,36202.0
2021-06-25 14:45:05.623,35324.0
2021-06-25 14:45:05.628,35370.0
2021-06-25 14:45:05.633,33358.0
2021-06-25 14:45:05.638,28476.0
2021-06-25 14:45:05.643,31778.0
2021-06-25 14:45:05.648,35062.0
2021-06-25 14:45:05.653,34286.0
2021-06-25 14:45:05.658,34914.0
2021-06-25 14:45:05.663,32612.0
2021-06-25 14:45:05.668,35262.0
2021-06-25 14:45:05.673,35014.0
2021-06-25 14:45:05.678,29266.0
2021-06-25 14:45:05.683,29596.0
2021-06-25 14:45:05.688,27772.0
2021-06-25 14:45:05.693,30294.0
2021-06-25 14:45:05.698,27230.0
2021-06-25 14:45:05.703,27382.0
2021-06-25 14:45:05.708,29816.0
2021-06-25 14:45:05.713,29482.0
2021-06-25 14:45:05.718,27428.0
2021-06-25 14:45:05.723,30272.0
2021-06-25 14:45:05.728,29400.0
2021-06-25 14:45:05.733,28790.0
2021-06-25 14:45:05.738,27352.0
2021-06-25 14:45:05.743,31126.0
2021-06-25 14:45:05.748,34272.0
2021-06-25 14:45:05.753,32490.0
2021-06-25 14:45:05.758,33854.0
2021-06-25 14:45:05.763,32726.0
2021-06-25 14:45:05.768,35046.0
2021-06-25 14:45:05.773,35364.0
2021-06-25 14:45:05.778,34718.0
2021-06-25 14:45:05.783,34306.0
2021-06-25 14:45:05.797,35216.0
2021-06-25 14:45:05.799,33122.0
2021-06-25 14:45:05.800,34414.0
2021-06-25 14:45:05.803,35312.0
2021-06-25 14:45:05.808,35658.0
2021-06-25 14:45:05.813,35416.0
2021-06-25 14:45:05.818,35744.0
2021-06-25 14:45:05.823,30544.0
2021-06-25 14:45:05.828,29050.0
2021-06-25 14:45:05.833,30284.0
2021-06-25 14:45:05.838,29846.0
2021-06-25 14:45:05.843,27474.0
2021-06-25 14:45:05.848,27398.0
2021-06-25 14:45:05.853,33628.0
2021-06-25 14:45:05.858,28960.0
2021-06-25 14:45:05.863,27384.0
2021-06-25 14:45:05.868,28154.0
2021-06-25 14:45:05.873,28984.0
2021-06-25 14:45:05.878,29164.0
2021-06-25 14:45:05.883,32618.0
2021-06-25 14:45:05.888,31844.0
2021-06-25 14:45:05.893,34824.0
2021-06-25 14:45:05.898,34426.0
2021-06-25 14:45:05.903,34204.0
2021-06-25 14:45:05.908,33244.0
2021-06-25 14:45:05.913,33480.0
2021-06-25 14:45:05.918,32250.0
2021-06-25 14:45:05.923,34362.0
2021-06-25 14:45:05.928,35168.0
2021-06-25 14:45:05.933,33856.0
2021-06-25 14:45:05.938,34968.0
2021-06-25 14:45:05.943,33718.0
2021-06-25 14:45:05.948,32802.0
2021-06-25 14:45:05.953,34480.0
2021-06-25 14:45:05.959,34964.0
2021-06-25 14:45:05.963,34498.0
2021-06-25 14:45:05.968,27972.0
2021-06-25 14:45:05.973,29928.0
2021-06-25 14:45:05.978,29334.0
2021-06-25 14:45:05.983,31762.0
2021-06-25 14:45:05.988,28810.0
2021-06-25 14:45:05.993,29514.0
2021-06-25 14:45:05.998,30574.0
2021-06-25 14:45:06.003,27430.0
2021-06-25 14:45:06.008,27496.0
2021-06-25 14:45:06.013,29196.0
2021-06-25 14:45:06.018,27348.0
2021-06-25 14:45:06.023,30570.0
2021-06-25 14:45:06.028,35184.0
2021-06-25 14:45:06.033,35934.0
2021-06-25 14:45:06.038,34984.0
2021-06-25 14:45:06.044,34866.0
2021-06-25 14:45:06.048,33584.0
2021-06-25 14:45:06.053,33322.0
2021-06-25 14:45:06.058,33106.0
2021-06-25 14:45:06.063,34198.0
2021-06-25 14:45:06.068,33800.0
2021-06-25 14:45:06.073,34564.0
2021-06-25 14:45:06.078,35272.0
2021-06-25 14:45:06.083,35296.0
2021-06-25 14:45:06.090,30000.0
2021-06-25 14:45:06.093,32336.0
2021-06-25 14:45:06.098,34666.0
2021-06-25 14:45:06.103,32988.0
2021-06-25 14:45:06.108,27174.0
2021-06-25 14:45:06.113,29210.0
2021-06-25 14:45:06.118,30112.0
2021-06-25 14:45:06.123,28912.0
2021-06-25 14:45:06.129,30986.0
2021-06-25 14:45:06.133,34198.0
2021-06-25 14:45:06.138,27106.0
2021-06-25 14:45:06.143,27254.0
2021-06-25 14:45:06.148,27178.0
2021-06-25 14:45:06.153,29422.0
2021-06-25 14:45:06.158,26628.0
2021-06-25 14:45:06.163,33936.0
2021-06-25 14:45:06.168,34524.0
2021-06-25 14:45:06.173,34334.0
2021-06-25 14:45:06.178,35006.0
2021-06-25 14:45:06.183,35210.0
2021-06-25 14:45:06.188,34620.0
2021-06-25 14:45:06.193,34958.0
2021-06-25 14:45:06.198,35648.0
2021-06-25 14:45:06.203,34172.0
2021-06-25 14:45:06.208,34004.0
2021-06-25 14:45:06.213,34480.0
2021-06-25 14:45:06.218,34696.0
2021-06-25 14:45:06.223,34534.0
2021-06-25 14:45:06.228,33836.0
2021-06-25 14:45:06.233,33250.0
2021-06-25 14:45:06.238,35512.0
2021-06-25 14:45:06.243,29534.0
2021-06-25 14:45:06.248,28554.0
2021-06-25 14:45:06.253,27446.0
2021-06-25 14:45:06.258,29386.0
2021-06-25 14:45:06.263,28144.0
2021-06-25 14:45:06.268,27542.0
2021-06-25 14:45:06.273,27038.0
2021-06-25 14:45:06.278,27556.0
2021-06-25 14:45:06.283,29944.0
2021-06-25 14:45:06.288,26818.0
2021-06-25 14:45:06.293,27522.0
2021-06-25 14:45:06.298,26748.0
2021-06-25 14:45:06.303,34944.0
2021-06-25 14:45:06.308,34898.0
2021-06-25 14:45:06.313,35226.0
2021-06-25 14:45:06.318,33784.0
2021-06-25 14:45:06.323,34800.0
2021-06-25 14:45:06.328,34470.0
2021-06-25 14:45:06.333,36412.0
2021-06-25 14:45:06.338,33246.0
2021-06-25 14:45:06.343,34008.0
2021-06-25 14:45:06.348,33936.0
2021-06-25 14:45:06.353,33860.0
2021-06-25 14:45:06.358,34502.0
2021-06-25 14:45:06.363,35630.0
2021-06-25 14:45:06.368,34076.0
2021-06-25 14:45:06.373,26956.0
2021-06-25 14:45:06.378,28154.0
2021-06-25 14:45:06.383,30524.0
2021-06-25 14:45:06.388,30832.0
2021-06-25 14:45:06.393,29068.0
2021-06-25 14:45:06.398,29024.0
2021-06-25 14:45:06.403,31598.0
2021-06-25 14:45:06.408,29004.0
2021-06-25 14:45:06.413,28836.0
2021-06-25 14:45:06.418,30148.0
2021-06-25 14:45:06.423,29222.0
2021-06-25 14:45:06.428,30210.0
2021-06-25 14:45:06.433,33434.0
2021-06-25 14:45:06.438,34896.0
2021-06-25 14:45:06.443,33604.0
2021-06-25 14:45:06.448,32776.0
2021-06-25 14:45:06.453,34600.0
2021-06-25 14:45:06.458,33174.0
2021-06-25 14:45:06.463,35168.0
2021-06-25 14:45:06.468,34082.0
2021-06-25 14:45:06.473,33748.0
2021-06-25 14:45:06.478,31506.0
2021-06-25 14:45:06.483,35494.0
2021-06-25 14:45:06.488,33788.0
2021-06-25 14:45:06.493,32772.0
2021-06-25 14:45:06.498,31044.0
2021-06-25 14:45:06.503,33410.0
2021-06-25 14:45:06.508,35882.0
2021-06-25 14:45:06.513,29344.0
2021-06-25 14:45:06.518,29472.0
2021-06-25 14:45:06.523,30166.0
2021-06-25 14:45:06.528,29786.0
2021-06-25 14:45:06.533,29894.0
2021-06-25 14:45:06.538,29832.0
2021-06-25 14:45:06.543,30638.0
2021-06-25 14:45:06.548,29200.0
2021-06-25 14:45:06.553,28388.0
2021-06-25 14:45:06.558,27332.0
2021-06-25 14:45:06.563,29220.0
2021-06-25 14:45:06.568,29846.0
2021-06-25 14:45:06.573,28642.0
2021-06-25 14:45:06.578,31340.0
2021-06-25 14:45:06.583,36402.0
2021-06-25 14:45:06.588,37644.0
2021-06-25 14:45:06.593,34708.0
2021-06-25 14:45:06.599,34754.0
2021-06-25 14:45:06.603,35314.0
2021-06-25 14:45:06.608,36950.0
2021-06-25 14:45:06.613,33866.0
2021-06-25 14:45:06.618,34908.0
2021-06-25 14:45:06.623,34004.0
2021-06-25 14:45:06.628,31684.0
2021-06-25 14:45:06.633,34204.0
2021-06-25 14:45:06.638,34118.0
2021-06-25 14:45:06.643,33892.0
2021-06-25 14:45:06.648,34142.0
2021-06-25 14:45:06.653,33896.0
2021-06-25 14:45:06.658,29682.0
2021-06-25 14:45:06.663,28872.0
2021-06-25 14:45:06.668,30046.0
2021-06-25 14:45:06.673,27692.0
2021-06-25 14:45:06.678,32864.0
2021-06-25 14:45:06.684,29842.0
2021-06-25 14:45:06.688,26818.0
2021-06-25 14:45:06.693,27106.0
2021-06-25 14:45:06.698,26870.0
2021-06-25 14:45:06.703,29024.0
2021-06-25 14:45:06.708,28102.0
2021-06-25 14:45:06.713,34282.0
2021-06-25 14:45:06.718,36006.0
2021-06-25 14:45:06.723,35524.0
2021-06-25 14:45:06.728,34990.0
2021-06-25 14:45:06.733,35868.0
2021-06-25 14:45:06.738,33502.0
2021-06-25 14:45:06.743,32386.0
2021-06-25 14:45:06.748,34072.0
2021-06-25 14:45:06.753,33854.0
2021-06-25 14:45:06.758,35076.0
2021-06-25 14:45:06.763,34928.0
2021-06-25 14:45:06.769,34634.0
2021-06-25 14:45:06.773,35648.0
2021-06-25 14:45:06.778,34902.0
2021-06-25 14:45:06.783,35312.0
2021-06-25 14:45:06.788,29296.0
2021-06-25 14:45:06.793,28518.0
2021-06-25 14:45:06.798,29430.0
2021-06-25 14:45:06.803,29584.0
2021-06-25 14:45:06.808,29934.0
2021-06-25 14:45:06.813,28532.0
2021-06-25 14:45:06.818,32794.0
2021-06-25 14:45:06.823,27634.0
2021-06-25 14:45:06.828,30258.0
2021-06-25 14:45:06.833,30200.0
2021-06-25 14:45:06.838,28876.0
2021-06-25 14:45:06.843,29458.0
2021-06-25 14:45:06.848,30068.0
2021-06-25 14:45:06.853,32748.0
2021-06-25 14:45:06.858,32474.0
2021-06-25 14:45:06.863,33790.0
2021-06-25 14:45:06.868,32310.0
2021-06-25 14:45:06.873,33876.0
2021-06-25 14:45:06.878,35466.0
2021-06-25 14:45:06.883,34154.0
2021-06-25 14:45:06.888,32982.0
2021-06-25 14:45:06.893,31064.0
2021-06-25 14:45:06.898,32064.0
2021-06-25 14:45:06.903,33912.0
2021-06-25 14:45:06.908,34568.0
2021-06-25 14:45:06.913,34190.0
2021-06-25 14:45:06.918,35658.0
2021-06-25 14:45:06.923,34928.0
2021-06-25 14:45:06.928,30304.0
2021-06-25 14:45:06.933,29912.0
2021-06-25 14:45:06.938,28616.0
2021-06-25 14:45:06.943,28968.0
2021-06-25 14:45:06.948,27936.0
2021-06-25 14:45:06.953,29866.0
2021-06-25 14:45:06.958,28604.0
2021-06-25 14:45:06.963,33572.0
2021-06-25 14:45:06.968,28472.0
2021-06-25 14:45:06.973,29446.0
2021-06-25 14:45:06.978,27998.0
2021-06-25 14:45:06.983,28872.0
2021-06-25 14:45:06.988,29586.0
2021-06-25 14:45:06.993,29456.0
2021-06-25 14:45:06.998,32844.0
2021-06-25 14:45:07.003,32886.0
2021-06-25 14:45:07.008,33794.0
2021-06-25 14:45:07.013,33636.0
2021-06-25 14:45:07.018,35784.0
2021-06-25 14:45:07.023,34240.0
2021-06-25 14:45:07.028,35462.0
2021-06-25 14:45:07.033,35052.0
2021-06-25 14:45:07.038,35590.0
2021-06-25 14:45:07.043,33306.0
2021-06-25 14:45:07.048,33394.0
2021-06-25 14:45:07.053,33666.0
2021-06-25 14:45:07.058,34062.0
2021-06-25 14:45:07.063,34456.0
2021-06-25 14:45:07.068,35114.0
2021-06-25 14:45:07.073,34862.0
2021-06-25 14:45:07.078,31280.0
2021-06-25 14:45:07.083,28898.0
2021-06-25 14:45:07.088,30266.0
2021-06-25 14:45:07.093,29462.0
2021-06-25 14:45:07.098,28958.0
2021-06-25 14:45:07.103,32900.0
2021-06-25 14:45:07.108,26900.0
2021-06-25 14:45:07.113,26922.0
2021-06-25 14:45:07.118,30684.0
2021-06-25 14:45:07.123,30376.0
2021-06-25 14:45:07.128,27640.0
2021-06-25 14:45:07.133,28846.0
2021-06-25 14:45:07.138,33804.0
2021-06-25 14:45:07.143,33194.0
2021-06-25 14:45:07.148,33454.0
2021-06-25 14:45:07.153,33502.0
2021-06-25 14:45:07.158,34198.0
2021-06-25 14:45:07.163,33568.0
2021-06-25 14:45:07.168,34610.0
2021-06-25 14:45:07.173,34616.0
2021-06-25 14:45:07.178,36396.0
2021-06-25 14:45:07.183,35862.0
2021-06-25 14:45:07.188,34732.0
2021-06-25 14:45:07.193,35432.0
2021-06-25 14:45:07.198,36910.0
2021-06-25 14:45:07.203,38376.0
2021-06-25 14:45:07.208,37530.0
2021-06-25 14:45:07.213,40244.0
2021-06-25 14:45:07.218,38506.0
2021-06-25 14:45:07.223,33214.0
2021-06-25 14:45:07.228,33826.0
2021-06-25 14:45:07.233,35076.0
2021-06-25 14:45:07.239,36474.0
2021-06-25 14:45:07.243,34532.0
2021-06-25 14:45:07.248,34790.0
2021-06-25 14:45:07.253,33706.0
2021-06-25 14:45:07.258,36026.0
2021-06-25 14:45:07.263,34722.0
2021-06-25 14:45:07.268,33584.0
2021-06-25 14:45:07.273,35512.0
2021-06-25 14:45:07.278,34588.0
2021-06-25 14:45:07.283,36754.0
2021-06-25 14:45:07.288,40496.0
2021-06-25 14:45:07.293,40698.0
2021-06-25 14:45:07.298,39590.0
2021-06-25 14:45:07.303,36980.0
2021-06-25 14:45:07.308,40642.0
2021-06-25 14:45:07.313,38956.0
2021-06-25 14:45:07.318,40950.0
2021-06-25 14:45:07.324,39978.0
2021-06-25 14:45:07.328,41712.0
2021-06-25 14:45:07.333,40272.0
2021-06-25 14:45:07.338,40692.0
2021-06-25 14:45:07.343,38840.0
2021-06-25 14:45:07.348,35912.0
2021-06-25 14:45:07.353,38310.0
2021-06-25 14:45:07.358,39374.0
2021-06-25 14:45:07.363,39092.0
2021-06-25 14:45:07.368,31834.0
2021-06-25 14:45:07.373,31860.0
2021-06-25 14:45:07.378,33172.0
2021-06-25 14:45:07.383,33640.0
2021-06-25 14:45:07.388,34588.0
2021-06-25 14:45:07.393,37942.0
2021-06-25 14:45:07.398,34800.0
2021-06-25 14:45:07.403,33310.0
2021-06-25 14:45:07.409,33978.0
2021-06-25 14:45:07.413,33428.0
2021-06-25 14:45:07.418,31786.0
2021-06-25 14:45:07.423,32848.0
2021-06-25 14:45:07.428,39392.0
2021-06-25 14:45:07.433,37642.0
2021-06-25 14:45:07.438,39410.0
2021-06-25 14:45:07.443,38856.0
2021-06-25 14:45:07.448,36360.0
2021-06-25 14:45:07.453,37032.0
2021-06-25 14:45:07.458,36302.0
2021-06-25 14:45:07.463,35220.0
2021-06-25 14:45:07.468,38506.0
2021-06-25 14:45:07.473,37802.0
2021-06-25 14:45:07.478,37094.0
2021-06-25 14:45:07.483,36908.0
2021-06-25 14:45:07.488,38946.0
2021-06-25 14:45:07.493,38064.0
2021-06-25 14:45:07.498,37860.0
2021-06-25 14:45:07.503,30012.0
2021-06-25 14:45:07.508,30266.0
2021-06-25 14:45:07.513,33568.0
2021-06-25 14:45:07.518,31484.0
2021-06-25 14:45:07.523,34144.0
2021-06-25 14:45:07.528,35866.0
2021-06-25 14:45:07.533,34368.0
2021-06-25 14:45:07.538,31674.0
2021-06-25 14:45:07.543,30914.0
2021-06-25 14:45:07.548,30970.0
2021-06-25 14:45:07.553,32422.0
2021-06-25 14:45:07.558,29560.0
2021-06-25 14:45:07.563,35986.0
2021-06-25 14:45:07.568,35406.0
2021-06-25 14:45:07.573,36226.0
2021-06-25 14:45:07.578,37360.0
2021-06-25 14:45:07.583,36554.0
2021-06-25 14:45:07.588,36954.0
2021-06-25 14:45:07.593,36216.0
2021-06-25 14:45:07.598,38500.0
2021-06-25 14:45:07.603,38142.0
2021-06-25 14:45:07.608,37180.0
2021-06-25 14:45:07.613,37602.0
2021-06-25 14:45:07.618,38028.0
2021-06-25 14:45:07.623,37270.0
2021-06-25 14:45:07.628,37248.0
2021-06-25 14:45:07.633,38346.0
2021-06-25 14:45:07.638,33492.0
2021-06-25 14:45:07.643,31606.0
2021-06-25 14:45:07.648,31978.0
2021-06-25 14:45:07.653,30304.0
2021-06-25 14:45:07.658,30274.0
2021-06-25 14:45:07.663,33496.0
2021-06-25 14:45:07.668,35538.0
2021-06-25 14:45:07.673,31628.0
2021-06-25 14:45:07.678,32012.0
2021-06-25 14:45:07.683,31372.0
2021-06-25 14:45:07.688,31894.0
2021-06-25 14:45:07.693,32096.0
2021-06-25 14:45:07.698,30852.0
2021-06-25 14:45:07.703,37242.0
2021-06-25 14:45:07.708,37606.0
2021-06-25 14:45:07.713,36416.0
2021-06-25 14:45:07.718,37150.0
2021-06-25 14:45:07.723,36990.0
2021-06-25 14:45:07.728,35986.0
2021-06-25 14:45:07.733,37088.0
2021-06-25 14:45:07.738,37812.0
2021-06-25 14:45:07.743,37628.0
2021-06-25 14:45:07.748,34542.0
2021-06-25 14:45:07.753,33808.0
2021-06-25 14:45:07.758,35312.0
2021-06-25 14:45:07.763,35154.0
2021-06-25 14:45:07.768,33752.0
2021-06-25 14:45:07.773,36294.0
2021-06-25 14:45:07.778,34990.0
2021-06-25 14:45:07.783,30212.0
2021-06-25 14:45:07.788,28344.0
2021-06-25 14:45:07.793,27722.0
2021-06-25 14:45:07.798,29816.0
2021-06-25 14:45:07.803,27854.0
2021-06-25 14:45:07.808,33640.0
2021-06-25 14:45:07.813,29324.0
2021-06-25 14:45:07.818,29020.0
2021-06-25 14:45:07.823,28158.0
2021-06-25 14:45:07.828,29620.0
2021-06-25 14:45:07.833,30256.0
2021-06-25 14:45:07.838,29292.0
2021-06-25 14:45:07.843,32340.0
2021-06-25 14:45:07.848,28794.0
2021-06-25 14:45:07.853,30838.0
2021-06-25 14:45:07.858,33732.0
2021-06-25 14:45:07.863,33824.0
2021-06-25 14:45:07.868,35078.0
2021-06-25 14:45:07.873,35694.0
2021-06-25 14:45:07.879,34942.0
2021-06-25 14:45:07.883,35118.0
2021-06-25 14:45:07.888,36118.0
2021-06-25 14:45:07.893,33510.0
2021-06-25 14:45:07.898,29230.0
2021-06-25 14:45:07.903,32936.0
2021-06-25 14:45:07.908,34096.0
2021-06-25 14:45:07.913,35062.0
2021-06-25 14:45:07.918,34942.0
2021-06-25 14:45:07.923,27938.0
2021-06-25 14:45:07.928,31336.0
2021-06-25 14:45:07.933,30074.0
2021-06-25 14:45:07.938,32358.0
2021-06-25 14:45:07.943,28434.0
2021-06-25 14:45:07.948,28908.0
2021-06-25 14:45:07.953,32178.0
2021-06-25 14:45:07.958,27608.0
2021-06-25 14:45:07.964,28246.0
2021-06-25 14:45:07.968,28830.0
2021-06-25 14:45:07.973,30074.0
2021-06-25 14:45:07.978,30370.0
2021-06-25 14:45:07.983,38104.0
2021-06-25 14:45:07.988,39152.0
2021-06-25 14:45:07.993,36904.0
2021-06-25 14:45:07.998,37874.0
2021-06-25 14:45:08.003,35904.0
2021-06-25 14:45:08.008,37634.0
2021-06-25 14:45:08.013,39192.0
2021-06-25 14:45:08.018,40036.0
2021-06-25 14:45:08.023,38546.0
2021-06-25 14:45:08.028,38316.0
2021-06-25 14:45:08.033,40796.0
2021-06-25 14:45:08.038,39280.0
2021-06-25 14:45:08.043,40506.0
2021-06-25 14:45:08.049,39044.0
2021-06-25 14:45:08.053,38756.0
2021-06-25 14:45:08.058,32412.0
2021-06-25 14:45:08.063,33916.0
2021-06-25 14:45:08.068,31074.0
2021-06-25 14:45:08.073,33604.0
2021-06-25 14:45:08.078,33326.0
2021-06-25 14:45:08.083,33234.0
2021-06-25 14:45:08.088,32582.0
2021-06-25 14:45:08.093,34650.0
2021-06-25 14:45:08.098,33312.0
2021-06-25 14:45:08.103,34164.0
2021-06-25 14:45:08.108,30808.0
2021-06-25 14:45:08.113,32556.0
2021-06-25 14:45:08.118,31582.0
2021-06-25 14:45:08.123,39286.0
2021-06-25 14:45:08.128,39096.0
2021-06-25 14:45:08.133,40524.0
2021-06-25 14:45:08.138,38310.0
2021-06-25 14:45:08.143,39238.0
2021-06-25 14:45:08.148,38676.0
2021-06-25 14:45:08.153,34954.0
2021-06-25 14:45:08.158,39250.0
2021-06-25 14:45:08.163,37444.0
2021-06-25 14:45:08.168,37766.0
2021-06-25 14:45:08.173,37592.0
2021-06-25 14:45:08.178,37386.0
2021-06-25 14:45:08.183,38566.0
2021-06-25 14:45:08.188,38008.0
2021-06-25 14:45:08.193,39142.0
2021-06-25 14:45:08.206,32448.0
2021-06-25 14:45:08.208,31288.0
2021-06-25 14:45:08.209,33850.0
2021-06-25 14:45:08.213,31988.0
2021-06-25 14:45:08.218,32156.0
2021-06-25 14:45:08.223,31228.0
2021-06-25 14:45:08.228,32782.0
2021-06-25 14:45:08.233,34502.0
2021-06-25 14:45:08.238,32166.0
2021-06-25 14:45:08.243,31556.0
2021-06-25 14:45:08.248,33188.0
2021-06-25 14:45:08.253,32884.0
2021-06-25 14:45:08.258,35810.0
2021-06-25 14:45:08.263,34918.0
2021-06-25 14:45:08.268,34470.0
2021-06-25 14:45:08.273,38440.0
2021-06-25 14:45:08.278,35812.0
2021-06-25 14:45:08.283,36710.0
2021-06-25 14:45:08.288,37452.0
2021-06-25 14:45:08.293,38856.0
2021-06-25 14:45:08.298,36268.0
2021-06-25 14:45:08.303,36410.0
2021-06-25 14:45:08.308,36464.0
2021-06-25 14:45:08.313,38084.0
2021-06-25 14:45:08.318,36700.0
2021-06-25 14:45:08.323,37838.0
2021-06-25 14:45:08.328,36934.0
2021-06-25 14:45:08.333,37736.0
2021-06-25 14:45:08.338,30546.0
2021-06-25 14:45:08.343,32340.0
2021-06-25 14:45:08.348,32440.0
2021-06-25 14:45:08.353,34656.0
2021-06-25 14:45:08.358,28852.0
2021-06-25 14:45:08.363,30648.0
2021-06-25 14:45:08.368,31080.0
2021-06-25 14:45:08.373,29368.0
2021-06-25 14:45:08.378,31592.0
2021-06-25 14:45:08.383,31560.0
2021-06-25 14:45:08.388,32130.0
2021-06-25 14:45:08.393,30420.0
2021-06-25 14:45:08.398,38270.0
2021-06-25 14:45:08.403,37022.0
2021-06-25 14:45:08.408,38034.0
2021-06-25 14:45:08.413,38264.0
2021-06-25 14:45:08.418,36688.0
2021-06-25 14:45:08.423,37634.0
2021-06-25 14:45:08.428,37326.0
2021-06-25 14:45:08.433,37602.0
2021-06-25 14:45:08.438,38024.0
2021-06-25 14:45:08.443,39096.0
2021-06-25 14:45:08.448,39280.0
2021-06-25 14:45:08.453,36262.0
2021-06-25 14:45:08.458,35878.0
2021-06-25 14:45:08.463,37290.0
2021-06-25 14:45:08.468,37406.0
2021-06-25 14:45:08.473,32994.0
2021-06-25 14:45:08.478,31776.0
2021-06-25 14:45:08.483,30256.0
2021-06-25 14:45:08.488,32824.0
2021-06-25 14:45:08.493,31838.0
2021-06-25 14:45:08.498,32234.0
2021-06-25 14:45:08.503,31608.0
2021-06-25 14:45:08.508,29406.0
2021-06-25 14:45:08.513,31480.0
2021-06-25 14:45:08.519,31786.0
2021-06-25 14:45:08.523,30410.0
2021-06-25 14:45:08.528,31714.0
2021-06-25 14:45:08.533,31252.0
2021-06-25 14:45:08.538,37570.0
2021-06-25 14:45:08.543,38120.0
2021-06-25 14:45:08.548,36950.0
2021-06-25 14:45:08.553,32078.0
2021-06-25 14:45:08.558,36186.0
2021-06-25 14:45:08.563,37638.0
2021-06-25 14:45:08.568,36202.0
2021-06-25 14:45:08.573,36884.0
2021-06-25 14:45:08.578,37494.0
2021-06-25 14:45:08.583,36654.0
2021-06-25 14:45:08.588,36246.0
2021-06-25 14:45:08.593,36494.0
2021-06-25 14:45:08.598,37474.0
2021-06-25 14:45:08.604,37714.0
2021-06-25 14:45:08.608,37304.0
2021-06-25 14:45:08.613,36836.0
2021-06-25 14:45:08.618,37896.0
2021-06-25 14:45:08.623,32634.0
2021-06-25 14:45:08.628,32572.0
2021-06-25 14:45:08.633,31782.0
2021-06-25 14:45:08.638,34070.0
2021-06-25 14:45:08.643,31936.0
2021-06-25 14:45:08.648,38522.0
2021-06-25 14:45:08.653,33024.0
2021-06-25 14:45:08.658,34538.0
2021-06-25 14:45:08.663,30258.0
2021-06-25 14:45:08.668,31428.0
2021-06-25 14:45:08.673,32136.0
2021-06-25 14:45:08.678,33018.0
2021-06-25 14:45:08.683,37788.0
2021-06-25 14:45:08.689,36110.0
2021-06-25 14:45:08.693,36550.0
2021-06-25 14:45:08.698,35892.0
2021-06-25 14:45:08.703,31130.0
2021-06-25 14:45:08.708,33926.0
2021-06-25 14:45:08.713,36058.0
2021-06-25 14:45:08.718,36760.0
2021-06-25 14:45:08.723,37190.0
2021-06-25 14:45:08.728,37520.0
2021-06-25 14:45:08.733,35862.0
2021-06-25 14:45:08.738,34598.0
2021-06-25 14:45:08.743,37896.0
2021-06-25 14:45:08.748,36256.0
2021-06-25 14:45:08.753,36508.0
2021-06-25 14:45:08.758,37432.0
2021-06-25 14:45:08.763,36878.0
2021-06-25 14:45:08.768,37978.0
2021-06-25 14:45:08.773,29996.0
2021-06-25 14:45:08.778,32676.0
2021-06-25 14:45:08.783,31860.0
2021-06-25 14:45:08.788,29990.0
2021-06-25 14:45:08.793,31126.0
2021-06-25 14:45:08.798,34708.0
2021-06-25 14:45:08.803,31750.0
2021-06-25 14:45:08.808,32480.0
2021-06-25 14:45:08.813,31566.0
2021-06-25 14:45:08.818,31392.0
2021-06-25 14:45:08.823,30566.0
2021-06-25 14:45:08.828,31870.0
2021-06-25 14:45:08.833,37668.0
2021-06-25 14:45:08.838,38726.0
2021-06-25 14:45:08.843,37506.0
2021-06-25 14:45:08.848,38032.0
2021-06-25 14:45:08.853,36646.0
2021-06-25 14:45:08.858,36816.0
2021-06-25 14:45:08.863,35494.0
2021-06-25 14:45:08.868,36222.0
2021-06-25 14:45:08.873,37314.0
2021-06-25 14:45:08.878,38058.0
2021-06-25 14:45:08.883,37730.0
2021-06-25 14:45:08.888,32470.0
2021-06-25 14:45:08.893,36252.0
2021-06-25 14:45:08.898,35168.0
2021-06-25 14:45:08.903,31842.0
2021-06-25 14:45:08.908,28682.0
2021-06-25 14:45:08.913,28866.0
2021-06-25 14:45:08.918,30816.0
2021-06-25 14:45:08.923,30518.0
2021-06-25 14:45:08.928,29426.0
2021-06-25 14:45:08.933,34626.0
2021-06-25 14:45:08.938,31490.0
2021-06-25 14:45:08.943,31634.0
2021-06-25 14:45:08.948,32486.0
2021-06-25 14:45:08.953,30396.0
2021-06-25 14:45:08.958,30580.0
2021-06-25 14:45:08.963,30360.0
2021-06-25 14:45:08.968,36222.0
2021-06-25 14:45:08.973,35118.0
2021-06-25 14:45:08.978,37012.0
2021-06-25 14:45:08.983,38008.0
2021-06-25 14:45:08.988,38876.0
2021-06-25 14:45:08.993,37108.0
2021-06-25 14:45:08.998,36302.0
2021-06-25 14:45:09.003,32008.0
2021-06-25 14:45:09.008,35390.0
2021-06-25 14:45:09.013,35774.0
2021-06-25 14:45:09.018,35328.0
2021-06-25 14:45:09.023,35920.0
2021-06-25 14:45:09.028,38150.0
2021-06-25 14:45:09.033,37770.0
2021-06-25 14:45:09.038,36734.0
2021-06-25 14:45:09.043,38542.0
2021-06-25 14:45:09.048,30390.0
2021-06-25 14:45:09.053,31058.0
2021-06-25 14:45:09.058,33836.0
2021-06-25 14:45:09.063,35340.0
2021-06-25 14:45:09.068,34436.0
2021-06-25 14:45:09.073,33860.0
2021-06-25 14:45:09.078,34122.0
2021-06-25 14:45:09.083,31978.0
2021-06-25 14:45:09.088,31190.0
2021-06-25 14:45:09.093,30356.0
2021-06-25 14:45:09.098,31616.0
2021-06-25 14:45:09.103,36710.0
2021-06-25 14:45:09.108,35878.0
2021-06-25 14:45:09.113,37474.0
2021-06-25 14:45:09.118,36914.0
2021-06-25 14:45:09.123,35504.0
2021-06-25 14:45:09.128,36160.0
2021-06-25 14:45:09.133,36468.0
2021-06-25 14:45:09.138,37612.0
2021-06-25 14:45:09.143,37880.0
2021-06-25 14:45:09.148,36452.0
2021-06-25 14:45:09.153,32906.0
2021-06-25 14:45:09.159,36426.0
2021-06-25 14:45:09.163,36468.0
2021-06-25 14:45:09.168,38156.0
2021-06-25 14:45:09.173,37022.0
2021-06-25 14:45:09.178,37490.0
2021-06-25 14:45:09.183,32834.0
2021-06-25 14:45:09.188,31756.0
2021-06-25 14:45:09.193,30854.0
2021-06-25 14:45:09.198,30868.0
2021-06-25 14:45:09.203,31478.0
2021-06-25 14:45:09.208,35498.0
2021-06-25 14:45:09.213,29666.0
2021-06-25 14:45:09.218,32080.0
2021-06-25 14:45:09.223,29902.0
2021-06-25 14:45:09.228,32382.0
2021-06-25 14:45:09.233,30560.0
2021-06-25 14:45:09.238,33608.0
2021-06-25 14:45:09.244,38202.0
2021-06-25 14:45:09.248,39234.0
2021-06-25 14:45:09.253,34960.0
2021-06-25 14:45:09.258,37146.0
2021-06-25 14:45:09.263,38110.0
2021-06-25 14:45:09.268,38694.0
2021-06-25 14:45:09.273,38142.0
2021-06-25 14:45:09.278,38392.0
2021-06-25 14:45:09.283,37120.0
2021-06-25 14:45:09.288,36772.0
2021-06-25 14:45:09.293,38284.0
2021-06-25 14:45:09.298,38068.0
2021-06-25 14:45:09.303,36930.0
2021-06-25 14:45:09.308,38222.0
2021-06-25 14:45:09.313,36226.0
2021-06-25 14:45:09.318,36782.0
2021-06-25 14:45:09.323,29662.0
2021-06-25 14:45:09.329,30704.0
2021-06-25 14:45:09.333,31788.0
2021-06-25 14:45:09.338,34824.0
2021-06-25 14:45:09.343,32558.0
2021-06-25 14:45:09.348,36528.0
2021-06-25 14:45:09.353,31956.0
2021-06-25 14:45:09.358,31166.0
2021-06-25 14:45:09.363,32392.0
2021-06-25 14:45:09.368,30648.0
2021-06-25 14:45:09.373,30780.0
2021-06-25 14:45:09.378,30344.0
2021-06-25 14:45:09.383,37406.0
2021-06-25 14:45:09.388,38086.0
2021-06-25 14:45:09.393,36992.0
2021-06-25 14:45:09.398,37578.0
2021-06-25 14:45:09.403,36180.0
2021-06-25 14:45:09.408,33942.0
2021-06-25 14:45:09.413,36554.0
2021-06-25 14:45:09.418,36668.0
2021-06-25 14:45:09.423,37248.0
2021-06-25 14:45:09.428,36688.0
2021-06-25 14:45:09.433,36078.0
2021-06-25 14:45:09.438,37048.0
2021-06-25 14:45:09.443,37114.0
2021-06-25 14:45:09.448,39404.0
2021-06-25 14:45:09.453,31606.0
2021-06-25 14:45:09.458,33624.0
2021-06-25 14:45:09.463,30228.0
2021-06-25 14:45:09.468,32258.0
2021-06-25 14:45:09.473,30904.0
2021-06-25 14:45:09.478,34662.0
2021-06-25 14:45:09.483,31352.0
2021-06-25 14:45:09.488,31290.0
2021-06-25 14:45:09.493,29364.0
2021-06-25 14:45:09.498,32028.0
2021-06-25 14:45:09.503,30854.0
2021-06-25 14:45:09.508,31000.0
2021-06-25 14:45:09.513,34584.0
2021-06-25 14:45:09.518,34984.0
2021-06-25 14:45:09.523,36174.0
2021-06-25 14:45:09.528,36546.0
2021-06-25 14:45:09.533,37442.0
2021-06-25 14:45:09.538,38794.0
2021-06-25 14:45:09.543,36816.0
2021-06-25 14:45:09.548,37746.0
2021-06-25 14:45:09.553,37788.0
2021-06-25 14:45:09.558,32238.0
2021-06-25 14:45:09.563,36020.0
2021-06-25 14:45:09.568,38428.0
2021-06-25 14:45:09.573,36452.0
2021-06-25 14:45:09.578,38500.0
2021-06-25 14:45:09.583,38468.0
2021-06-25 14:45:09.588,36956.0
2021-06-25 14:45:09.593,32740.0
2021-06-25 14:45:09.598,33352.0
2021-06-25 14:45:09.603,30756.0
2021-06-25 14:45:09.608,32720.0
2021-06-25 14:45:09.613,31068.0
2021-06-25 14:45:09.618,33454.0
2021-06-25 14:45:09.623,30940.0
2021-06-25 14:45:09.628,31264.0
2021-06-25 14:45:09.633,31588.0
2021-06-25 14:45:09.638,32494.0
2021-06-25 14:45:09.643,31946.0
2021-06-25 14:45:09.648,32404.0
2021-06-25 14:45:09.653,38428.0
2021-06-25 14:45:09.658,37376.0
2021-06-25 14:45:09.663,38340.0
2021-06-25 14:45:09.668,37616.0
2021-06-25 14:45:09.673,36412.0
2021-06-25 14:45:09.678,37932.0
2021-06-25 14:45:09.683,36392.0
2021-06-25 14:45:09.688,38074.0
2021-06-25 14:45:09.693,36356.0
2021-06-25 14:45:09.698,37202.0
2021-06-25 14:45:09.703,36190.0
2021-06-25 14:45:09.708,34860.0
2021-06-25 14:45:09.713,35584.0
2021-06-25 14:45:09.718,36104.0
2021-06-25 14:45:09.723,37180.0
2021-06-25 14:45:09.728,37940.0
2021-06-25 14:45:09.733,30796.0
2021-06-25 14:45:09.738,33326.0
2021-06-25 14:45:09.743,33410.0
2021-06-25 14:45:09.748,32784.0
2021-06-25 14:45:09.753,32440.0
2021-06-25 14:45:09.758,31660.0
2021-06-25 14:45:09.763,32578.0
2021-06-25 14:45:09.768,32322.0
2021-06-25 14:45:09.773,31190.0
2021-06-25 14:45:09.778,31716.0
2021-06-25 14:45:09.783,31514.0
2021-06-25 14:45:09.788,35488.0
2021-06-25 14:45:09.793,37936.0
2021-06-25 14:45:09.799,37550.0
2021-06-25 14:45:09.803,34554.0
2021-06-25 14:45:09.808,33886.0
2021-06-25 14:45:09.813,34698.0
2021-06-25 14:45:09.818,36730.0
2021-06-25 14:45:09.823,36966.0
2021-06-25 14:45:09.828,36802.0
2021-06-25 14:45:09.833,37094.0
2021-06-25 14:45:09.838,38412.0
2021-06-25 14:45:09.843,36422.0
2021-06-25 14:45:09.848,38896.0
2021-06-25 14:45:09.853,34194.0
2021-06-25 14:45:09.858,31638.0
2021-06-25 14:45:09.863,35380.0
2021-06-25 14:45:09.868,29786.0
2021-06-25 14:45:09.873,32044.0
2021-06-25 14:45:09.878,31786.0
2021-06-25 14:45:09.884,29350.0
2021-06-25 14:45:09.888,30816.0
2021-06-25 14:45:09.893,35078.0
2021-06-25 14:45:09.898,32006.0
2021-06-25 14:45:09.903,30494.0
2021-06-25 14:45:09.908,29150.0
2021-06-25 14:45:09.913,30868.0
2021-06-25 14:45:09.918,30274.0
2021-06-25 14:45:09.923,30046.0
2021-06-25 14:45:09.928,36370.0
2021-06-25 14:45:09.933,38232.0
2021-06-25 14:45:09.938,39008.0
2021-06-25 14:45:09.943,36514.0
2021-06-25 14:45:09.948,37788.0
2021-06-25 14:45:09.953,37910.0
2021-06-25 14:45:09.958,36340.0
2021-06-25 14:45:09.963,33594.0
2021-06-25 14:45:09.969,36282.0
2021-06-25 14:45:09.973,34984.0
2021-06-25 14:45:09.978,36006.0
2021-06-25 14:45:09.983,37376.0
2021-06-25 14:45:09.988,37746.0
2021-06-25 14:45:09.993,38468.0
2021-06-25 14:45:09.998,37144.0
2021-06-25 14:45:10.003,31094.0
2021-06-25 14:45:10.008,29606.0
2021-06-25 14:45:10.013,31018.0
2021-06-25 14:45:10.018,30170.0
2021-06-25 14:45:10.023,31280.0
2021-06-25 14:45:10.028,31648.0
2021-06-25 14:45:10.033,36400.0
2021-06-25 14:45:10.038,32080.0
2021-06-25 14:45:10.043,31704.0
2021-06-25 14:45:10.048,32130.0
2021-06-25 14:45:10.053,30776.0
2021-06-25 14:45:10.058,30590.0
2021-06-25 14:45:10.063,30704.0
2021-06-25 14:45:10.068,36610.0
2021-06-25 14:45:10.073,37588.0
2021-06-25 14:45:10.078,37262.0
2021-06-25 14:45:10.083,37134.0
2021-06-25 14:45:10.088,36140.0
2021-06-25 14:45:10.093,37534.0
2021-06-25 14:45:10.098,37578.0
2021-06-25 14:45:10.103,33886.0
2021-06-25 14:45:10.108,30796.0
2021-06-25 14:45:10.113,35462.0
2021-06-25 14:45:10.118,36720.0
2021-06-25 14:45:10.123,36468.0
2021-06-25 14:45:10.128,38448.0
2021-06-25 14:45:10.133,38464.0
2021-06-25 14:45:10.138,37654.0
2021-06-25 14:45:10.143,31280.0
2021-06-25 14:45:10.148,32630.0
2021-06-25 14:45:10.153,32136.0
2021-06-25 14:45:10.158,31366.0
2021-06-25 14:45:10.163,33474.0
2021-06-25 14:45:10.168,31248.0
2021-06-25 14:45:10.173,32654.0
2021-06-25 14:45:10.178,31162.0
2021-06-25 14:45:10.183,32568.0
2021-06-25 14:45:10.188,30446.0
2021-06-25 14:45:10.193,33152.0
2021-06-25 14:45:10.198,29950.0
2021-06-25 14:45:10.203,34092.0
2021-06-25 14:45:10.208,36812.0
2021-06-25 14:45:10.213,35564.0
2021-06-25 14:45:10.218,37316.0
2021-06-25 14:45:10.223,36652.0
2021-06-25 14:45:10.228,35430.0
2021-06-25 14:45:10.233,37186.0
2021-06-25 14:45:10.238,37638.0
2021-06-25 14:45:10.243,38994.0
2021-06-25 14:45:10.248,36718.0
2021-06-25 14:45:10.253,34860.0
2021-06-25 14:45:10.258,32028.0
2021-06-25 14:45:10.263,36258.0
2021-06-25 14:45:10.268,36170.0
2021-06-25 14:45:10.273,36216.0
2021-06-25 14:45:10.278,36818.0
2021-06-25 14:45:10.283,35640.0
2021-06-25 14:45:10.288,34342.0
2021-06-25 14:45:10.293,31504.0
2021-06-25 14:45:10.298,28888.0
2021-06-25 14:45:10.303,32588.0
2021-06-25 14:45:10.308,33692.0
2021-06-25 14:45:10.313,30780.0
2021-06-25 14:45:10.318,35668.0
2021-06-25 14:45:10.323,31366.0
2021-06-25 14:45:10.328,30314.0
2021-06-25 14:45:10.333,31660.0
2021-06-25 14:45:10.338,32120.0
2021-06-25 14:45:10.343,31198.0
2021-06-25 14:45:10.348,32316.0
2021-06-25 14:45:10.353,38512.0
2021-06-25 14:45:10.358,36078.0
2021-06-25 14:45:10.363,34908.0
2021-06-25 14:45:10.368,36600.0
2021-06-25 14:45:10.373,37462.0
2021-06-25 14:45:10.378,36950.0
2021-06-25 14:45:10.383,34980.0
2021-06-25 14:45:10.388,36410.0
2021-06-25 14:45:10.393,37064.0
2021-06-25 14:45:10.398,35786.0
2021-06-25 14:45:10.403,38250.0
2021-06-25 14:45:10.408,36772.0
2021-06-25 14:45:10.413,36030.0
2021-06-25 14:45:10.418,35606.0
2021-06-25 14:45:10.423,35904.0
2021-06-25 14:45:10.428,36310.0
2021-06-25 14:45:10.433,32470.0
2021-06-25 14:45:10.439,31524.0
2021-06-25 14:45:10.443,30120.0
2021-06-25 14:45:10.448,32998.0
2021-06-25 14:45:10.453,32100.0
2021-06-25 14:45:10.458,30400.0
2021-06-25 14:45:10.463,33266.0
2021-06-25 14:45:10.468,30324.0
2021-06-25 14:45:10.473,29686.0
2021-06-25 14:45:10.478,31012.0
2021-06-25 14:45:10.483,31272.0
2021-06-25 14:45:10.488,30596.0
2021-06-25 14:45:10.493,32434.0
2021-06-25 14:45:10.498,36114.0
2021-06-25 14:45:10.503,38716.0
2021-06-25 14:45:10.508,36576.0
2021-06-25 14:45:10.513,37032.0
2021-06-25 14:45:10.518,37248.0
2021-06-25 14:45:10.524,37880.0
2021-06-25 14:45:10.528,36772.0
2021-06-25 14:45:10.533,37284.0
2021-06-25 14:45:10.538,36882.0
2021-06-25 14:45:10.543,37196.0
2021-06-25 14:45:10.548,35882.0
2021-06-25 14:45:10.553,38784.0
2021-06-25 14:45:10.558,36554.0
2021-06-25 14:45:10.563,34578.0
2021-06-25 14:45:10.568,35918.0
2021-06-25 14:45:10.573,36646.0
2021-06-25 14:45:10.578,31706.0
2021-06-25 14:45:10.583,31896.0
2021-06-25 14:45:10.588,31470.0
2021-06-25 14:45:10.593,31796.0
2021-06-25 14:45:10.598,30576.0
2021-06-25 14:45:10.603,35944.0
2021-06-25 14:45:10.617,31870.0
2021-06-25 14:45:10.619,30842.0
2021-06-25 14:45:10.620,31618.0
2021-06-25 14:45:10.623,32506.0
2021-06-25 14:45:10.628,29432.0
2021-06-25 14:45:10.633,32732.0
2021-06-25 14:45:10.638,37012.0
2021-06-25 14:45:10.643,36714.0
2021-06-25 14:45:10.648,37402.0
2021-06-25 14:45:10.653,37464.0
2021-06-25 14:45:10.658,37652.0
2021-06-25 14:45:10.663,35118.0
2021-06-25 14:45:10.668,35412.0
2021-06-25 14:45:10.673,37110.0
2021-06-25 14:45:10.678,37264.0
2021-06-25 14:45:10.683,38058.0
2021-06-25 14:45:10.688,36658.0
2021-06-25 14:45:10.693,38368.0
2021-06-25 14:45:10.698,36134.0
2021-06-25 14:45:10.703,37946.0
2021-06-25 14:45:10.708,38890.0
2021-06-25 14:45:10.713,37704.0
2021-06-25 14:45:10.718,35652.0
2021-06-25 14:45:10.723,31962.0
2021-06-25 14:45:10.728,32454.0
2021-06-25 14:45:10.733,33492.0
2021-06-25 14:45:10.738,32012.0
2021-06-25 14:45:10.743,33024.0
2021-06-25 14:45:10.748,33008.0
2021-06-25 14:45:10.753,30324.0
2021-06-25 14:45:10.758,30392.0
2021-06-25 14:45:10.763,34426.0
2021-06-25 14:45:10.768,30042.0
2021-06-25 14:45:10.773,30294.0
2021-06-25 14:45:10.778,31798.0
2021-06-25 14:45:10.783,37202.0
2021-06-25 14:45:10.788,37946.0
2021-06-25 14:45:10.793,38168.0
2021-06-25 14:45:10.798,36606.0
2021-06-25 14:45:10.803,36576.0
2021-06-25 14:45:10.808,37854.0
2021-06-25 14:45:10.813,33240.0
2021-06-25 14:45:10.818,35466.0
2021-06-25 14:45:10.823,38430.0
2021-06-25 14:45:10.828,38458.0
2021-06-25 14:45:10.833,37782.0
2021-06-25 14:45:10.838,37068.0
2021-06-25 14:45:10.843,36550.0
2021-06-25 14:45:10.848,35662.0
2021-06-25 14:45:10.853,36200.0
2021-06-25 14:45:10.858,31274.0
2021-06-25 14:45:10.863,31190.0
2021-06-25 14:45:10.868,28214.0
2021-06-25 14:45:10.873,27674.0
2021-06-25 14:45:10.878,29508.0
2021-06-25 14:45:10.883,28072.0
2021-06-25 14:45:10.888,32902.0
2021-06-25 14:45:10.893,30228.0
2021-06-25 14:45:10.898,26260.0
2021-06-25 14:45:10.903,29458.0
2021-06-25 14:45:10.908,28092.0
2021-06-25 14:45:10.913,28594.0
2021-06-25 14:45:10.918,26680.0
2021-06-25 14:45:10.923,26510.0
2021-06-25 14:45:10.928,33798.0
2021-06-25 14:45:10.933,32762.0
2021-06-25 14:45:10.938,36400.0
2021-06-25 14:45:10.943,32638.0
2021-06-25 14:45:10.948,32080.0
2021-06-25 14:45:10.953,34724.0
2021-06-25 14:45:10.958,34358.0
2021-06-25 14:45:10.963,34630.0
2021-06-25 14:45:10.968,32522.0
2021-06-25 14:45:10.973,35308.0
2021-06-25 14:45:10.978,35730.0
2021-06-25 14:45:10.983,34390.0
2021-06-25 14:45:10.988,36278.0
2021-06-25 14:45:10.993,35364.0
2021-06-25 14:45:10.998,37156.0
2021-06-25 14:45:11.003,27718.0
2021-06-25 14:45:11.008,29950.0
2021-06-25 14:45:11.013,30282.0
2021-06-25 14:45:11.018,32686.0
2021-06-25 14:45:11.023,28542.0
2021-06-25 14:45:11.028,28358.0
2021-06-25 14:45:11.033,28902.0
2021-06-25 14:45:11.038,31812.0
2021-06-25 14:45:11.043,30410.0
2021-06-25 14:45:11.048,31854.0
2021-06-25 14:45:11.053,29432.0
2021-06-25 14:45:11.058,30744.0
2021-06-25 14:45:11.063,28800.0
2021-06-25 14:45:11.068,34194.0
2021-06-25 14:45:11.073,35368.0
2021-06-25 14:45:11.079,35394.0
2021-06-25 14:45:11.083,35432.0
2021-06-25 14:45:11.088,36550.0
2021-06-25 14:45:11.093,36426.0
2021-06-25 14:45:11.098,36478.0
2021-06-25 14:45:11.103,36998.0
2021-06-25 14:45:11.108,36504.0
2021-06-25 14:45:11.113,36456.0
2021-06-25 14:45:11.118,34626.0
2021-06-25 14:45:11.123,35272.0
2021-06-25 14:45:11.128,34158.0
2021-06-25 14:45:11.133,36416.0
2021-06-25 14:45:11.138,36550.0
2021-06-25 14:45:11.143,28716.0
2021-06-25 14:45:11.148,31628.0
2021-06-25 14:45:11.153,30874.0
2021-06-25 14:45:11.158,31498.0
2021-06-25 14:45:11.164,27854.0
2021-06-25 14:45:11.168,28806.0
2021-06-25 14:45:11.173,28620.0
2021-06-25 14:45:11.178,30416.0
2021-06-25 14:45:11.183,30628.0
2021-06-25 14:45:11.188,29730.0
2021-06-25 14:45:11.193,34370.0
2021-06-25 14:45:11.198,34184.0
2021-06-25 14:45:11.203,36918.0
2021-06-25 14:45:11.208,40174.0
2021-06-25 14:45:11.213,35790.0
2021-06-25 14:45:11.218,39064.0
2021-06-25 14:45:11.223,39800.0
2021-06-25 14:45:11.228,39510.0
2021-06-25 14:45:11.233,38214.0
2021-06-25 14:45:11.238,40886.0
2021-06-25 14:45:11.243,40706.0
2021-06-25 14:45:11.249,38512.0
2021-06-25 14:45:11.253,39198.0
2021-06-25 14:45:11.258,39988.0
2021-06-25 14:45:11.263,35458.0
2021-06-25 14:45:11.268,36500.0
2021-06-25 14:45:11.273,38496.0
2021-06-25 14:45:11.278,38152.0
2021-06-25 14:45:11.283,33238.0
2021-06-25 14:45:11.288,31700.0
2021-06-25 14:45:11.293,34616.0
2021-06-25 14:45:11.298,36668.0
2021-06-25 14:45:11.303,32126.0
2021-06-25 14:45:11.308,37480.0
2021-06-25 14:45:11.313,31380.0
2021-06-25 14:45:11.318,30648.0
2021-06-25 14:45:11.323,30776.0
2021-06-25 14:45:11.328,32412.0
2021-06-25 14:45:11.333,32470.0
2021-06-25 14:45:11.338,32938.0
2021-06-25 14:45:11.343,37720.0
2021-06-25 14:45:11.348,37470.0
2021-06-25 14:45:11.353,36010.0
2021-06-25 14:45:11.358,38212.0
2021-06-25 14:45:11.363,33854.0
2021-06-25 14:45:11.368,33826.0
2021-06-25 14:45:11.373,37724.0
2021-06-25 14:45:11.378,36772.0
2021-06-25 14:45:11.383,37824.0
2021-06-25 14:45:11.388,36606.0
2021-06-25 14:45:11.393,36592.0
2021-06-25 14:45:11.398,37536.0
2021-06-25 14:45:11.403,36596.0
2021-06-25 14:45:11.408,38422.0
2021-06-25 14:45:11.413,33440.0
2021-06-25 14:45:11.418,35812.0
2021-06-25 14:45:11.423,37418.0
2021-06-25 14:45:11.428,31314.0
2021-06-25 14:45:11.433,30360.0
2021-06-25 14:45:11.438,32368.0
2021-06-25 14:45:11.443,31950.0
2021-06-25 14:45:11.448,32240.0
2021-06-25 14:45:11.453,34210.0
2021-06-25 14:45:11.458,31382.0
2021-06-25 14:45:11.463,31114.0
2021-06-25 14:45:11.468,32198.0
2021-06-25 14:45:11.473,32002.0
2021-06-25 14:45:11.478,29604.0
2021-06-25 14:45:11.483,30180.0
2021-06-25 14:45:11.488,38162.0
2021-06-25 14:45:11.493,38310.0
2021-06-25 14:45:11.498,35466.0
2021-06-25 14:45:11.503,37904.0
2021-06-25 14:45:11.508,38372.0
2021-06-25 14:45:11.513,35794.0
2021-06-25 14:45:11.518,34978.0
2021-06-25 14:45:11.523,36524.0
2021-06-25 14:45:11.528,37906.0
2021-06-25 14:45:11.533,37678.0
2021-06-25 14:45:11.538,36304.0
2021-06-25 14:45:11.543,36944.0
2021-06-25 14:45:11.548,36488.0
2021-06-25 14:45:11.553,38382.0
2021-06-25 14:45:11.558,39450.0
2021-06-25 14:45:11.563,30206.0
2021-06-25 14:45:11.568,33300.0
2021-06-25 14:45:11.573,30402.0
2021-06-25 14:45:11.578,31268.0
2021-06-25 14:45:11.583,31834.0
2021-06-25 14:45:11.588,35014.0
2021-06-25 14:45:11.593,31746.0
2021-06-25 14:45:11.598,30780.0
2021-06-25 14:45:11.603,30108.0
2021-06-25 14:45:11.608,30058.0
2021-06-25 14:45:11.613,29360.0
2021-06-25 14:45:11.618,30222.0
2021-06-25 14:45:11.623,28282.0
2021-06-25 14:45:11.628,35122.0
2021-06-25 14:45:11.633,34226.0
2021-06-25 14:45:11.638,35258.0
2021-06-25 14:45:11.643,34990.0
2021-06-25 14:45:11.648,34424.0
2021-06-25 14:45:11.653,34630.0
2021-06-25 14:45:11.658,36572.0
2021-06-25 14:45:11.663,34832.0
2021-06-25 14:45:11.668,33710.0
2021-06-25 14:45:11.673,33876.0
2021-06-25 14:45:11.678,34106.0
2021-06-25 14:45:11.683,34020.0
2021-06-25 14:45:11.688,33568.0
2021-06-25 14:45:11.693,34512.0
2021-06-25 14:45:11.698,35842.0
2021-06-25 14:45:11.703,29358.0
2021-06-25 14:45:11.708,28408.0
2021-06-25 14:45:11.713,28072.0
2021-06-25 14:45:11.719,30580.0
2021-06-25 14:45:11.723,30510.0
2021-06-25 14:45:11.728,34358.0
2021-06-25 14:45:11.733,27598.0
2021-06-25 14:45:11.738,28434.0
2021-06-25 14:45:11.743,30002.0
2021-06-25 14:45:11.748,29728.0
2021-06-25 14:45:11.753,30292.0
2021-06-25 14:45:11.758,31402.0
2021-06-25 14:45:11.763,28502.0
2021-06-25 14:45:11.768,33784.0
2021-06-25 14:45:11.773,32952.0
2021-06-25 14:45:11.778,36098.0
2021-06-25 14:45:11.783,36780.0
2021-06-25 14:45:11.788,36566.0
2021-06-25 14:45:11.793,37350.0
2021-06-25 14:45:11.798,39172.0
2021-06-25 14:45:11.804,38968.0
2021-06-25 14:45:11.808,38346.0
2021-06-25 14:45:11.813,39846.0
2021-06-25 14:45:11.818,36740.0
2021-06-25 14:45:11.823,36452.0
2021-06-25 14:45:11.828,38840.0
2021-06-25 14:45:11.833,40098.0
2021-06-25 14:45:11.838,39590.0
2021-06-25 14:45:11.843,39610.0
2021-06-25 14:45:11.848,34416.0
2021-06-25 14:45:11.853,34462.0
2021-06-25 14:45:11.858,33870.0
2021-06-25 14:45:11.863,32838.0
2021-06-25 14:45:11.868,33166.0
2021-06-25 14:45:11.873,37300.0
2021-06-25 14:45:11.878,34122.0
2021-06-25 14:45:11.883,33434.0
2021-06-25 14:45:11.889,31788.0
2021-06-25 14:45:11.893,33198.0
2021-06-25 14:45:11.898,32002.0
2021-06-25 14:45:11.903,33882.0
2021-06-25 14:45:11.908,39362.0
2021-06-25 14:45:11.913,38628.0
2021-06-25 14:45:11.918,39420.0
2021-06-25 14:45:11.923,38820.0
2021-06-25 14:45:11.928,36708.0
2021-06-25 14:45:11.933,38250.0
2021-06-25 14:45:11.938,37536.0
2021-06-25 14:45:11.943,39392.0
2021-06-25 14:45:11.948,38994.0
2021-06-25 14:45:11.953,34692.0
2021-06-25 14:45:11.958,37190.0
2021-06-25 14:45:11.963,38460.0
2021-06-25 14:45:11.968,37606.0
2021-06-25 14:45:11.973,36862.0
2021-06-25 14:45:11.978,37756.0
2021-06-25 14:45:11.983,38788.0
2021-06-25 14:45:11.988,32820.0
2021-06-25 14:45:11.993,31684.0
2021-06-25 14:45:11.998,30734.0
2021-06-25 14:45:12.003,33300.0
2021-06-25 14:45:12.008,31326.0
2021-06-25 14:45:12.013,32788.0
2021-06-25 14:45:12.018,32086.0
2021-06-25 14:45:12.023,34480.0
2021-06-25 14:45:12.028,32310.0
2021-06-25 14:45:12.033,32736.0
2021-06-25 14:45:12.038,32090.0
2021-06-25 14:45:12.043,32018.0
2021-06-25 14:45:12.048,33538.0
2021-06-25 14:45:12.053,36612.0
2021-06-25 14:45:12.058,37048.0
2021-06-25 14:45:12.063,37996.0
2021-06-25 14:45:12.068,36920.0
2021-06-25 14:45:12.073,37270.0
2021-06-25 14:45:12.078,37838.0
2021-06-25 14:45:12.083,37716.0
2021-06-25 14:45:12.088,37936.0
2021-06-25 14:45:12.093,38444.0
2021-06-25 14:45:12.098,39404.0
2021-06-25 14:45:12.103,39218.0
2021-06-25 14:45:12.108,37946.0
2021-06-25 14:45:12.113,37838.0
2021-06-25 14:45:12.118,35242.0
2021-06-25 14:45:12.123,36066.0
2021-06-25 14:45:12.128,37136.0
2021-06-25 14:45:12.133,32336.0
2021-06-25 14:45:12.138,30366.0
2021-06-25 14:45:12.143,31520.0
2021-06-25 14:45:12.148,33378.0
2021-06-25 14:45:12.153,31658.0
2021-06-25 14:45:12.158,35410.0
2021-06-25 14:45:12.163,31982.0
2021-06-25 14:45:12.168,30534.0
2021-06-25 14:45:12.173,33054.0
2021-06-25 14:45:12.178,31372.0
2021-06-25 14:45:12.183,29920.0
2021-06-25 14:45:12.188,30084.0
2021-06-25 14:45:12.193,32896.0
2021-06-25 14:45:12.198,37770.0
2021-06-25 14:45:12.203,37592.0
2021-06-25 14:45:12.208,37028.0
2021-06-25 14:45:12.213,35430.0
2021-06-25 14:45:12.218,30664.0
2021-06-25 14:45:12.223,34354.0
2021-06-25 14:45:12.228,36720.0
2021-06-25 14:45:12.233,37172.0
2021-06-25 14:45:12.238,35888.0
2021-06-25 14:45:12.243,36540.0
2021-06-25 14:45:12.248,36782.0
2021-06-25 14:45:12.253,40430.0
2021-06-25 14:45:12.258,35302.0
2021-06-25 14:45:12.263,36416.0
2021-06-25 14:45:12.268,32142.0
2021-06-25 14:45:12.273,32930.0
2021-06-25 14:45:12.278,30560.0
2021-06-25 14:45:12.283,32394.0
2021-06-25 14:45:12.288,34922.0
2021-06-25 14:45:12.293,31746.0
2021-06-25 14:45:12.298,35318.0
2021-06-25 14:45:12.303,32586.0
2021-06-25 14:45:12.308,29904.0
2021-06-25 14:45:12.313,32106.0
2021-06-25 14:45:12.318,30344.0
2021-06-25 14:45:12.323,31406.0
2021-06-25 14:45:12.328,28902.0
2021-06-25 14:45:12.333,29688.0
2021-06-25 14:45:12.338,35678.0
2021-06-25 14:45:12.343,36770.0
2021-06-25 14:45:12.348,34774.0
2021-06-25 14:45:12.353,36844.0
2021-06-25 14:45:12.359,36560.0
2021-06-25 14:45:12.363,36580.0
2021-06-25 14:45:12.368,37036.0
2021-06-25 14:45:12.373,34060.0
2021-06-25 14:45:12.378,36360.0
2021-06-25 14:45:12.383,36340.0
2021-06-25 14:45:12.388,35740.0
2021-06-25 14:45:12.393,36700.0
2021-06-25 14:45:12.398,36216.0
2021-06-25 14:45:12.403,38340.0
2021-06-25 14:45:12.408,37202.0
2021-06-25 14:45:12.413,39382.0
2021-06-25 14:45:12.418,34492.0
2021-06-25 14:45:12.423,32008.0
2021-06-25 14:45:12.428,30318.0
2021-06-25 14:45:12.433,31100.0
2021-06-25 14:45:12.438,31032.0
2021-06-25 14:45:12.444,32658.0
2021-06-25 14:45:12.448,36616.0
2021-06-25 14:45:12.453,30756.0
2021-06-25 14:45:12.458,32758.0
2021-06-25 14:45:12.463,30992.0
2021-06-25 14:45:12.468,31298.0
2021-06-25 14:45:12.473,31576.0
2021-06-25 14:45:12.478,31258.0
2021-06-25 14:45:12.483,37104.0
2021-06-25 14:45:12.488,37080.0
2021-06-25 14:45:12.493,36662.0
2021-06-25 14:45:12.498,37042.0
2021-06-25 14:45:12.503,37572.0
2021-06-25 14:45:12.508,38994.0
2021-06-25 14:45:12.513,35858.0
2021-06-25 14:45:12.518,37340.0
2021-06-25 14:45:12.523,36888.0
2021-06-25 14:45:12.529,38142.0
2021-06-25 14:45:12.533,37324.0
2021-06-25 14:45:12.538,35348.0
2021-06-25 14:45:12.543,37710.0
2021-06-25 14:45:12.548,36262.0
2021-06-25 14:45:12.553,36790.0
2021-06-25 14:45:12.558,31336.0
2021-06-25 14:45:12.563,33388.0
2021-06-25 14:45:12.568,30582.0
2021-06-25 14:45:12.573,30936.0
2021-06-25 14:45:12.578,31844.0
2021-06-25 14:45:12.583,28646.0
2021-06-25 14:45:12.588,34708.0
2021-06-25 14:45:12.593,29570.0
2021-06-25 14:45:12.598,30718.0
2021-06-25 14:45:12.603,31632.0
2021-06-25 14:45:12.608,30618.0
2021-06-25 14:45:12.613,33404.0
2021-06-25 14:45:12.618,31288.0
2021-06-25 14:45:12.623,33984.0
2021-06-25 14:45:12.628,38146.0
2021-06-25 14:45:12.633,37562.0
2021-06-25 14:45:12.638,38258.0
2021-06-25 14:45:12.643,38638.0
2021-06-25 14:45:12.648,38336.0
2021-06-25 14:45:12.653,37290.0
2021-06-25 14:45:12.658,36166.0
2021-06-25 14:45:12.663,39270.0
2021-06-25 14:45:12.668,38296.0
2021-06-25 14:45:12.673,36410.0
2021-06-25 14:45:12.678,36664.0
2021-06-25 14:45:12.683,37028.0
2021-06-25 14:45:12.688,36572.0
2021-06-25 14:45:12.693,36818.0
2021-06-25 14:45:12.698,29920.0
2021-06-25 14:45:12.703,31412.0
2021-06-25 14:45:12.708,32614.0
2021-06-25 14:45:12.713,35148.0
2021-06-25 14:45:12.718,30202.0
2021-06-25 14:45:12.723,35086.0
2021-06-25 14:45:12.728,29960.0
2021-06-25 14:45:12.733,30936.0
2021-06-25 14:45:12.738,28924.0
2021-06-25 14:45:12.743,29712.0
2021-06-25 14:45:12.748,30320.0
2021-06-25 14:45:12.753,34456.0
2021-06-25 14:45:12.758,30314.0
2021-06-25 14:45:12.763,36366.0
2021-06-25 14:45:12.768,37392.0
2021-06-25 14:45:12.773,35822.0
2021-06-25 14:45:12.778,35030.0
2021-06-25 14:45:12.783,34840.0
2021-06-25 14:45:12.788,36862.0
2021-06-25 14:45:12.793,35616.0
2021-06-25 14:45:12.798,38032.0
2021-06-25 14:45:12.803,37814.0
2021-06-25 14:45:12.808,37736.0
2021-06-25 14:45:12.813,36482.0
2021-06-25 14:45:12.818,38038.0
2021-06-25 14:45:12.823,36292.0
2021-06-25 14:45:12.828,34856.0
2021-06-25 14:45:12.833,37968.0
2021-06-25 14:45:12.838,38044.0
2021-06-25 14:45:12.843,37134.0
2021-06-25 14:45:12.848,32432.0
2021-06-25 14:45:12.853,32202.0
2021-06-25 14:45:12.858,32034.0
2021-06-25 14:45:12.863,35518.0
2021-06-25 14:45:12.868,32994.0
2021-06-25 14:45:12.873,29832.0
2021-06-25 14:45:12.878,33890.0
2021-06-25 14:45:12.883,31104.0
2021-06-25 14:45:12.888,30156.0
2021-06-25 14:45:12.893,32350.0
2021-06-25 14:45:12.898,30294.0
2021-06-25 14:45:12.903,30232.0
2021-06-25 14:45:12.908,31986.0
2021-06-25 14:45:12.913,32208.0
2021-06-25 14:45:12.918,33352.0
2021-06-25 14:45:12.923,37498.0
2021-06-25 14:45:12.928,36528.0
2021-06-25 14:45:12.933,37788.0
2021-06-25 14:45:12.938,36582.0
2021-06-25 14:45:12.943,36228.0
2021-06-25 14:45:12.948,36684.0
2021-06-25 14:45:12.953,37956.0
2021-06-25 14:45:12.958,35350.0
2021-06-25 14:45:12.963,37084.0
2021-06-25 14:45:12.968,35138.0
2021-06-25 14:45:12.973,35816.0
2021-06-25 14:45:12.978,35128.0
2021-06-25 14:45:12.983,37504.0
2021-06-25 14:45:12.988,38542.0
2021-06-25 14:45:12.993,36248.0
2021-06-25 14:45:12.999,30020.0
2021-06-25 14:45:13.003,30826.0
2021-06-25 14:45:13.008,31288.0
2021-06-25 14:45:13.021,30420.0
2021-06-25 14:45:13.023,32074.0
2021-06-25 14:45:13.024,30616.0
2021-06-25 14:45:13.028,31054.0
2021-06-25 14:45:13.033,32660.0
2021-06-25 14:45:13.038,31000.0
2021-06-25 14:45:13.043,29948.0
2021-06-25 14:45:13.048,32300.0
2021-06-25 14:45:13.053,33066.0
2021-06-25 14:45:13.058,31606.0
2021-06-25 14:45:13.063,33014.0
2021-06-25 14:45:13.068,31228.0
2021-06-25 14:45:13.073,34532.0
2021-06-25 14:45:13.078,37490.0
2021-06-25 14:45:13.084,38834.0
2021-06-25 14:45:13.088,38120.0
2021-06-25 14:45:13.093,36324.0
2021-06-25 14:45:13.098,36682.0
2021-06-25 14:45:13.103,37130.0
2021-06-25 14:45:13.108,36370.0
2021-06-25 14:45:13.113,40234.0
2021-06-25 14:45:13.118,37534.0
2021-06-25 14:45:13.123,36206.0
2021-06-25 14:45:13.128,35468.0
2021-06-25 14:45:13.133,39014.0
2021-06-25 14:45:13.138,38152.0
2021-06-25 14:45:13.143,37480.0
2021-06-25 14:45:13.148,30920.0
2021-06-25 14:45:13.153,30698.0
2021-06-25 14:45:13.158,33312.0
2021-06-25 14:45:13.163,34466.0
2021-06-25 14:45:13.169,32936.0
2021-06-25 14:45:13.173,29994.0
2021-06-25 14:45:13.178,32440.0
2021-06-25 14:45:13.183,30654.0
2021-06-25 14:45:13.188,28830.0
2021-06-25 14:45:13.193,30350.0
2021-06-25 14:45:13.198,30740.0
2021-06-25 14:45:13.203,31212.0
2021-06-25 14:45:13.208,31524.0
2021-06-25 14:45:13.213,33374.0
2021-06-25 14:45:13.218,34928.0
2021-06-25 14:45:13.223,31868.0
2021-06-25 14:45:13.228,35004.0
2021-06-25 14:45:13.233,35970.0
2021-06-25 14:45:13.238,35692.0
2021-06-25 14:45:13.243,36396.0
2021-06-25 14:45:13.248,36936.0
2021-06-25 14:45:13.253,38198.0
2021-06-25 14:45:13.258,39230.0
2021-06-25 14:45:13.263,35258.0
2021-06-25 14:45:13.268,35204.0
2021-06-25 14:45:13.273,31444.0
2021-06-25 14:45:13.278,34788.0
2021-06-25 14:45:13.283,35884.0
2021-06-25 14:45:13.288,37022.0
2021-06-25 14:45:13.293,37298.0
2021-06-25 14:45:13.298,31622.0
2021-06-25 14:45:13.303,29682.0
2021-06-25 14:45:13.308,32614.0
2021-06-25 14:45:13.313,33954.0
2021-06-25 14:45:13.318,32306.0
2021-06-25 14:45:13.323,29282.0
2021-06-25 14:45:13.328,29702.0
2021-06-25 14:45:13.333,30006.0
2021-06-25 14:45:13.338,30812.0
2021-06-25 14:45:13.343,30478.0
2021-06-25 14:45:13.348,29062.0
2021-06-25 14:45:13.353,31094.0
2021-06-25 14:45:13.358,31838.0
2021-06-25 14:45:13.363,31680.0
2021-06-25 14:45:13.368,36156.0
2021-06-25 14:45:13.373,31618.0
2021-06-25 14:45:13.378,33726.0
2021-06-25 14:45:13.383,35478.0
2021-06-25 14:45:13.388,36236.0
2021-06-25 14:45:13.393,36730.0
2021-06-25 14:45:13.398,36898.0
2021-06-25 14:45:13.403,36118.0
2021-06-25 14:45:13.408,39274.0
2021-06-25 14:45:13.413,37766.0
2021-06-25 14:45:13.418,38182.0
2021-06-25 14:45:13.423,38460.0
2021-06-25 14:45:13.428,36508.0
2021-06-25 14:45:13.433,36792.0
2021-06-25 14:45:13.438,38312.0
2021-06-25 14:45:13.443,38048.0
2021-06-25 14:45:13.448,32096.0
2021-06-25 14:45:13.453,31150.0
2021-06-25 14:45:13.458,33012.0
2021-06-25 14:45:13.463,35268.0
2021-06-25 14:45:13.468,32086.0
2021-06-25 14:45:13.473,31660.0
2021-06-25 14:45:13.478,35450.0
2021-06-25 14:45:13.483,30674.0
2021-06-25 14:45:13.488,31960.0
2021-06-25 14:45:13.493,30262.0
2021-06-25 14:45:13.498,32586.0
2021-06-25 14:45:13.503,32894.0
2021-06-25 14:45:13.508,31946.0
2021-06-25 14:45:13.513,30510.0
2021-06-25 14:45:13.518,37172.0
2021-06-25 14:45:13.523,36786.0
2021-06-25 14:45:13.528,36782.0
2021-06-25 14:45:13.533,34646.0
2021-06-25 14:45:13.538,36782.0
2021-06-25 14:45:13.543,37170.0
2021-06-25 14:45:13.548,36726.0
2021-06-25 14:45:13.553,37792.0
2021-06-25 14:45:13.558,36238.0
2021-06-25 14:45:13.563,37616.0
2021-06-25 14:45:13.568,38382.0
2021-06-25 14:45:13.573,37864.0
2021-06-25 14:45:13.578,37608.0
2021-06-25 14:45:13.583,35694.0
2021-06-25 14:45:13.588,38332.0
2021-06-25 14:45:13.593,37592.0
2021-06-25 14:45:13.598,36982.0
2021-06-25 14:45:13.603,32926.0
2021-06-25 14:45:13.608,30374.0
2021-06-25 14:45:13.613,29426.0
2021-06-25 14:45:13.618,32044.0
2021-06-25 14:45:13.623,28918.0
2021-06-25 14:45:13.628,28354.0
2021-06-25 14:45:13.633,31904.0
2021-06-25 14:45:13.639,26648.0
2021-06-25 14:45:13.643,26352.0
2021-06-25 14:45:13.648,30074.0
2021-06-25 14:45:13.653,29278.0
2021-06-25 14:45:13.658,28498.0
2021-06-25 14:45:13.663,27902.0
2021-06-25 14:45:13.668,30954.0
2021-06-25 14:45:13.673,34240.0
2021-06-25 14:45:13.678,33156.0
2021-06-25 14:45:13.683,32748.0
2021-06-25 14:45:13.688,32650.0
2021-06-25 14:45:13.693,33818.0
2021-06-25 14:45:13.698,32952.0
2021-06-25 14:45:13.703,32844.0
2021-06-25 14:45:13.708,33644.0
2021-06-25 14:45:13.713,32820.0
2021-06-25 14:45:13.718,35114.0
2021-06-25 14:45:13.724,32614.0
2021-06-25 14:45:13.728,33254.0
2021-06-25 14:45:13.733,32900.0
2021-06-25 14:45:13.738,33666.0
2021-06-25 14:45:13.743,34164.0
2021-06-25 14:45:13.748,34814.0
2021-06-25 14:45:13.753,34486.0
2021-06-25 14:45:13.758,30848.0
2021-06-25 14:45:13.763,29892.0
2021-06-25 14:45:13.768,30392.0
2021-06-25 14:45:13.773,31272.0
2021-06-25 14:45:13.778,32024.0
2021-06-25 14:45:13.783,28354.0
2021-06-25 14:45:13.788,32622.0
2021-06-25 14:45:13.793,29016.0
2021-06-25 14:45:13.798,28958.0
2021-06-25 14:45:13.803,29812.0
2021-06-25 14:45:13.809,29164.0
2021-06-25 14:45:13.813,30970.0
2021-06-25 14:45:13.818,29976.0
2021-06-25 14:45:13.823,30854.0
2021-06-25 14:45:13.828,36790.0
2021-06-25 14:45:13.833,35230.0
2021-06-25 14:45:13.838,36160.0
2021-06-25 14:45:13.843,35744.0
2021-06-25 14:45:13.848,35458.0
2021-06-25 14:45:13.853,35986.0
2021-06-25 14:45:13.858,36156.0
2021-06-25 14:45:13.863,36678.0
2021-06-25 14:45:13.868,37078.0
2021-06-25 14:45:13.873,36514.0
2021-06-25 14:45:13.878,36210.0
2021-06-25 14:45:13.883,35810.0
2021-06-25 14:45:13.888,35822.0
2021-06-25 14:45:13.893,35482.0
2021-06-25 14:45:13.898,36708.0
2021-06-25 14:45:13.903,30632.0
2021-06-25 14:45:13.908,30112.0
2021-06-25 14:45:13.913,28842.0
2021-06-25 14:45:13.918,30782.0
2021-06-25 14:45:13.923,32510.0
2021-06-25 14:45:13.928,29368.0
2021-06-25 14:45:13.933,30802.0
2021-06-25 14:45:13.938,30026.0
2021-06-25 14:45:13.943,27716.0
2021-06-25 14:45:13.948,30678.0
2021-06-25 14:45:13.953,28578.0
2021-06-25 14:45:13.958,32038.0
2021-06-25 14:45:13.963,30010.0
2021-06-25 14:45:13.968,29132.0
2021-06-25 14:45:13.973,37104.0
2021-06-25 14:45:13.978,35180.0
2021-06-25 14:45:13.983,36196.0
2021-06-25 14:45:13.988,34906.0
2021-06-25 14:45:13.993,35538.0
2021-06-25 14:45:13.998,36346.0
2021-06-25 14:45:14.003,36396.0
2021-06-25 14:45:14.008,34958.0
2021-06-25 14:45:14.013,32716.0
2021-06-25 14:45:14.018,36438.0
2021-06-25 14:45:14.023,36216.0
2021-06-25 14:45:14.028,30492.0
2021-06-25 14:45:14.033,33844.0
2021-06-25 14:45:14.038,37192.0
2021-06-25 14:45:14.043,36714.0
2021-06-25 14:45:14.048,36936.0
2021-06-25 14:45:14.053,29994.0
2021-06-25 14:45:14.058,29774.0
2021-06-25 14:45:14.063,30120.0
2021-06-25 14:45:14.068,31786.0
2021-06-25 14:45:14.073,31516.0
2021-06-25 14:45:14.078,33446.0
2021-06-25 14:45:14.083,32126.0
2021-06-25 14:45:14.088,31272.0
2021-06-25 14:45:14.093,29272.0
2021-06-25 14:45:14.098,28928.0
2021-06-25 14:45:14.103,31580.0
2021-06-25 14:45:14.108,31560.0
2021-06-25 14:45:14.113,32490.0
2021-06-25 14:45:14.118,31228.0
2021-06-25 14:45:14.123,36564.0
2021-06-25 14:45:14.128,36914.0
2021-06-25 14:45:14.133,35426.0
2021-06-25 14:45:14.138,36602.0
2021-06-25 14:45:14.143,36504.0
2021-06-25 14:45:14.148,36036.0
2021-06-25 14:45:14.153,35538.0
2021-06-25 14:45:14.158,36736.0
2021-06-25 14:45:14.163,36390.0
2021-06-25 14:45:14.168,34820.0
2021-06-25 14:45:14.173,35186.0
2021-06-25 14:45:14.178,35570.0
2021-06-25 14:45:14.183,34764.0
2021-06-25 14:45:14.188,36356.0
2021-06-25 14:45:14.193,35878.0
2021-06-25 14:45:14.198,34876.0
2021-06-25 14:45:14.203,31130.0
2021-06-25 14:45:14.208,29656.0
2021-06-25 14:45:14.213,32910.0
2021-06-25 14:45:14.218,31462.0
2021-06-25 14:45:14.223,35230.0
2021-06-25 14:45:14.228,33692.0
2021-06-25 14:45:14.233,30360.0
2021-06-25 14:45:14.238,30346.0
2021-06-25 14:45:14.243,28878.0
2021-06-25 14:45:14.248,30160.0
2021-06-25 14:45:14.253,29304.0
2021-06-25 14:45:14.258,30812.0
2021-06-25 14:45:14.263,31992.0
2021-06-25 14:45:14.268,35050.0
2021-06-25 14:45:14.273,36570.0
2021-06-25 14:45:14.279,35226.0
2021-06-25 14:45:14.283,33374.0
2021-06-25 14:45:14.288,36396.0
2021-06-25 14:45:14.293,34872.0
2021-06-25 14:45:14.298,35240.0
2021-06-25 14:45:14.303,35992.0
2021-06-25 14:45:14.308,36042.0
2021-06-25 14:45:14.313,35682.0
2021-06-25 14:45:14.318,35472.0
2021-06-25 14:45:14.323,35584.0
2021-06-25 14:45:14.328,34886.0
2021-06-25 14:45:14.333,33854.0
2021-06-25 14:45:14.338,36026.0
2021-06-25 14:45:14.343,30066.0
2021-06-25 14:45:14.348,28224.0
2021-06-25 14:45:14.353,30068.0
2021-06-25 14:45:14.358,33148.0
2021-06-25 14:45:14.364,31370.0
2021-06-25 14:45:14.368,29630.0
2021-06-25 14:45:14.373,32684.0
2021-06-25 14:45:14.378,28676.0
2021-06-25 14:45:14.383,32140.0
2021-06-25 14:45:14.388,28230.0
2021-06-25 14:45:14.393,30704.0
2021-06-25 14:45:14.398,29584.0
2021-06-25 14:45:14.403,29640.0
2021-06-25 14:45:14.408,28152.0
2021-06-25 14:45:14.413,36104.0
2021-06-25 14:45:14.418,34948.0
2021-06-25 14:45:14.423,35658.0
2021-06-25 14:45:14.428,30464.0
2021-06-25 14:45:14.433,31658.0
2021-06-25 14:45:14.438,33316.0
2021-06-25 14:45:14.443,34142.0
2021-06-25 14:45:14.449,34234.0
2021-06-25 14:45:14.453,32696.0
2021-06-25 14:45:14.458,35226.0
2021-06-25 14:45:14.463,35430.0
2021-06-25 14:45:14.468,34080.0
2021-06-25 14:45:14.473,34964.0
2021-06-25 14:45:14.478,33782.0
2021-06-25 14:45:14.483,30386.0
2021-06-25 14:45:14.488,29574.0
2021-06-25 14:45:14.493,26578.0
2021-06-25 14:45:14.498,28598.0
2021-06-25 14:45:14.503,30294.0
2021-06-25 14:45:14.508,27264.0
2021-06-25 14:45:14.513,33136.0
2021-06-25 14:45:14.518,30494.0
2021-06-25 14:45:14.523,30836.0
2021-06-25 14:45:14.528,28076.0
2021-06-25 14:45:14.533,28462.0
2021-06-25 14:45:14.538,26490.0
2021-06-25 14:45:14.543,28414.0
2021-06-25 14:45:14.548,25996.0
2021-06-25 14:45:14.553,28506.0
2021-06-25 14:45:14.558,33742.0
2021-06-25 14:45:14.563,35992.0
2021-06-25 14:45:14.568,35456.0
2021-06-25 14:45:14.573,36612.0
2021-06-25 14:45:14.578,34706.0
2021-06-25 14:45:14.583,33418.0
2021-06-25 14:45:14.588,33516.0
2021-06-25 14:45:14.593,34204.0
2021-06-25 14:45:14.598,32998.0
2021-06-25 14:45:14.603,35806.0
2021-06-25 14:45:14.608,34338.0
2021-06-25 14:45:14.613,36436.0
2021-06-25 14:45:14.618,35078.0
2021-06-25 14:45:14.623,34800.0
2021-06-25 14:45:14.628,32798.0
2021-06-25 14:45:14.633,29160.0
2021-06-25 14:45:14.638,27214.0
2021-06-25 14:45:14.643,28634.0
2021-06-25 14:45:14.648,29996.0
2021-06-25 14:45:14.653,27378.0
2021-06-25 14:45:14.658,29948.0
2021-06-25 14:45:14.663,33148.0
2021-06-25 14:45:14.668,28744.0
2021-06-25 14:45:14.673,29646.0
2021-06-25 14:45:14.678,27600.0
2021-06-25 14:45:14.683,28538.0
2021-06-25 14:45:14.688,29072.0
2021-06-25 14:45:14.693,26558.0
2021-06-25 14:45:14.698,29334.0
2021-06-25 14:45:14.703,36646.0
2021-06-25 14:45:14.708,33496.0
2021-06-25 14:45:14.713,34436.0
2021-06-25 14:45:14.718,33020.0
2021-06-25 14:45:14.723,36226.0
2021-06-25 14:45:14.728,33614.0
2021-06-25 14:45:14.733,33990.0
2021-06-25 14:45:14.738,33542.0
2021-06-25 14:45:14.743,33336.0
2021-06-25 14:45:14.748,32532.0
2021-06-25 14:45:14.753,34446.0
2021-06-25 14:45:14.758,35494.0
2021-06-25 14:45:14.763,33266.0
2021-06-25 14:45:14.768,32562.0
2021-06-25 14:45:14.773,34394.0
2021-06-25 14:45:14.778,35462.0
2021-06-25 14:45:14.783,28214.0
2021-06-25 14:45:14.788,26054.0
2021-06-25 14:45:14.793,29396.0
2021-06-25 14:45:14.798,29960.0
2021-06-25 14:45:14.803,26680.0
2021-06-25 14:45:14.808,27592.0
2021-06-25 14:45:14.813,29112.0
2021-06-25 14:45:14.818,27178.0
2021-06-25 14:45:14.823,30422.0
2021-06-25 14:45:14.828,30750.0
2021-06-25 14:45:14.833,29304.0
2021-06-25 14:45:14.838,29378.0
2021-06-25 14:45:14.843,28040.0
2021-06-25 14:45:14.848,35014.0
2021-06-25 14:45:14.853,36062.0
2021-06-25 14:45:14.858,36438.0
2021-06-25 14:45:14.863,36600.0
2021-06-25 14:45:14.868,35416.0
2021-06-25 14:45:14.873,37196.0
2021-06-25 14:45:14.878,35722.0
2021-06-25 14:45:14.883,35514.0
2021-06-25 14:45:14.888,36156.0
2021-06-25 14:45:14.893,35616.0
2021-06-25 14:45:14.898,35396.0
2021-06-25 14:45:14.903,36668.0
2021-06-25 14:45:14.908,35360.0
2021-06-25 14:45:14.913,34416.0
2021-06-25 14:45:14.919,34754.0
2021-06-25 14:45:14.923,33122.0
2021-06-25 14:45:14.928,30910.0
2021-06-25 14:45:14.933,28450.0
2021-06-25 14:45:14.938,28298.0
2021-06-25 14:45:14.943,29468.0
2021-06-25 14:45:14.948,28686.0
2021-06-25 14:45:14.953,32766.0
2021-06-25 14:45:14.958,28994.0
2021-06-25 14:45:14.963,29344.0
2021-06-25 14:45:14.968,29642.0
2021-06-25 14:45:14.973,29848.0
2021-06-25 14:45:14.978,28820.0
2021-06-25 14:45:14.983,29488.0
2021-06-25 14:45:14.988,29502.0
2021-06-25 14:45:14.993,35728.0
2021-06-25 14:45:14.998,35508.0
2021-06-25 14:45:15.004,35816.0
2021-06-25 14:45:15.008,36210.0
2021-06-25 14:45:15.013,33926.0
2021-06-25 14:45:15.018,33256.0
2021-06-25 14:45:15.023,34984.0
2021-06-25 14:45:15.028,33926.0
2021-06-25 14:45:15.033,34794.0
2021-06-25 14:45:15.038,35920.0
2021-06-25 14:45:15.043,36144.0
2021-06-25 14:45:15.048,34010.0
2021-06-25 14:45:15.053,35164.0
2021-06-25 14:45:15.058,34276.0
2021-06-25 14:45:15.063,35914.0
2021-06-25 14:45:15.068,28070.0
2021-06-25 14:45:15.073,27650.0
2021-06-25 14:45:15.078,28600.0
2021-06-25 14:45:15.083,29626.0
2021-06-25 14:45:15.089,27070.0
2021-06-25 14:45:15.093,29442.0
2021-06-25 14:45:15.098,29794.0
2021-06-25 14:45:15.103,27548.0
2021-06-25 14:45:15.108,30026.0
2021-06-25 14:45:15.113,28932.0
2021-06-25 14:45:15.118,28234.0
2021-06-25 14:45:15.123,30192.0
2021-06-25 14:45:15.128,29282.0
2021-06-25 14:45:15.133,34716.0
2021-06-25 14:45:15.138,32110.0
2021-06-25 14:45:15.143,34354.0
2021-06-25 14:45:15.148,33636.0
2021-06-25 14:45:15.153,33132.0
2021-06-25 14:45:15.158,34542.0
2021-06-25 14:45:15.163,34722.0
2021-06-25 14:45:15.168,34280.0
2021-06-25 14:45:15.173,35168.0
2021-06-25 14:45:15.178,33800.0
2021-06-25 14:45:15.183,29374.0
2021-06-25 14:45:15.188,32720.0
2021-06-25 14:45:15.193,35892.0
2021-06-25 14:45:15.198,33944.0
2021-06-25 14:45:15.203,34282.0
2021-06-25 14:45:15.208,36726.0
2021-06-25 14:45:15.213,34790.0
2021-06-25 14:45:15.218,35632.0
2021-06-25 14:45:15.223,30124.0
2021-06-25 14:45:15.228,27968.0
2021-06-25 14:45:15.233,28836.0
2021-06-25 14:45:15.238,32546.0
2021-06-25 14:45:15.243,27764.0
2021-06-25 14:45:15.248,33850.0
2021-06-25 14:45:15.253,27882.0
2021-06-25 14:45:15.258,28050.0
2021-06-25 14:45:15.263,28266.0
2021-06-25 14:45:15.268,29138.0
2021-06-25 14:45:15.273,31618.0
2021-06-25 14:45:15.278,28100.0
2021-06-25 14:45:15.283,30222.0
2021-06-25 14:45:15.288,35052.0
2021-06-25 14:45:15.293,36238.0
2021-06-25 14:45:15.298,33408.0
2021-06-25 14:45:15.303,35230.0
2021-06-25 14:45:15.308,35262.0
2021-06-25 14:45:15.313,35912.0
2021-06-25 14:45:15.318,35258.0
2021-06-25 14:45:15.323,35144.0
2021-06-25 14:45:15.328,33754.0
2021-06-25 14:45:15.333,34666.0
2021-06-25 14:45:15.338,34018.0
2021-06-25 14:45:15.343,34440.0
2021-06-25 14:45:15.348,35452.0
2021-06-25 14:45:15.353,33840.0
2021-06-25 14:45:15.358,34180.0
2021-06-25 14:45:15.363,29456.0
2021-06-25 14:45:15.368,30642.0
2021-06-25 14:45:15.373,30196.0
2021-06-25 14:45:15.378,30364.0
2021-06-25 14:45:15.383,27820.0
2021-06-25 14:45:15.388,31212.0
2021-06-25 14:45:15.393,29360.0
2021-06-25 14:45:15.398,28266.0
2021-06-25 14:45:15.403,29178.0
2021-06-25 14:45:15.408,31300.0
2021-06-25 14:45:15.413,27712.0
2021-06-25 14:45:15.418,29374.0
2021-06-25 14:45:15.432,34760.0
2021-06-25 14:45:15.434,28840.0
2021-06-25 14:45:15.435,35312.0
2021-06-25 14:45:15.438,31730.0
2021-06-25 14:45:15.443,34604.0
2021-06-25 14:45:15.448,33928.0
2021-06-25 14:45:15.453,34560.0
2021-06-25 14:45:15.458,35060.0
2021-06-25 14:45:15.463,36338.0
2021-06-25 14:45:15.468,36206.0
2021-06-25 14:45:15.473,35410.0
2021-06-25 14:45:15.478,35790.0
2021-06-25 14:45:15.483,35990.0
2021-06-25 14:45:15.488,33002.0
2021-06-25 14:45:15.493,35826.0
2021-06-25 14:45:15.498,34280.0
2021-06-25 14:45:15.503,33322.0
2021-06-25 14:45:15.508,28436.0
2021-06-25 14:45:15.513,29686.0
2021-06-25 14:45:15.518,29708.0
2021-06-25 14:45:15.523,31494.0
2021-06-25 14:45:15.528,28840.0
2021-06-25 14:45:15.533,28472.0
2021-06-25 14:45:15.538,28732.0
2021-06-25 14:45:15.543,29194.0
2021-06-25 14:45:15.548,28276.0
2021-06-25 14:45:15.553,28362.0
2021-06-25 14:45:15.559,27722.0
2021-06-25 14:45:15.563,27248.0
2021-06-25 14:45:15.568,30710.0
2021-06-25 14:45:15.573,30668.0
2021-06-25 14:45:15.578,37134.0
2021-06-25 14:45:15.583,35092.0
2021-06-25 14:45:15.588,34180.0
2021-06-25 14:45:15.593,35450.0
2021-06-25 14:45:15.598,34682.0
2021-06-25 14:45:15.603,34020.0
2021-06-25 14:45:15.608,34502.0
2021-06-25 14:45:15.613,35596.0
2021-06-25 14:45:15.618,37714.0
2021-06-25 14:45:15.623,35376.0
2021-06-25 14:45:15.628,34512.0
2021-06-25 14:45:15.633,35694.0
2021-06-25 14:45:15.638,32594.0
2021-06-25 14:45:15.644,34230.0
2021-06-25 14:45:15.648,35914.0
2021-06-25 14:45:15.653,33450.0
2021-06-25 14:45:15.658,28472.0
2021-06-25 14:45:15.663,28850.0
2021-06-25 14:45:15.668,29692.0
2021-06-25 14:45:15.673,28224.0
2021-06-25 14:45:15.678,33706.0
2021-06-25 14:45:15.683,28598.0
2021-06-25 14:45:15.688,30704.0
2021-06-25 14:45:15.693,26866.0
2021-06-25 14:45:15.698,29010.0
2021-06-25 14:45:15.703,28620.0
2021-06-25 14:45:15.708,27486.0
2021-06-25 14:45:15.713,29108.0
2021-06-25 14:45:15.718,28492.0
2021-06-25 14:45:15.723,27336.0
2021-06-25 14:45:15.729,36446.0
2021-06-25 14:45:15.733,33790.0
2021-06-25 14:45:15.738,32114.0
2021-06-25 14:45:15.743,33772.0
2021-06-25 14:45:15.748,32382.0
2021-06-25 14:45:15.753,35020.0
2021-06-25 14:45:15.758,34738.0
2021-06-25 14:45:15.763,33700.0
2021-06-25 14:45:15.768,33824.0
2021-06-25 14:45:15.773,34778.0
2021-06-25 14:45:15.778,35458.0
2021-06-25 14:45:15.783,36396.0
2021-06-25 14:45:15.788,33754.0
2021-06-25 14:45:15.793,35108.0
2021-06-25 14:45:15.798,34512.0
2021-06-25 14:45:15.803,34122.0
2021-06-25 14:45:15.808,34790.0
2021-06-25 14:45:15.813,29774.0
2021-06-25 14:45:15.818,27778.0
2021-06-25 14:45:15.823,28390.0
2021-06-25 14:45:15.828,29622.0
2021-06-25 14:45:15.833,29528.0
2021-06-25 14:45:15.838,26930.0
2021-06-25 14:45:15.843,32776.0
2021-06-25 14:45:15.848,28932.0
2021-06-25 14:45:15.853,28558.0
2021-06-25 14:45:15.858,29976.0
2021-06-25 14:45:15.863,29292.0
2021-06-25 14:45:15.868,27464.0
2021-06-25 14:45:15.873,28908.0
2021-06-25 14:45:15.878,31654.0
2021-06-25 14:45:15.883,28496.0
2021-06-25 14:45:15.888,34148.0
2021-06-25 14:45:15.893,34770.0
2021-06-25 14:45:15.898,35586.0
2021-06-25 14:45:15.903,34194.0
2021-06-25 14:45:15.908,35430.0
2021-06-25 14:45:15.913,34678.0
2021-06-25 14:45:15.918,34580.0
2021-06-25 14:45:15.923,35370.0
2021-06-25 14:45:15.928,34080.0
2021-06-25 14:45:15.933,34820.0
2021-06-25 14:45:15.938,33880.0
2021-06-25 14:45:15.943,32930.0
2021-06-25 14:45:15.948,33510.0
2021-06-25 14:45:15.953,34752.0
2021-06-25 14:45:15.958,35830.0
2021-06-25 14:45:15.963,28456.0
2021-06-25 14:45:15.968,28040.0
2021-06-25 14:45:15.973,30328.0
2021-06-25 14:45:15.978,28938.0
2021-06-25 14:45:15.983,27828.0
2021-06-25 14:45:15.988,28742.0
2021-06-25 14:45:15.993,30462.0
2021-06-25 14:45:15.998,29132.0
2021-06-25 14:45:16.003,29368.0
2021-06-25 14:45:16.008,26864.0
2021-06-25 14:45:16.013,27476.0
2021-06-25 14:45:16.018,29476.0
2021-06-25 14:45:16.023,29682.0
2021-06-25 14:45:16.028,27782.0
2021-06-25 14:45:16.033,27902.0
2021-06-25 14:45:16.038,35138.0
2021-06-25 14:45:16.043,33536.0
2021-06-25 14:45:16.048,35138.0
2021-06-25 14:45:16.053,35020.0
2021-06-25 14:45:16.058,35456.0
2021-06-25 14:45:16.063,36026.0
2021-06-25 14:45:16.068,34780.0
2021-06-25 14:45:16.073,33728.0
2021-06-25 14:45:16.078,33474.0
2021-06-25 14:45:16.083,34934.0
2021-06-25 14:45:16.088,31894.0
2021-06-25 14:45:16.093,32350.0
2021-06-25 14:45:16.098,34282.0
2021-06-25 14:45:16.103,35286.0
2021-06-25 14:45:16.108,34460.0
2021-06-25 14:45:16.113,30118.0
2021-06-25 14:45:16.118,27824.0
2021-06-25 14:45:16.123,27854.0
2021-06-25 14:45:16.128,30400.0
2021-06-25 14:45:16.133,27208.0
2021-06-25 14:45:16.138,28820.0
2021-06-25 14:45:16.143,31048.0
2021-06-25 14:45:16.148,26648.0
2021-06-25 14:45:16.153,26972.0
2021-06-25 14:45:16.158,29072.0
2021-06-25 14:45:16.163,30112.0
2021-06-25 14:45:16.168,28138.0
2021-06-25 14:45:16.173,28888.0
2021-06-25 14:45:16.178,31612.0
2021-06-25 14:45:16.183,27588.0
2021-06-25 14:45:16.188,34574.0
2021-06-25 14:45:16.193,34144.0
2021-06-25 14:45:16.199,34968.0
2021-06-25 14:45:16.203,34570.0
2021-06-25 14:45:16.208,32962.0
2021-06-25 14:45:16.213,34172.0
2021-06-25 14:45:16.218,35534.0
2021-06-25 14:45:16.223,32096.0
2021-06-25 14:45:16.228,33988.0
2021-06-25 14:45:16.233,33980.0
2021-06-25 14:45:16.238,33692.0
2021-06-25 14:45:16.243,33762.0
2021-06-25 14:45:16.248,35368.0
2021-06-25 14:45:16.253,34768.0
2021-06-25 14:45:16.258,33526.0
2021-06-25 14:45:16.263,28246.0
2021-06-25 14:45:16.268,27778.0
2021-06-25 14:45:16.273,29122.0
2021-06-25 14:45:16.278,31212.0
2021-06-25 14:45:16.284,29354.0
2021-06-25 14:45:16.288,27470.0
2021-06-25 14:45:16.293,32202.0
2021-06-25 14:45:16.298,27680.0
2021-06-25 14:45:16.303,28978.0
2021-06-25 14:45:16.308,26746.0
2021-06-25 14:45:16.313,29250.0
2021-06-25 14:45:16.318,27598.0
2021-06-25 14:45:16.323,28840.0
2021-06-25 14:45:16.328,29866.0
2021-06-25 14:45:16.333,30232.0
2021-06-25 14:45:16.338,32884.0
2021-06-25 14:45:16.343,34960.0
2021-06-25 14:45:16.348,34568.0
2021-06-25 14:45:16.353,33718.0
2021-06-25 14:45:16.358,33414.0
2021-06-25 14:45:16.363,34742.0
2021-06-25 14:45:16.369,35468.0
2021-06-25 14:45:16.373,35350.0
2021-06-25 14:45:16.378,34650.0
2021-06-25 14:45:16.383,32628.0
2021-06-25 14:45:16.388,30590.0
2021-06-25 14:45:16.393,31418.0
2021-06-25 14:45:16.398,34804.0
2021-06-25 14:45:16.403,34128.0
2021-06-25 14:45:16.408,35214.0
2021-06-25 14:45:16.413,34472.0
2021-06-25 14:45:16.418,29482.0
2021-06-25 14:45:16.423,31080.0
2021-06-25 14:45:16.428,27782.0
2021-06-25 14:45:16.433,31402.0
2021-06-25 14:45:16.438,28060.0
2021-06-25 14:45:16.443,33064.0
2021-06-25 14:45:16.448,28806.0
2021-06-25 14:45:16.453,27102.0
2021-06-25 14:45:16.458,27676.0
2021-06-25 14:45:16.463,28542.0
2021-06-25 14:45:16.468,28548.0
2021-06-25 14:45:16.473,30622.0
2021-06-25 14:45:16.478,29278.0
2021-06-25 14:45:16.483,30580.0
2021-06-25 14:45:16.488,30484.0
2021-06-25 14:45:16.493,32022.0
2021-06-25 14:45:16.498,33650.0
2021-06-25 14:45:16.503,33450.0
2021-06-25 14:45:16.508,34486.0
2021-06-25 14:45:16.513,32674.0
2021-06-25 14:45:16.518,34630.0
2021-06-25 14:45:16.523,36382.0
2021-06-25 14:45:16.528,33968.0
2021-06-25 14:45:16.533,35708.0
2021-06-25 14:45:16.538,34098.0
2021-06-25 14:45:16.543,34898.0
2021-06-25 14:45:16.548,33610.0
2021-06-25 14:45:16.553,33572.0
2021-06-25 14:45:16.558,33944.0
2021-06-25 14:45:16.563,35396.0
2021-06-25 14:45:16.568,27018.0
2021-06-25 14:45:16.573,28144.0
2021-06-25 14:45:16.578,28380.0
2021-06-25 14:45:16.583,32132.0
2021-06-25 14:45:16.588,27084.0
2021-06-25 14:45:16.593,27316.0
2021-06-25 14:45:16.598,31490.0
2021-06-25 14:45:16.603,28842.0
2021-06-25 14:45:16.608,26812.0
2021-06-25 14:45:16.613,30376.0
2021-06-25 14:45:16.618,28516.0
2021-06-25 14:45:16.623,28752.0
2021-06-25 14:45:16.628,29996.0
2021-06-25 14:45:16.633,30458.0
2021-06-25 14:45:16.638,29082.0
2021-06-25 14:45:16.643,32704.0
2021-06-25 14:45:16.648,31998.0
2021-06-25 14:45:16.653,33240.0
2021-06-25 14:45:16.658,34126.0
2021-06-25 14:45:16.663,33604.0
2021-06-25 14:45:16.668,33434.0
2021-06-25 14:45:16.673,34994.0
2021-06-25 14:45:16.678,34050.0
2021-06-25 14:45:16.683,34796.0
2021-06-25 14:45:16.688,33240.0
2021-06-25 14:45:16.693,34190.0
2021-06-25 14:45:16.698,34234.0
2021-06-25 14:45:16.703,34758.0
2021-06-25 14:45:16.708,35420.0
2021-06-25 14:45:16.713,34800.0
2021-06-25 14:45:16.718,34334.0
2021-06-25 14:45:16.723,34426.0
2021-06-25 14:45:16.728,29502.0
2021-06-25 14:45:16.733,29976.0
2021-06-25 14:45:16.738,29482.0
2021-06-25 14:45:16.743,31072.0
2021-06-25 14:45:16.748,28332.0
2021-06-25 14:45:16.753,30672.0
2021-06-25 14:45:16.758,28204.0
2021-06-25 14:45:16.763,27240.0
2021-06-25 14:45:16.768,27882.0
2021-06-25 14:45:16.773,30412.0
2021-06-25 14:45:16.778,27512.0
2021-06-25 14:45:16.783,28978.0
2021-06-25 14:45:16.788,29298.0
2021-06-25 14:45:16.793,30780.0
2021-06-25 14:45:16.798,34194.0
2021-06-25 14:45:16.803,34142.0
2021-06-25 14:45:16.808,34144.0
2021-06-25 14:45:16.813,36006.0
2021-06-25 14:45:16.818,34066.0
2021-06-25 14:45:16.823,34816.0
2021-06-25 14:45:16.828,34696.0
2021-06-25 14:45:16.833,34260.0
2021-06-25 14:45:16.839,34732.0
2021-06-25 14:45:16.843,32884.0
2021-06-25 14:45:16.848,31136.0
2021-06-25 14:45:16.853,34708.0
2021-06-25 14:45:16.858,35132.0
2021-06-25 14:45:16.863,34610.0
2021-06-25 14:45:16.868,34960.0
2021-06-25 14:45:16.873,29338.0
2021-06-25 14:45:16.878,30764.0
2021-06-25 14:45:16.883,29322.0
2021-06-25 14:45:16.888,31586.0
2021-06-25 14:45:16.893,27716.0
2021-06-25 14:45:16.898,27224.0
2021-06-25 14:45:16.903,28168.0
2021-06-25 14:45:16.908,29168.0
2021-06-25 14:45:16.913,27270.0
2021-06-25 14:45:16.918,27890.0
2021-06-25 14:45:16.924,27810.0
2021-06-25 14:45:16.928,27194.0
2021-06-25 14:45:16.933,31090.0
2021-06-25 14:45:16.938,29804.0
2021-06-25 14:45:16.943,31852.0
2021-06-25 14:45:16.948,33364.0
2021-06-25 14:45:16.953,34968.0
2021-06-25 14:45:16.958,35098.0
2021-06-25 14:45:16.963,32716.0
2021-06-25 14:45:16.968,35298.0
2021-06-25 14:45:16.973,35286.0
2021-06-25 14:45:16.978,35620.0
2021-06-25 14:45:16.983,35124.0
2021-06-25 14:45:16.988,34532.0
2021-06-25 14:45:16.993,34026.0
2021-06-25 14:45:16.998,33428.0
2021-06-25 14:45:17.003,33818.0
2021-06-25 14:45:17.009,33084.0
2021-06-25 14:45:17.013,31484.0
2021-06-25 14:45:17.018,33584.0
2021-06-25 14:45:17.023,34574.0
2021-06-25 14:45:17.028,33394.0
2021-06-25 14:45:17.033,30000.0
2021-06-25 14:45:17.038,29842.0
2021-06-25 14:45:17.043,29256.0
2021-06-25 14:45:17.048,28706.0
2021-06-25 14:45:17.053,28886.0
2021-06-25 14:45:17.058,28906.0
2021-06-25 14:45:17.063,29296.0
2021-06-25 14:45:17.068,28272.0
2021-06-25 14:45:17.073,29118.0
2021-06-25 14:45:17.078,29548.0
2021-06-25 14:45:17.083,29354.0
2021-06-25 14:45:17.088,29416.0
2021-06-25 14:45:17.093,29594.0
2021-06-25 14:45:17.098,31770.0
2021-06-25 14:45:17.103,34924.0
2021-06-25 14:45:17.108,34778.0
2021-06-25 14:45:17.113,35000.0
2021-06-25 14:45:17.118,35242.0
2021-06-25 14:45:17.123,34876.0
2021-06-25 14:45:17.128,34788.0
2021-06-25 14:45:17.133,36642.0
2021-06-25 14:45:17.138,34138.0
2021-06-25 14:45:17.143,33038.0
2021-06-25 14:45:17.148,34020.0
2021-06-25 14:45:17.153,35380.0
2021-06-25 14:45:17.158,32598.0
2021-06-25 14:45:17.163,34050.0
2021-06-25 14:45:17.168,34172.0
2021-06-25 14:45:17.173,32920.0
2021-06-25 14:45:17.178,32450.0
2021-06-25 14:45:17.183,34584.0
2021-06-25 14:45:17.188,28384.0
2021-06-25 14:45:17.193,29652.0
2021-06-25 14:45:17.198,29414.0
2021-06-25 14:45:17.203,30554.0
2021-06-25 14:45:17.208,27290.0
2021-06-25 14:45:17.213,33408.0
2021-06-25 14:45:17.218,28974.0
2021-06-25 14:45:17.223,28254.0
2021-06-25 14:45:17.228,29242.0
2021-06-25 14:45:17.233,29760.0
2021-06-25 14:45:17.238,28752.0
2021-06-25 14:45:17.243,29112.0
2021-06-25 14:45:17.248,26930.0
2021-06-25 14:45:17.253,31232.0
2021-06-25 14:45:17.258,31632.0
2021-06-25 14:45:17.263,35626.0
2021-06-25 14:45:17.268,38756.0
2021-06-25 14:45:17.273,38304.0
2021-06-25 14:45:17.278,38014.0
2021-06-25 14:45:17.283,37038.0
2021-06-25 14:45:17.288,37648.0
2021-06-25 14:45:17.293,38386.0
2021-06-25 14:45:17.298,38922.0
2021-06-25 14:45:17.303,40090.0
2021-06-25 14:45:17.308,39384.0
2021-06-25 14:45:17.313,40852.0
2021-06-25 14:45:17.318,40842.0
2021-06-25 14:45:17.323,41816.0
2021-06-25 14:45:17.328,40722.0
2021-06-25 14:45:17.333,42564.0
2021-06-25 14:45:17.338,38412.0
2021-06-25 14:45:17.343,41866.0
2021-06-25 14:45:17.348,37192.0
2021-06-25 14:45:17.353,34030.0
2021-06-25 14:45:17.358,35322.0
2021-06-25 14:45:17.363,37388.0
2021-06-25 14:45:17.368,34688.0
2021-06-25 14:45:17.373,33778.0
2021-06-25 14:45:17.378,38050.0
2021-06-25 14:45:17.383,37298.0
2021-06-25 14:45:17.388,33510.0
2021-06-25 14:45:17.393,34154.0
2021-06-25 14:45:17.398,35132.0
2021-06-25 14:45:17.403,32876.0
2021-06-25 14:45:17.408,34342.0
2021-06-25 14:45:17.413,32316.0
2021-06-25 14:45:17.418,34518.0
2021-06-25 14:45:17.423,39912.0
2021-06-25 14:45:17.428,39100.0
2021-06-25 14:45:17.433,39254.0
2021-06-25 14:45:17.438,37756.0
2021-06-25 14:45:17.443,35740.0
2021-06-25 14:45:17.448,36196.0
2021-06-25 14:45:17.453,37644.0
2021-06-25 14:45:17.458,39010.0
2021-06-25 14:45:17.463,38254.0
2021-06-25 14:45:17.468,38930.0
2021-06-25 14:45:17.473,38424.0
2021-06-25 14:45:17.479,39650.0
2021-06-25 14:45:17.483,37914.0
2021-06-25 14:45:17.488,35776.0
2021-06-25 14:45:17.493,36862.0
2021-06-25 14:45:17.498,35534.0
2021-06-25 14:45:17.503,30658.0
2021-06-25 14:45:17.508,33276.0
2021-06-25 14:45:17.513,32592.0
2021-06-25 14:45:17.518,34950.0
2021-06-25 14:45:17.523,31346.0
2021-06-25 14:45:17.528,37314.0
2021-06-25 14:45:17.533,33482.0
2021-06-25 14:45:17.538,32690.0
2021-06-25 14:45:17.543,32270.0
2021-06-25 14:45:17.548,31360.0
2021-06-25 14:45:17.553,31962.0
2021-06-25 14:45:17.558,32322.0
2021-06-25 14:45:17.564,31402.0
2021-06-25 14:45:17.568,32932.0
2021-06-25 14:45:17.573,38202.0
2021-06-25 14:45:17.578,37270.0
2021-06-25 14:45:17.583,38366.0
2021-06-25 14:45:17.588,35466.0
2021-06-25 14:45:17.593,36220.0
2021-06-25 14:45:17.598,36646.0
2021-06-25 14:45:17.603,38828.0
2021-06-25 14:45:17.608,38038.0
2021-06-25 14:45:17.613,36546.0
2021-06-25 14:45:17.618,37808.0
2021-06-25 14:45:17.623,39424.0
2021-06-25 14:45:17.628,39700.0
2021-06-25 14:45:17.633,37372.0
2021-06-25 14:45:17.638,36690.0
2021-06-25 14:45:17.643,39430.0
2021-06-25 14:45:17.649,38022.0
2021-06-25 14:45:17.653,37254.0
2021-06-25 14:45:17.658,31894.0
2021-06-25 14:45:17.663,32178.0
2021-06-25 14:45:17.668,31274.0
2021-06-25 14:45:17.673,34630.0
2021-06-25 14:45:17.678,32896.0
2021-06-25 14:45:17.683,33286.0
2021-06-25 14:45:17.688,38376.0
2021-06-25 14:45:17.693,33184.0
2021-06-25 14:45:17.698,30848.0
2021-06-25 14:45:17.703,32506.0
2021-06-25 14:45:17.708,30652.0
2021-06-25 14:45:17.713,33192.0
2021-06-25 14:45:17.718,31402.0
2021-06-25 14:45:17.723,31978.0
2021-06-25 14:45:17.728,38936.0
2021-06-25 14:45:17.733,40380.0
2021-06-25 14:45:17.738,40758.0
2021-06-25 14:45:17.743,37130.0
2021-06-25 14:45:17.748,36416.0
2021-06-25 14:45:17.753,39238.0
2021-06-25 14:45:17.758,39436.0
2021-06-25 14:45:17.763,39420.0
2021-06-25 14:45:17.768,38870.0
2021-06-25 14:45:17.773,39188.0
2021-06-25 14:45:17.778,39178.0
2021-06-25 14:45:17.783,40316.0
2021-06-25 14:45:17.788,40200.0
2021-06-25 14:45:17.793,39708.0
2021-06-25 14:45:17.798,38248.0
2021-06-25 14:45:17.803,39906.0
2021-06-25 14:45:17.808,40456.0
2021-06-25 14:45:17.813,33988.0
2021-06-25 14:45:17.818,34980.0
2021-06-25 14:45:17.823,32504.0
2021-06-25 14:45:17.828,35630.0
2021-06-25 14:45:17.841,36772.0
2021-06-25 14:45:17.843,33400.0
2021-06-25 14:45:17.844,31822.0
2021-06-25 14:45:17.848,32398.0
2021-06-25 14:45:17.853,33418.0
2021-06-25 14:45:17.858,31100.0
2021-06-25 14:45:17.863,33246.0
2021-06-25 14:45:17.868,32520.0
2021-06-25 14:45:17.873,32048.0
2021-06-25 14:45:17.878,33158.0
2021-06-25 14:45:17.883,35620.0
2021-06-25 14:45:17.888,37778.0
2021-06-25 14:45:17.893,35764.0
2021-06-25 14:45:17.898,36518.0
2021-06-25 14:45:17.903,36872.0
2021-06-25 14:45:17.908,36094.0
2021-06-25 14:45:17.913,36108.0
2021-06-25 14:45:17.918,35724.0
2021-06-25 14:45:17.923,38336.0
2021-06-25 14:45:17.928,36412.0
2021-06-25 14:45:17.933,37108.0
2021-06-25 14:45:17.938,38398.0
2021-06-25 14:45:17.943,38864.0
2021-06-25 14:45:17.948,36884.0
2021-06-25 14:45:17.953,37002.0
2021-06-25 14:45:17.958,35328.0
2021-06-25 14:45:17.963,29282.0
2021-06-25 14:45:17.968,30772.0
2021-06-25 14:45:17.973,30946.0
2021-06-25 14:45:17.978,33004.0
2021-06-25 14:45:17.983,31950.0
2021-06-25 14:45:17.988,33162.0
2021-06-25 14:45:17.993,32684.0
2021-06-25 14:45:17.998,30766.0
2021-06-25 14:45:18.003,30112.0
2021-06-25 14:45:18.008,31546.0
2021-06-25 14:45:18.013,30662.0
2021-06-25 14:45:18.018,32726.0
2021-06-25 14:45:18.023,32748.0
2021-06-25 14:45:18.028,31952.0
2021-06-25 14:45:18.033,37770.0
2021-06-25 14:45:18.038,39418.0
2021-06-25 14:45:18.043,38218.0
2021-06-25 14:45:18.048,37146.0
2021-06-25 14:45:18.053,36688.0
2021-06-25 14:45:18.058,37134.0
2021-06-25 14:45:18.063,37022.0
2021-06-25 14:45:18.068,36698.0
2021-06-25 14:45:18.073,36708.0
2021-06-25 14:45:18.078,38320.0
2021-06-25 14:45:18.083,38078.0
2021-06-25 14:45:18.088,36504.0
2021-06-25 14:45:18.093,36130.0
2021-06-25 14:45:18.098,36000.0
2021-06-25 14:45:18.103,35944.0
2021-06-25 14:45:18.108,30910.0
2021-06-25 14:45:18.113,32168.0
2021-06-25 14:45:18.119,33230.0
2021-06-25 14:45:18.123,35442.0
2021-06-25 14:45:18.128,31294.0
2021-06-25 14:45:18.133,31930.0
2021-06-25 14:45:18.138,30658.0
2021-06-25 14:45:18.143,30756.0
2021-06-25 14:45:18.148,32684.0
2021-06-25 14:45:18.153,30838.0
2021-06-25 14:45:18.158,35502.0
2021-06-25 14:45:18.163,31798.0
2021-06-25 14:45:18.168,31762.0
2021-06-25 14:45:18.173,31978.0
2021-06-25 14:45:18.178,37330.0
2021-06-25 14:45:18.183,37336.0
2021-06-25 14:45:18.188,36216.0
2021-06-25 14:45:18.193,36426.0
2021-06-25 14:45:18.198,37572.0
2021-06-25 14:45:18.204,35754.0
2021-06-25 14:45:18.208,35662.0
2021-06-25 14:45:18.213,37406.0
2021-06-25 14:45:18.218,36672.0
2021-06-25 14:45:18.223,36058.0
2021-06-25 14:45:18.228,36986.0
2021-06-25 14:45:18.233,37264.0
2021-06-25 14:45:18.238,39074.0
2021-06-25 14:45:18.243,34924.0
2021-06-25 14:45:18.248,32176.0
2021-06-25 14:45:18.253,36616.0
2021-06-25 14:45:18.258,37380.0
2021-06-25 14:45:18.263,35930.0
2021-06-25 14:45:18.268,29848.0
2021-06-25 14:45:18.273,32368.0
2021-06-25 14:45:18.278,32550.0
2021-06-25 14:45:18.283,30438.0
2021-06-25 14:45:18.289,32562.0
2021-06-25 14:45:18.293,35476.0
2021-06-25 14:45:18.298,30718.0
2021-06-25 14:45:18.303,30698.0
2021-06-25 14:45:18.308,30190.0
2021-06-25 14:45:18.313,31806.0
2021-06-25 14:45:18.318,31170.0
2021-06-25 14:45:18.323,32140.0
2021-06-25 14:45:18.328,32434.0
2021-06-25 14:45:18.333,39410.0
2021-06-25 14:45:18.338,36746.0
2021-06-25 14:45:18.343,36914.0
2021-06-25 14:45:18.348,37524.0
2021-06-25 14:45:18.353,37372.0
2021-06-25 14:45:18.358,36048.0
2021-06-25 14:45:18.363,36390.0
2021-06-25 14:45:18.368,35758.0
2021-06-25 14:45:18.373,37828.0
2021-06-25 14:45:18.378,35820.0
2021-06-25 14:45:18.383,35836.0
2021-06-25 14:45:18.388,36046.0
2021-06-25 14:45:18.393,35868.0
2021-06-25 14:45:18.398,32402.0
2021-06-25 14:45:18.403,35282.0
2021-06-25 14:45:18.408,37606.0
2021-06-25 14:45:18.413,31544.0
2021-06-25 14:45:18.418,29678.0
2021-06-25 14:45:18.423,31652.0
2021-06-25 14:45:18.428,31350.0
2021-06-25 14:45:18.433,33644.0
2021-06-25 14:45:18.438,34666.0
2021-06-25 14:45:18.443,29780.0
2021-06-25 14:45:18.448,30592.0
2021-06-25 14:45:18.453,30452.0
2021-06-25 14:45:18.458,29966.0
2021-06-25 14:45:18.463,29000.0
2021-06-25 14:45:18.468,31232.0
2021-06-25 14:45:18.473,30756.0
2021-06-25 14:45:18.478,37732.0
2021-06-25 14:45:18.483,38710.0
2021-06-25 14:45:18.488,38212.0
2021-06-25 14:45:18.493,36520.0
2021-06-25 14:45:18.498,31860.0
2021-06-25 14:45:18.503,35524.0
2021-06-25 14:45:18.508,37690.0
2021-06-25 14:45:18.513,36704.0
2021-06-25 14:45:18.518,36380.0
2021-06-25 14:45:18.523,35714.0
2021-06-25 14:45:18.528,39056.0
2021-06-25 14:45:18.533,37062.0
2021-06-25 14:45:18.538,35702.0
2021-06-25 14:45:18.543,36320.0
2021-06-25 14:45:18.548,36206.0
2021-06-25 14:45:18.553,36708.0
2021-06-25 14:45:18.558,31606.0
2021-06-25 14:45:18.563,32260.0
2021-06-25 14:45:18.568,33902.0
2021-06-25 14:45:18.573,29904.0
2021-06-25 14:45:18.578,31740.0
2021-06-25 14:45:18.583,35986.0
2021-06-25 14:45:18.588,29560.0
2021-06-25 14:45:18.593,32132.0
2021-06-25 14:45:18.598,31710.0
2021-06-25 14:45:18.603,32476.0
2021-06-25 14:45:18.608,32366.0
2021-06-25 14:45:18.613,29790.0
2021-06-25 14:45:18.618,31290.0
2021-06-25 14:45:18.623,36898.0
2021-06-25 14:45:18.628,37860.0
2021-06-25 14:45:18.633,39450.0
2021-06-25 14:45:18.638,36920.0
2021-06-25 14:45:18.643,37798.0
2021-06-25 14:45:18.648,37252.0
2021-06-25 14:45:18.653,36862.0
2021-06-25 14:45:18.658,37478.0
2021-06-25 14:45:18.663,36042.0
2021-06-25 14:45:18.668,38414.0
2021-06-25 14:45:18.673,38812.0
2021-06-25 14:45:18.678,37694.0
2021-06-25 14:45:18.683,39646.0
2021-06-25 14:45:18.688,38864.0
2021-06-25 14:45:18.693,37546.0
2021-06-25 14:45:18.698,31962.0
2021-06-25 14:45:18.703,30534.0
2021-06-25 14:45:18.708,31736.0
2021-06-25 14:45:18.713,31294.0
2021-06-25 14:45:18.718,30838.0
2021-06-25 14:45:18.723,35770.0
2021-06-25 14:45:18.728,31986.0
2021-06-25 14:45:18.733,31392.0
2021-06-25 14:45:18.738,32828.0
2021-06-25 14:45:18.743,31234.0
2021-06-25 14:45:18.748,30652.0
2021-06-25 14:45:18.753,32032.0
2021-06-25 14:45:18.759,31884.0
2021-06-25 14:45:18.763,38022.0
2021-06-25 14:45:18.768,37524.0
2021-06-25 14:45:18.773,37976.0
2021-06-25 14:45:18.778,38340.0
2021-06-25 14:45:18.783,37992.0
2021-06-25 14:45:18.788,36736.0
2021-06-25 14:45:18.793,36528.0
2021-06-25 14:45:18.798,32480.0
2021-06-25 14:45:18.803,36298.0
2021-06-25 14:45:18.808,38090.0
2021-06-25 14:45:18.813,36492.0
2021-06-25 14:45:18.818,37588.0
2021-06-25 14:45:18.823,37316.0
2021-06-25 14:45:18.828,36498.0
2021-06-25 14:45:18.833,35612.0
2021-06-25 14:45:18.838,33854.0
2021-06-25 14:45:18.844,31798.0
2021-06-25 14:45:18.848,31756.0
2021-06-25 14:45:18.853,31906.0
2021-06-25 14:45:18.858,32782.0
2021-06-25 14:45:18.863,31026.0
2021-06-25 14:45:18.868,35214.0
2021-06-25 14:45:18.873,32988.0
2021-06-25 14:45:18.878,29622.0
2021-06-25 14:45:18.883,33240.0
2021-06-25 14:45:18.888,30380.0
2021-06-25 14:45:18.893,31894.0
2021-06-25 14:45:18.898,31556.0
2021-06-25 14:45:18.903,37988.0
2021-06-25 14:45:18.908,37546.0
2021-06-25 14:45:18.913,37196.0
2021-06-25 14:45:18.918,36668.0
2021-06-25 14:45:18.923,37710.0
2021-06-25 14:45:18.929,38068.0
2021-06-25 14:45:18.933,37520.0
2021-06-25 14:45:18.938,36888.0
2021-06-25 14:45:18.943,36684.0
2021-06-25 14:45:18.948,35576.0
2021-06-25 14:45:18.953,36426.0
2021-06-25 14:45:18.958,36642.0
2021-06-25 14:45:18.963,36196.0
2021-06-25 14:45:18.968,36376.0
2021-06-25 14:45:18.973,37674.0
2021-06-25 14:45:18.978,32640.0
2021-06-25 14:45:18.983,30094.0
2021-06-25 14:45:18.988,31310.0
2021-06-25 14:45:18.993,33246.0
2021-06-25 14:45:18.998,31890.0
2021-06-25 14:45:19.003,28886.0
2021-06-25 14:45:19.008,34152.0
2021-06-25 14:45:19.013,28788.0
2021-06-25 14:45:19.018,29240.0
2021-06-25 14:45:19.023,29812.0
2021-06-25 14:45:19.028,29590.0
2021-06-25 14:45:19.033,31258.0
2021-06-25 14:45:19.038,30890.0
2021-06-25 14:45:19.043,32060.0
2021-06-25 14:45:19.048,35976.0
2021-06-25 14:45:19.053,37752.0
2021-06-25 14:45:19.058,36210.0
2021-06-25 14:45:19.063,38444.0
2021-06-25 14:45:19.068,37064.0
2021-06-25 14:45:19.073,38648.0
2021-06-25 14:45:19.078,38630.0
2021-06-25 14:45:19.083,37520.0
2021-06-25 14:45:19.088,38752.0
2021-06-25 14:45:19.093,38394.0
2021-06-25 14:45:19.098,36736.0
2021-06-25 14:45:19.103,36754.0
2021-06-25 14:45:19.108,36334.0
2021-06-25 14:45:19.113,38568.0
2021-06-25 14:45:19.118,38376.0
2021-06-25 14:45:19.123,33286.0
2021-06-25 14:45:19.128,32460.0
2021-06-25 14:45:19.133,33264.0
2021-06-25 14:45:19.138,31658.0
2021-06-25 14:45:19.143,35518.0
2021-06-25 14:45:19.148,34154.0
2021-06-25 14:45:19.153,32150.0
2021-06-25 14:45:19.158,31896.0
2021-06-25 14:45:19.163,32930.0
2021-06-25 14:45:19.168,30882.0
2021-06-25 14:45:19.173,32350.0
2021-06-25 14:45:19.178,38588.0
2021-06-25 14:45:19.183,38204.0
2021-06-25 14:45:19.188,38438.0
2021-06-25 14:45:19.193,37416.0
2021-06-25 14:45:19.198,38078.0
2021-06-25 14:45:19.203,37976.0
2021-06-25 14:45:19.208,38050.0
2021-06-25 14:45:19.213,38188.0
2021-06-25 14:45:19.218,37052.0
2021-06-25 14:45:19.223,36452.0
2021-06-25 14:45:19.228,38906.0
2021-06-25 14:45:19.233,39608.0
2021-06-25 14:45:19.238,35668.0
2021-06-25 14:45:19.243,38674.0
2021-06-25 14:45:19.248,40790.0
2021-06-25 14:45:19.253,38850.0
2021-06-25 14:45:19.258,38054.0
2021-06-25 14:45:19.263,33438.0
2021-06-25 14:45:19.268,30328.0
2021-06-25 14:45:19.273,29774.0
2021-06-25 14:45:19.278,32592.0
2021-06-25 14:45:19.283,31576.0
2021-06-25 14:45:19.288,36482.0
2021-06-25 14:45:19.293,32758.0
2021-06-25 14:45:19.298,30888.0
2021-06-25 14:45:19.303,32854.0
2021-06-25 14:45:19.308,32326.0
2021-06-25 14:45:19.313,33210.0
2021-06-25 14:45:19.318,37080.0
2021-06-25 14:45:19.323,36828.0
2021-06-25 14:45:19.328,36852.0
2021-06-25 14:45:19.333,37644.0
2021-06-25 14:45:19.338,38100.0
2021-06-25 14:45:19.343,38058.0
2021-06-25 14:45:19.348,37788.0
2021-06-25 14:45:19.353,35566.0
2021-06-25 14:45:19.358,35672.0
2021-06-25 14:45:19.363,36714.0
2021-06-25 14:45:19.368,35564.0
2021-06-25 14:45:19.373,34994.0
2021-06-25 14:45:19.378,37834.0
2021-06-25 14:45:19.383,37950.0
2021-06-25 14:45:19.388,34760.0
2021-06-25 14:45:19.393,35940.0
2021-06-25 14:45:19.399,37216.0
2021-06-25 14:45:19.403,31530.0
2021-06-25 14:45:19.408,31172.0
2021-06-25 14:45:19.413,32014.0
2021-06-25 14:45:19.418,29092.0
2021-06-25 14:45:19.423,31978.0
2021-06-25 14:45:19.428,31198.0
2021-06-25 14:45:19.433,35682.0
2021-06-25 14:45:19.438,33204.0
2021-06-25 14:45:19.443,32268.0
2021-06-25 14:45:19.448,32562.0
2021-06-25 14:45:19.453,33030.0
2021-06-25 14:45:19.458,33424.0
2021-06-25 14:45:19.463,29820.0
2021-06-25 14:45:19.468,38044.0
2021-06-25 14:45:19.473,38332.0
2021-06-25 14:45:19.478,37416.0
2021-06-25 14:45:19.484,34584.0
2021-06-25 14:45:19.488,34758.0
2021-06-25 14:45:19.493,34774.0
2021-06-25 14:45:19.498,34764.0
2021-06-25 14:45:19.503,35016.0
2021-06-25 14:45:19.508,32132.0
2021-06-25 14:45:19.513,34404.0
2021-06-25 14:45:19.518,33610.0
2021-06-25 14:45:19.523,33754.0
2021-06-25 14:45:19.528,34840.0
2021-06-25 14:45:19.533,35324.0
2021-06-25 14:45:19.538,28666.0
2021-06-25 14:45:19.543,27228.0
2021-06-25 14:45:19.548,29648.0
2021-06-25 14:45:19.553,26824.0
2021-06-25 14:45:19.558,27834.0
2021-06-25 14:45:19.563,32470.0
2021-06-25 14:45:19.569,27050.0
2021-06-25 14:45:19.573,28316.0
2021-06-25 14:45:19.578,28682.0
2021-06-25 14:45:19.583,29878.0
2021-06-25 14:45:19.588,31714.0
2021-06-25 14:45:19.593,35990.0
2021-06-25 14:45:19.598,36006.0
2021-06-25 14:45:19.603,34444.0
2021-06-25 14:45:19.608,33264.0
2021-06-25 14:45:19.613,35442.0
2021-06-25 14:45:19.618,35666.0
2021-06-25 14:45:19.623,35566.0
2021-06-25 14:45:19.628,37268.0
2021-06-25 14:45:19.633,35446.0
2021-06-25 14:45:19.638,36088.0
2021-06-25 14:45:19.643,36652.0
2021-06-25 14:45:19.648,34774.0
2021-06-25 14:45:19.653,32830.0
2021-06-25 14:45:19.658,35016.0
2021-06-25 14:45:19.663,35364.0
2021-06-25 14:45:19.668,36328.0
2021-06-25 14:45:19.673,31130.0
2021-06-25 14:45:19.678,30282.0
2021-06-25 14:45:19.683,34026.0
2021-06-25 14:45:19.688,31530.0
2021-06-25 14:45:19.693,37428.0
2021-06-25 14:45:19.698,35252.0
2021-06-25 14:45:19.703,33056.0
2021-06-25 14:45:19.708,33608.0
2021-06-25 14:45:19.713,34190.0
2021-06-25 14:45:19.718,34744.0
2021-06-25 14:45:19.723,34522.0
2021-06-25 14:45:19.728,41140.0
2021-06-25 14:45:19.733,40784.0
2021-06-25 14:45:19.738,42694.0
2021-06-25 14:45:19.743,41252.0
2021-06-25 14:45:19.748,41340.0
2021-06-25 14:45:19.753,36084.0
2021-06-25 14:45:19.758,37072.0
2021-06-25 14:45:19.763,39522.0
2021-06-25 14:45:19.768,37454.0
2021-06-25 14:45:19.773,39220.0
2021-06-25 14:45:19.778,40434.0
2021-06-25 14:45:19.783,39752.0
2021-06-25 14:45:19.788,40670.0
2021-06-25 14:45:19.793,39542.0
2021-06-25 14:45:19.798,33398.0
2021-06-25 14:45:19.803,32152.0
2021-06-25 14:45:19.808,33444.0
2021-06-25 14:45:19.813,34696.0
2021-06-25 14:45:19.818,31212.0
2021-06-25 14:45:19.823,31392.0
2021-06-25 14:45:19.828,32176.0
2021-06-25 14:45:19.833,33866.0
2021-06-25 14:45:19.838,35098.0
2021-06-25 14:45:19.843,32214.0
2021-06-25 14:45:19.848,35268.0
2021-06-25 14:45:19.853,31490.0
2021-06-25 14:45:19.858,35534.0
2021-06-25 14:45:19.863,38126.0
2021-06-25 14:45:19.868,36138.0
2021-06-25 14:45:19.873,37480.0
2021-06-25 14:45:19.878,37120.0
2021-06-25 14:45:19.883,36872.0
2021-06-25 14:45:19.888,38548.0
2021-06-25 14:45:19.893,38458.0
2021-06-25 14:45:19.898,37562.0
2021-06-25 14:45:19.903,37962.0
2021-06-25 14:45:19.908,37120.0
2021-06-25 14:45:19.913,36898.0
2021-06-25 14:45:19.918,36710.0
2021-06-25 14:45:19.923,37094.0
2021-06-25 14:45:19.928,39932.0
2021-06-25 14:45:19.933,40790.0
2021-06-25 14:45:19.938,38776.0
2021-06-25 14:45:19.943,34148.0
2021-06-25 14:45:19.948,35394.0
2021-06-25 14:45:19.953,33726.0
2021-06-25 14:45:19.958,34620.0
2021-06-25 14:45:19.963,30836.0
2021-06-25 14:45:19.968,36392.0
2021-06-25 14:45:19.973,33388.0
2021-06-25 14:45:19.978,30878.0
2021-06-25 14:45:19.983,33592.0
2021-06-25 14:45:19.988,31730.0
2021-06-25 14:45:19.993,34298.0
2021-06-25 14:45:19.998,34482.0
2021-06-25 14:45:20.003,37802.0
2021-06-25 14:45:20.008,39752.0
2021-06-25 14:45:20.013,37444.0
2021-06-25 14:45:20.018,39474.0
2021-06-25 14:45:20.023,39018.0
2021-06-25 14:45:20.028,38064.0
2021-06-25 14:45:20.033,38120.0
2021-06-25 14:45:20.039,39414.0
2021-06-25 14:45:20.043,39518.0
2021-06-25 14:45:20.048,41006.0
2021-06-25 14:45:20.053,37094.0
2021-06-25 14:45:20.058,37724.0
2021-06-25 14:45:20.063,38198.0
2021-06-25 14:45:20.068,37622.0
2021-06-25 14:45:20.073,38018.0
2021-06-25 14:45:20.078,38428.0
2021-06-25 14:45:20.083,33618.0
2021-06-25 14:45:20.088,32116.0
2021-06-25 14:45:20.093,34434.0
2021-06-25 14:45:20.098,35296.0
2021-06-25 14:45:20.103,38702.0
2021-06-25 14:45:20.108,34954.0
2021-06-25 14:45:20.113,33610.0
2021-06-25 14:45:20.118,33188.0
2021-06-25 14:45:20.124,30730.0
2021-06-25 14:45:20.128,31022.0
2021-06-25 14:45:20.133,32802.0
2021-06-25 14:45:20.138,30622.0
2021-06-25 14:45:20.143,37458.0
2021-06-25 14:45:20.148,39378.0
2021-06-25 14:45:20.153,34912.0
2021-06-25 14:45:20.158,36304.0
2021-06-25 14:45:20.163,37924.0
2021-06-25 14:45:20.168,36908.0
2021-06-25 14:45:20.173,37428.0
2021-06-25 14:45:20.178,38162.0
2021-06-25 14:45:20.183,38284.0
2021-06-25 14:45:20.188,38418.0
2021-06-25 14:45:20.193,38948.0
2021-06-25 14:45:20.198,38562.0
2021-06-25 14:45:20.203,38520.0
2021-06-25 14:45:20.209,38012.0
2021-06-25 14:45:20.213,37788.0
2021-06-25 14:45:20.218,37284.0
2021-06-25 14:45:20.223,38408.0
2021-06-25 14:45:20.228,32336.0
2021-06-25 14:45:20.233,30960.0
2021-06-25 14:45:20.238,33486.0
2021-06-25 14:45:20.252,36564.0
2021-06-25 14:45:20.254,35278.0
2021-06-25 14:45:20.255,34488.0
2021-06-25 14:45:20.258,33244.0
2021-06-25 14:45:20.263,29800.0
2021-06-25 14:45:20.268,29594.0
2021-06-25 14:45:20.273,30648.0
2021-06-25 14:45:20.278,29098.0
2021-06-25 14:45:20.283,36390.0
2021-06-25 14:45:20.288,37572.0
2021-06-25 14:45:20.293,37524.0
2021-06-25 14:45:20.298,37618.0
2021-06-25 14:45:20.303,36654.0
2021-06-25 14:45:20.308,34584.0
2021-06-25 14:45:20.313,37828.0
2021-06-25 14:45:20.318,37638.0
2021-06-25 14:45:20.323,38286.0
2021-06-25 14:45:20.328,36092.0
2021-06-25 14:45:20.333,37796.0
2021-06-25 14:45:20.338,37920.0
2021-06-25 14:45:20.343,36714.0
2021-06-25 14:45:20.348,38968.0
2021-06-25 14:45:20.353,37642.0
2021-06-25 14:45:20.358,30284.0
2021-06-25 14:45:20.363,32438.0
2021-06-25 14:45:20.368,31346.0
2021-06-25 14:45:20.373,31796.0
2021-06-25 14:45:20.378,30108.0
2021-06-25 14:45:20.383,30806.0
2021-06-25 14:45:20.388,33306.0
2021-06-25 14:45:20.393,32182.0
2021-06-25 14:45:20.398,33418.0
2021-06-25 14:45:20.403,30792.0
2021-06-25 14:45:20.408,31724.0
2021-06-25 14:45:20.413,32958.0
2021-06-25 14:45:20.418,36232.0
2021-06-25 14:45:20.423,36304.0
2021-06-25 14:45:20.428,37648.0
2021-06-25 14:45:20.433,37536.0
2021-06-25 14:45:20.438,36878.0
2021-06-25 14:45:20.443,37290.0
2021-06-25 14:45:20.448,36770.0
2021-06-25 14:45:20.453,35688.0
2021-06-25 14:45:20.458,36302.0
2021-06-25 14:45:20.463,37546.0
2021-06-25 14:45:20.468,37736.0
2021-06-25 14:45:20.473,38372.0
2021-06-25 14:45:20.478,36918.0
2021-06-25 14:45:20.483,38022.0
2021-06-25 14:45:20.488,37992.0
2021-06-25 14:45:20.493,39978.0
2021-06-25 14:45:20.498,38104.0
2021-06-25 14:45:20.503,32840.0
2021-06-25 14:45:20.508,29384.0
2021-06-25 14:45:20.513,31422.0
2021-06-25 14:45:20.518,33470.0
2021-06-25 14:45:20.523,30976.0
2021-06-25 14:45:20.528,34840.0
2021-06-25 14:45:20.533,33352.0
2021-06-25 14:45:20.538,28660.0
2021-06-25 14:45:20.543,32126.0
2021-06-25 14:45:20.548,29292.0
2021-06-25 14:45:20.553,29574.0
2021-06-25 14:45:20.558,30642.0
2021-06-25 14:45:20.563,35354.0
2021-06-25 14:45:20.568,37048.0
2021-06-25 14:45:20.573,37714.0
2021-06-25 14:45:20.578,39994.0
2021-06-25 14:45:20.583,41268.0
2021-06-25 14:45:20.588,39736.0
2021-06-25 14:45:20.593,41350.0
2021-06-25 14:45:20.598,38516.0
2021-06-25 14:45:20.603,36518.0
2021-06-25 14:45:20.608,37616.0
2021-06-25 14:45:20.613,39080.0
2021-06-25 14:45:20.618,38768.0
2021-06-25 14:45:20.623,38920.0
2021-06-25 14:45:20.628,39356.0
2021-06-25 14:45:20.633,39410.0
2021-06-25 14:45:20.638,38336.0
2021-06-25 14:45:20.643,33952.0
2021-06-25 14:45:20.648,33008.0
2021-06-25 14:45:20.653,36400.0
2021-06-25 14:45:20.658,33896.0
2021-06-25 14:45:20.663,34226.0
2021-06-25 14:45:20.668,35334.0
2021-06-25 14:45:20.673,29068.0
2021-06-25 14:45:20.679,26542.0
2021-06-25 14:45:20.683,27234.0
2021-06-25 14:45:20.688,28706.0
2021-06-25 14:45:20.693,28488.0
2021-06-25 14:45:20.698,30074.0
2021-06-25 14:45:20.703,32114.0
2021-06-25 14:45:20.708,29800.0
2021-06-25 14:45:20.713,34260.0
2021-06-25 14:45:20.718,34850.0
2021-06-25 14:45:20.723,34996.0
2021-06-25 14:45:20.728,36026.0
2021-06-25 14:45:20.733,36472.0
2021-06-25 14:45:20.738,36264.0
2021-06-25 14:45:20.743,39654.0
2021-06-25 14:45:20.748,36632.0
2021-06-25 14:45:20.753,35086.0
2021-06-25 14:45:20.758,31478.0
2021-06-25 14:45:20.764,35514.0
2021-06-25 14:45:20.768,38086.0
2021-06-25 14:45:20.773,37376.0
2021-06-25 14:45:20.778,32594.0
2021-06-25 14:45:20.783,31022.0
2021-06-25 14:45:20.788,33568.0
2021-06-25 14:45:20.793,32028.0
2021-06-25 14:45:20.798,30698.0
2021-06-25 14:45:20.803,35232.0
2021-06-25 14:45:20.808,30356.0
2021-06-25 14:45:20.813,32876.0
2021-06-25 14:45:20.818,33676.0
2021-06-25 14:45:20.823,29698.0
2021-06-25 14:45:20.828,29898.0
2021-06-25 14:45:20.833,32240.0
2021-06-25 14:45:20.838,37956.0
2021-06-25 14:45:20.843,38342.0
2021-06-25 14:45:20.849,37530.0
2021-06-25 14:45:20.853,39234.0
2021-06-25 14:45:20.858,37596.0
2021-06-25 14:45:20.863,36252.0
2021-06-25 14:45:20.868,36844.0
2021-06-25 14:45:20.873,37012.0
2021-06-25 14:45:20.878,36390.0
2021-06-25 14:45:20.883,37506.0
2021-06-25 14:45:20.888,36174.0
2021-06-25 14:45:20.893,37714.0
2021-06-25 14:45:20.898,36868.0
2021-06-25 14:45:20.903,34054.0
2021-06-25 14:45:20.908,35606.0
2021-06-25 14:45:20.913,33794.0
2021-06-25 14:45:20.918,34876.0
2021-06-25 14:45:20.923,34672.0
2021-06-25 14:45:20.928,27526.0
2021-06-25 14:45:20.933,30228.0
2021-06-25 14:45:20.938,28456.0
2021-06-25 14:45:20.943,29158.0
2021-06-25 14:45:20.948,28532.0
2021-06-25 14:45:20.953,31618.0
2021-06-25 14:45:20.958,27310.0
2021-06-25 14:45:20.963,29564.0
2021-06-25 14:45:20.968,29378.0
2021-06-25 14:45:20.973,27378.0
2021-06-25 14:45:20.978,29560.0
2021-06-25 14:45:20.983,28878.0
2021-06-25 14:45:20.988,35992.0
2021-06-25 14:45:20.993,36176.0
2021-06-25 14:45:20.998,36826.0
2021-06-25 14:45:21.003,36386.0
2021-06-25 14:45:21.008,35974.0
2021-06-25 14:45:21.013,33854.0
2021-06-25 14:45:21.018,34404.0
2021-06-25 14:45:21.023,36164.0
2021-06-25 14:45:21.028,36492.0
2021-06-25 14:45:21.033,37586.0
2021-06-25 14:45:21.038,36642.0
2021-06-25 14:45:21.043,36986.0
2021-06-25 14:45:21.048,36580.0
2021-06-25 14:45:21.053,38572.0
2021-06-25 14:45:21.058,35570.0
2021-06-25 14:45:21.063,35738.0
2021-06-25 14:45:21.068,31134.0
2021-06-25 14:45:21.073,29204.0
2021-06-25 14:45:21.078,31100.0
2021-06-25 14:45:21.083,28928.0
2021-06-25 14:45:21.088,30636.0
2021-06-25 14:45:21.093,35072.0
2021-06-25 14:45:21.098,31248.0
2021-06-25 14:45:21.103,30546.0
2021-06-25 14:45:21.108,30176.0
2021-06-25 14:45:21.113,30292.0
2021-06-25 14:45:21.118,28302.0
2021-06-25 14:45:21.123,29590.0
2021-06-25 14:45:21.128,35226.0
2021-06-25 14:45:21.133,36118.0
2021-06-25 14:45:21.138,34960.0
2021-06-25 14:45:21.143,35892.0
2021-06-25 14:45:21.148,37052.0
2021-06-25 14:45:21.153,37406.0
2021-06-25 14:45:21.158,36412.0
2021-06-25 14:45:21.163,35268.0
2021-06-25 14:45:21.168,37878.0
2021-06-25 14:45:21.173,37464.0
2021-06-25 14:45:21.178,38258.0
2021-06-25 14:45:21.183,39126.0
2021-06-25 14:45:21.188,37396.0
2021-06-25 14:45:21.193,38018.0
2021-06-25 14:45:21.198,37310.0
2021-06-25 14:45:21.203,37216.0
2021-06-25 14:45:21.208,39092.0
2021-06-25 14:45:21.213,32506.0
2021-06-25 14:45:21.218,31186.0
2021-06-25 14:45:21.223,32612.0
2021-06-25 14:45:21.228,33054.0
2021-06-25 14:45:21.233,32024.0
2021-06-25 14:45:21.238,34958.0
2021-06-25 14:45:21.243,32218.0
2021-06-25 14:45:21.248,35282.0
2021-06-25 14:45:21.253,32356.0
2021-06-25 14:45:21.258,31812.0
2021-06-25 14:45:21.263,32798.0
2021-06-25 14:45:21.268,30638.0
2021-06-25 14:45:21.273,35514.0
2021-06-25 14:45:21.278,35524.0
2021-06-25 14:45:21.283,36020.0
2021-06-25 14:45:21.288,37520.0
2021-06-25 14:45:21.293,37248.0
2021-06-25 14:45:21.298,37408.0
2021-06-25 14:45:21.303,36662.0
2021-06-25 14:45:21.308,35684.0
2021-06-25 14:45:21.313,34830.0
2021-06-25 14:45:21.319,36212.0
2021-06-25 14:45:21.323,36884.0
2021-06-25 14:45:21.328,35894.0
2021-06-25 14:45:21.333,36088.0
2021-06-25 14:45:21.338,36206.0
2021-06-25 14:45:21.343,35964.0
2021-06-25 14:45:21.348,36164.0
2021-06-25 14:45:21.353,36682.0
2021-06-25 14:45:21.358,30852.0
2021-06-25 14:45:21.363,29678.0
2021-06-25 14:45:21.368,31884.0
2021-06-25 14:45:21.373,30206.0
2021-06-25 14:45:21.378,29406.0
2021-06-25 14:45:21.383,32124.0
2021-06-25 14:45:21.388,30846.0
2021-06-25 14:45:21.393,29318.0
2021-06-25 14:45:21.398,30684.0
2021-06-25 14:45:21.404,28888.0
2021-06-25 14:45:21.408,29620.0
2021-06-25 14:45:21.413,28702.0
2021-06-25 14:45:21.418,30888.0
2021-06-25 14:45:21.423,35652.0
2021-06-25 14:45:21.428,37104.0
2021-06-25 14:45:21.433,36704.0
2021-06-25 14:45:21.438,38032.0
2021-06-25 14:45:21.443,37144.0
2021-06-25 14:45:21.448,35704.0
2021-06-25 14:45:21.453,35122.0
2021-06-25 14:45:21.458,35986.0
2021-06-25 14:45:21.463,37264.0
2021-06-25 14:45:21.468,36990.0
2021-06-25 14:45:21.473,34732.0
2021-06-25 14:45:21.478,37644.0
2021-06-25 14:45:21.483,34516.0
2021-06-25 14:45:21.489,35954.0
2021-06-25 14:45:21.493,37586.0
2021-06-25 14:45:21.498,36350.0
2021-06-25 14:45:21.503,30590.0
2021-06-25 14:45:21.508,30638.0
2021-06-25 14:45:21.513,30936.0
2021-06-25 14:45:21.518,30580.0
2021-06-25 14:45:21.523,34752.0
2021-06-25 14:45:21.528,30904.0
2021-06-25 14:45:21.533,31134.0
2021-06-25 14:45:21.538,32058.0
2021-06-25 14:45:21.543,30616.0
2021-06-25 14:45:21.548,30960.0
2021-06-25 14:45:21.553,29878.0
2021-06-25 14:45:21.558,28364.0
2021-06-25 14:45:21.563,31498.0
2021-06-25 14:45:21.568,35430.0
2021-06-25 14:45:21.573,35390.0
2021-06-25 14:45:21.578,34144.0
2021-06-25 14:45:21.583,34928.0
2021-06-25 14:45:21.588,36248.0
2021-06-25 14:45:21.593,34634.0
2021-06-25 14:45:21.598,36530.0
2021-06-25 14:45:21.603,34698.0
2021-06-25 14:45:21.608,34652.0
2021-06-25 14:45:21.613,34942.0
2021-06-25 14:45:21.618,32720.0
2021-06-25 14:45:21.623,36560.0
2021-06-25 14:45:21.628,34870.0
2021-06-25 14:45:21.633,35694.0
2021-06-25 14:45:21.638,36002.0
2021-06-25 14:45:21.643,32068.0
2021-06-25 14:45:21.648,31576.0
2021-06-25 14:45:21.653,29594.0
2021-06-25 14:45:21.658,29888.0
2021-06-25 14:45:21.663,28476.0
2021-06-25 14:45:21.668,33182.0
2021-06-25 14:45:21.673,29386.0
2021-06-25 14:45:21.678,29984.0
2021-06-25 14:45:21.683,30564.0
2021-06-25 14:45:21.688,29662.0
2021-06-25 14:45:21.693,31566.0
2021-06-25 14:45:21.698,32942.0
2021-06-25 14:45:21.703,32870.0
2021-06-25 14:45:21.708,38294.0
2021-06-25 14:45:21.713,34000.0
2021-06-25 14:45:21.718,36596.0
2021-06-25 14:45:21.723,36872.0
2021-06-25 14:45:21.728,37930.0
2021-06-25 14:45:21.733,39532.0
2021-06-25 14:45:21.738,39044.0
2021-06-25 14:45:21.743,38690.0
2021-06-25 14:45:21.748,40548.0
2021-06-25 14:45:21.753,38562.0
2021-06-25 14:45:21.758,39634.0
2021-06-25 14:45:21.763,33926.0
2021-06-25 14:45:21.768,36934.0
2021-06-25 14:45:21.773,37854.0
2021-06-25 14:45:21.778,37090.0
2021-06-25 14:45:21.783,31834.0
2021-06-25 14:45:21.788,34370.0
2021-06-25 14:45:21.793,32556.0
2021-06-25 14:45:21.798,33670.0
2021-06-25 14:45:21.803,30074.0
2021-06-25 14:45:21.808,32530.0
2021-06-25 14:45:21.813,31946.0
2021-06-25 14:45:21.818,31992.0
2021-06-25 14:45:21.823,31684.0
2021-06-25 14:45:21.828,31644.0
2021-06-25 14:45:21.833,31326.0
2021-06-25 14:45:21.838,29836.0
2021-06-25 14:45:21.843,32044.0
2021-06-25 14:45:21.848,38222.0
2021-06-25 14:45:21.853,37742.0
2021-06-25 14:45:21.858,37478.0
2021-06-25 14:45:21.863,37526.0
2021-06-25 14:45:21.868,35062.0
2021-06-25 14:45:21.873,36704.0
2021-06-25 14:45:21.878,35984.0
2021-06-25 14:45:21.883,35062.0
2021-06-25 14:45:21.888,39482.0
2021-06-25 14:45:21.893,39624.0
2021-06-25 14:45:21.898,39800.0
2021-06-25 14:45:21.903,36622.0
2021-06-25 14:45:21.908,38146.0
2021-06-25 14:45:21.913,32152.0
2021-06-25 14:45:21.918,34968.0
2021-06-25 14:45:21.923,35512.0
2021-06-25 14:45:21.928,30976.0
2021-06-25 14:45:21.933,29866.0
2021-06-25 14:45:21.938,31136.0
2021-06-25 14:45:21.943,31044.0
2021-06-25 14:45:21.948,34708.0
2021-06-25 14:45:21.953,29924.0
2021-06-25 14:45:21.959,32304.0
2021-06-25 14:45:21.963,29822.0
2021-06-25 14:45:21.968,30592.0
2021-06-25 14:45:21.973,29222.0
2021-06-25 14:45:21.978,28600.0
2021-06-25 14:45:21.983,30176.0
2021-06-25 14:45:21.988,35060.0
2021-06-25 14:45:21.993,35272.0
2021-06-25 14:45:21.998,34882.0
2021-06-25 14:45:22.003,34882.0
2021-06-25 14:45:22.008,35986.0
2021-06-25 14:45:22.013,34944.0
2021-06-25 14:45:22.018,34414.0
2021-06-25 14:45:22.023,36084.0
2021-06-25 14:45:22.028,33680.0
2021-06-25 14:45:22.033,35934.0
2021-06-25 14:45:22.038,35704.0
2021-06-25 14:45:22.044,36402.0
2021-06-25 14:45:22.048,37484.0
2021-06-25 14:45:22.053,36524.0
2021-06-25 14:45:22.058,36710.0
2021-06-25 14:45:22.063,37524.0
2021-06-25 14:45:22.068,34826.0
2021-06-25 14:45:22.073,30288.0
2021-06-25 14:45:22.078,30576.0
2021-06-25 14:45:22.083,31080.0
2021-06-25 14:45:22.088,30580.0
2021-06-25 14:45:22.093,30802.0
2021-06-25 14:45:22.098,33918.0
2021-06-25 14:45:22.103,29642.0
2021-06-25 14:45:22.108,34436.0
2021-06-25 14:45:22.113,29830.0
2021-06-25 14:45:22.118,30992.0
2021-06-25 14:45:22.123,32546.0
2021-06-25 14:45:22.129,33296.0
2021-06-25 14:45:22.133,39536.0
2021-06-25 14:45:22.138,39388.0
2021-06-25 14:45:22.143,39854.0
2021-06-25 14:45:22.148,40036.0
2021-06-25 14:45:22.153,40108.0
2021-06-25 14:45:22.158,39702.0
2021-06-25 14:45:22.163,39076.0
2021-06-25 14:45:22.168,38150.0
2021-06-25 14:45:22.173,37032.0
2021-06-25 14:45:22.178,39896.0
2021-06-25 14:45:22.183,37500.0
2021-06-25 14:45:22.188,39202.0
2021-06-25 14:45:22.193,37114.0
2021-06-25 14:45:22.198,37864.0
2021-06-25 14:45:22.203,39318.0
2021-06-25 14:45:22.208,35872.0
2021-06-25 14:45:22.213,33798.0
2021-06-25 14:45:22.218,33722.0
2021-06-25 14:45:22.223,34796.0
2021-06-25 14:45:22.228,31756.0
2021-06-25 14:45:22.233,33276.0
2021-06-25 14:45:22.238,34410.0
2021-06-25 14:45:22.243,34246.0
2021-06-25 14:45:22.248,31252.0
2021-06-25 14:45:22.253,35132.0
2021-06-25 14:45:22.258,31582.0
2021-06-25 14:45:22.263,34610.0
2021-06-25 14:45:22.268,39210.0
2021-06-25 14:45:22.273,38512.0
2021-06-25 14:45:22.278,38372.0
2021-06-25 14:45:22.283,38222.0
2021-06-25 14:45:22.288,38584.0
2021-06-25 14:45:22.293,38166.0
2021-06-25 14:45:22.298,39542.0
2021-06-25 14:45:22.303,37950.0
2021-06-25 14:45:22.308,40358.0
2021-06-25 14:45:22.313,39138.0
2021-06-25 14:45:22.318,37452.0
2021-06-25 14:45:22.323,35964.0
2021-06-25 14:45:22.328,38008.0
2021-06-25 14:45:22.333,37936.0
2021-06-25 14:45:22.338,38332.0
2021-06-25 14:45:22.343,34308.0
2021-06-25 14:45:22.348,31752.0
2021-06-25 14:45:22.353,33496.0
2021-06-25 14:45:22.358,33636.0
2021-06-25 14:45:22.363,32250.0
2021-06-25 14:45:22.368,30150.0
2021-06-25 14:45:22.373,36294.0
2021-06-25 14:45:22.378,33552.0
2021-06-25 14:45:22.383,31104.0
2021-06-25 14:45:22.388,31642.0
2021-06-25 14:45:22.393,33538.0
2021-06-25 14:45:22.398,30392.0
2021-06-25 14:45:22.403,33670.0
2021-06-25 14:45:22.408,33116.0
2021-06-25 14:45:22.413,38994.0
2021-06-25 14:45:22.418,36272.0
2021-06-25 14:45:22.423,35000.0
2021-06-25 14:45:22.428,36084.0
2021-06-25 14:45:22.433,37772.0
2021-06-25 14:45:22.438,38906.0
2021-06-25 14:45:22.443,38854.0
2021-06-25 14:45:22.448,37988.0
2021-06-25 14:45:22.453,34760.0
2021-06-25 14:45:22.458,37062.0
2021-06-25 14:45:22.463,38516.0
2021-06-25 14:45:22.468,39146.0
2021-06-25 14:45:22.473,35856.0
2021-06-25 14:45:22.478,37120.0
2021-06-25 14:45:22.483,38208.0
2021-06-25 14:45:22.488,35862.0
2021-06-25 14:45:22.493,31422.0
2021-06-25 14:45:22.498,32332.0
2021-06-25 14:45:22.503,33764.0
2021-06-25 14:45:22.508,33300.0
2021-06-25 14:45:22.513,31320.0
2021-06-25 14:45:22.518,31244.0
2021-06-25 14:45:22.523,31770.0
2021-06-25 14:45:22.528,29950.0
2021-06-25 14:45:22.533,32042.0
2021-06-25 14:45:22.538,29774.0
2021-06-25 14:45:22.543,32372.0
2021-06-25 14:45:22.548,31234.0
2021-06-25 14:45:22.553,32762.0
2021-06-25 14:45:22.558,37514.0
2021-06-25 14:45:22.563,36704.0
2021-06-25 14:45:22.568,31350.0
2021-06-25 14:45:22.573,34886.0
2021-06-25 14:45:22.578,38556.0
2021-06-25 14:45:22.583,38578.0
2021-06-25 14:45:22.588,36662.0
2021-06-25 14:45:22.593,34640.0
2021-06-25 14:45:22.599,38022.0
2021-06-25 14:45:22.603,39054.0
2021-06-25 14:45:22.608,36996.0
2021-06-25 14:45:22.613,34466.0
2021-06-25 14:45:22.618,37032.0
2021-06-25 14:45:22.623,35082.0
2021-06-25 14:45:22.628,36140.0
2021-06-25 14:45:22.633,34718.0
2021-06-25 14:45:22.638,29672.0
2021-06-25 14:45:22.643,30882.0
2021-06-25 14:45:22.648,31388.0
2021-06-25 14:45:22.661,36904.0
2021-06-25 14:45:22.662,32208.0
2021-06-25 14:45:22.664,32906.0
2021-06-25 14:45:22.668,33886.0
2021-06-25 14:45:22.673,29622.0
2021-06-25 14:45:22.678,31264.0
2021-06-25 14:45:22.684,29980.0
2021-06-25 14:45:22.688,31572.0
2021-06-25 14:45:22.693,31416.0
2021-06-25 14:45:22.698,34398.0
2021-06-25 14:45:22.703,38666.0
2021-06-25 14:45:22.708,37134.0
2021-06-25 14:45:22.713,35820.0
2021-06-25 14:45:22.718,37504.0
2021-06-25 14:45:22.723,36714.0
2021-06-25 14:45:22.728,37470.0
2021-06-25 14:45:22.733,38430.0
2021-06-25 14:45:22.738,37576.0
2021-06-25 14:45:22.743,38674.0
2021-06-25 14:45:22.748,39148.0
2021-06-25 14:45:22.753,39362.0
2021-06-25 14:45:22.758,38812.0
2021-06-25 14:45:22.763,36808.0
2021-06-25 14:45:22.769,35186.0
2021-06-25 14:45:22.773,37920.0
2021-06-25 14:45:22.778,32234.0
2021-06-25 14:45:22.783,30098.0
2021-06-25 14:45:22.788,32556.0
2021-06-25 14:45:22.793,32386.0
2021-06-25 14:45:22.798,36946.0
2021-06-25 14:45:22.803,34244.0
2021-06-25 14:45:22.808,30410.0
2021-06-25 14:45:22.813,31814.0
2021-06-25 14:45:22.818,31664.0
2021-06-25 14:45:22.823,32120.0
2021-06-25 14:45:22.828,32322.0
2021-06-25 14:45:22.833,31344.0
2021-06-25 14:45:22.838,32952.0
2021-06-25 14:45:22.843,38434.0
2021-06-25 14:45:22.848,36400.0
2021-06-25 14:45:22.853,39650.0
2021-06-25 14:45:22.858,36164.0
2021-06-25 14:45:22.863,40000.0
2021-06-25 14:45:22.868,36264.0
2021-06-25 14:45:22.873,34824.0
2021-06-25 14:45:22.878,37920.0
2021-06-25 14:45:22.883,39220.0
2021-06-25 14:45:22.888,38316.0
2021-06-25 14:45:22.893,38346.0
2021-06-25 14:45:22.898,39338.0
2021-06-25 14:45:22.903,39264.0
2021-06-25 14:45:22.908,39204.0
2021-06-25 14:45:22.913,38424.0
2021-06-25 14:45:22.918,31078.0
2021-06-25 14:45:22.923,32802.0
2021-06-25 14:45:22.928,30180.0
2021-06-25 14:45:22.933,33096.0
2021-06-25 14:45:22.938,31478.0
2021-06-25 14:45:22.943,31904.0
2021-06-25 14:45:22.948,30498.0
2021-06-25 14:45:22.953,33866.0
2021-06-25 14:45:22.958,30538.0
2021-06-25 14:45:22.963,32612.0
2021-06-25 14:45:22.968,30202.0
2021-06-25 14:45:22.973,32228.0
2021-06-25 14:45:22.978,30494.0
2021-06-25 14:45:22.983,36500.0
2021-06-25 14:45:22.988,36724.0
2021-06-25 14:45:22.993,35912.0
2021-06-25 14:45:22.998,37398.0
2021-06-25 14:45:23.003,37710.0
2021-06-25 14:45:23.008,36278.0
2021-06-25 14:45:23.013,35452.0
2021-06-25 14:45:23.018,34790.0
2021-06-25 14:45:23.023,35566.0
2021-06-25 14:45:23.028,36468.0
2021-06-25 14:45:23.033,35766.0
2021-06-25 14:45:23.038,36818.0
2021-06-25 14:45:23.043,35640.0
2021-06-25 14:45:23.048,36970.0
2021-06-25 14:45:23.053,37910.0
2021-06-25 14:45:23.058,32254.0
2021-06-25 14:45:23.063,31110.0
2021-06-25 14:45:23.068,31950.0
2021-06-25 14:45:23.073,32408.0
2021-06-25 14:45:23.078,29502.0
2021-06-25 14:45:23.083,31370.0
2021-06-25 14:45:23.088,29240.0
2021-06-25 14:45:23.093,31370.0
2021-06-25 14:45:23.098,30410.0
2021-06-25 14:45:23.103,32402.0
2021-06-25 14:45:23.108,30610.0
2021-06-25 14:45:23.113,33194.0
2021-06-25 14:45:23.118,31426.0
2021-06-25 14:45:23.123,37874.0
2021-06-25 14:45:23.128,35780.0
2021-06-25 14:45:23.133,37688.0
2021-06-25 14:45:23.138,36236.0
2021-06-25 14:45:23.143,36200.0
2021-06-25 14:45:23.148,37812.0
2021-06-25 14:45:23.153,34820.0
2021-06-25 14:45:23.158,36268.0
2021-06-25 14:45:23.163,37398.0
2021-06-25 14:45:23.168,36376.0
2021-06-25 14:45:23.173,38086.0
2021-06-25 14:45:23.178,37632.0
2021-06-25 14:45:23.183,36776.0
2021-06-25 14:45:23.188,36258.0
2021-06-25 14:45:23.193,37064.0
2021-06-25 14:45:23.198,36428.0
2021-06-25 14:45:23.203,32612.0
2021-06-25 14:45:23.208,31418.0
2021-06-25 14:45:23.213,33368.0
2021-06-25 14:45:23.218,33548.0
2021-06-25 14:45:23.223,35642.0
2021-06-25 14:45:23.228,34532.0
2021-06-25 14:45:23.233,29586.0
2021-06-25 14:45:23.239,31366.0
2021-06-25 14:45:23.243,31426.0
2021-06-25 14:45:23.248,31468.0
2021-06-25 14:45:23.253,32032.0
2021-06-25 14:45:23.258,33438.0
2021-06-25 14:45:23.263,39080.0
2021-06-25 14:45:23.268,38666.0
2021-06-25 14:45:23.273,38326.0
2021-06-25 14:45:23.278,38058.0
2021-06-25 14:45:23.283,37160.0
2021-06-25 14:45:23.288,36672.0
2021-06-25 14:45:23.293,35730.0
2021-06-25 14:45:23.298,36488.0
2021-06-25 14:45:23.303,37478.0
2021-06-25 14:45:23.308,36864.0
2021-06-25 14:45:23.313,39744.0
2021-06-25 14:45:23.318,36536.0
2021-06-25 14:45:23.324,35800.0
2021-06-25 14:45:23.328,36314.0
2021-06-25 14:45:23.333,37834.0
2021-06-25 14:45:23.338,36694.0
2021-06-25 14:45:23.343,30384.0
2021-06-25 14:45:23.348,33808.0
2021-06-25 14:45:23.353,30836.0
2021-06-25 14:45:23.358,31822.0
2021-06-25 14:45:23.363,33210.0
2021-06-25 14:45:23.368,36094.0
2021-06-25 14:45:23.373,31232.0
2021-06-25 14:45:23.378,33672.0
2021-06-25 14:45:23.383,29996.0
2021-06-25 14:45:23.388,32510.0
2021-06-25 14:45:23.393,30056.0
2021-06-25 14:45:23.398,31752.0
2021-06-25 14:45:23.403,29950.0
2021-06-25 14:45:23.409,31544.0
2021-06-25 14:45:23.413,36092.0
2021-06-25 14:45:23.418,37714.0
2021-06-25 14:45:23.423,37376.0
2021-06-25 14:45:23.428,36550.0
2021-06-25 14:45:23.433,35368.0
2021-06-25 14:45:23.438,37212.0
2021-06-25 14:45:23.443,37232.0
2021-06-25 14:45:23.448,36222.0
2021-06-25 14:45:23.453,37350.0
2021-06-25 14:45:23.458,37710.0
2021-06-25 14:45:23.463,37408.0
2021-06-25 14:45:23.468,35518.0
2021-06-25 14:45:23.473,37288.0
2021-06-25 14:45:23.478,37932.0
2021-06-25 14:45:23.483,36664.0
2021-06-25 14:45:23.488,36920.0
2021-06-25 14:45:23.493,32296.0
2021-06-25 14:45:23.498,31588.0
2021-06-25 14:45:23.503,32510.0
2021-06-25 14:45:23.508,32342.0
2021-06-25 14:45:23.513,30528.0
2021-06-25 14:45:23.518,37044.0
2021-06-25 14:45:23.523,31336.0
2021-06-25 14:45:23.528,29458.0
2021-06-25 14:45:23.533,31654.0
2021-06-25 14:45:23.538,32024.0
2021-06-25 14:45:23.543,30432.0
2021-06-25 14:45:23.548,32792.0
2021-06-25 14:45:23.553,33254.0
2021-06-25 14:45:23.558,38922.0
2021-06-25 14:45:23.563,38706.0
2021-06-25 14:45:23.568,38224.0
2021-06-25 14:45:23.573,37470.0
2021-06-25 14:45:23.578,37424.0
2021-06-25 14:45:23.583,37952.0
2021-06-25 14:45:23.588,38284.0
2021-06-25 14:45:23.593,36700.0
2021-06-25 14:45:23.598,38042.0
2021-06-25 14:45:23.603,39574.0
2021-06-25 14:45:23.608,38906.0
2021-06-25 14:45:23.613,39322.0
2021-06-25 14:45:23.618,39382.0
2021-06-25 14:45:23.623,37690.0
2021-06-25 14:45:23.628,36822.0
2021-06-25 14:45:23.633,32838.0
2021-06-25 14:45:23.638,32840.0
2021-06-25 14:45:23.643,32988.0
2021-06-25 14:45:23.648,32512.0
2021-06-25 14:45:23.653,36638.0
2021-06-25 14:45:23.658,33446.0
2021-06-25 14:45:23.663,34136.0
2021-06-25 14:45:23.668,33814.0
2021-06-25 14:45:23.673,31114.0
2021-06-25 14:45:23.678,34106.0
2021-06-25 14:45:23.683,29938.0
2021-06-25 14:45:23.688,31868.0
2021-06-25 14:45:23.693,37694.0
2021-06-25 14:45:23.698,37134.0
2021-06-25 14:45:23.703,37952.0
2021-06-25 14:45:23.708,40240.0
2021-06-25 14:45:23.713,39070.0
2021-06-25 14:45:23.718,35436.0
2021-06-25 14:45:23.723,32504.0
2021-06-25 14:45:23.728,36144.0
2021-06-25 14:45:23.733,37556.0
2021-06-25 14:45:23.738,37530.0
2021-06-25 14:45:23.743,37026.0
2021-06-25 14:45:23.748,37222.0
2021-06-25 14:45:23.753,38752.0
2021-06-25 14:45:23.758,39768.0
2021-06-25 14:45:23.763,38158.0
2021-06-25 14:45:23.768,32948.0
2021-06-25 14:45:23.773,32644.0
2021-06-25 14:45:23.778,32250.0
2021-06-25 14:45:23.783,31330.0
2021-06-25 14:45:23.788,32296.0
2021-06-25 14:45:23.793,29268.0
2021-06-25 14:45:23.798,35642.0
2021-06-25 14:45:23.803,32958.0
2021-06-25 14:45:23.808,32618.0
2021-06-25 14:45:23.813,33418.0
2021-06-25 14:45:23.818,32726.0
2021-06-25 14:45:23.823,31234.0
2021-06-25 14:45:23.828,32894.0
2021-06-25 14:45:23.833,36930.0
2021-06-25 14:45:23.838,37920.0
2021-06-25 14:45:23.843,37526.0
2021-06-25 14:45:23.848,38992.0
2021-06-25 14:45:23.853,38024.0
2021-06-25 14:45:23.858,37674.0
2021-06-25 14:45:23.863,37344.0
2021-06-25 14:45:23.868,37228.0
2021-06-25 14:45:23.873,37170.0
2021-06-25 14:45:23.879,36500.0
2021-06-25 14:45:23.883,34246.0
2021-06-25 14:45:23.888,37130.0
2021-06-25 14:45:23.893,37752.0
2021-06-25 14:45:23.898,37314.0
2021-06-25 14:45:23.903,36744.0
2021-06-25 14:45:23.908,30294.0
2021-06-25 14:45:23.913,30164.0
2021-06-25 14:45:23.918,32096.0
2021-06-25 14:45:23.923,31940.0
2021-06-25 14:45:23.928,31720.0
2021-06-25 14:45:23.933,32212.0
2021-06-25 14:45:23.938,32028.0
2021-06-25 14:45:23.943,30268.0
2021-06-25 14:45:23.948,32214.0
2021-06-25 14:45:23.953,30530.0
2021-06-25 14:45:23.958,32450.0
2021-06-25 14:45:23.964,30936.0
2021-06-25 14:45:23.968,32700.0
2021-06-25 14:45:23.973,38024.0
2021-06-25 14:45:23.978,37366.0
2021-06-25 14:45:23.983,35780.0
2021-06-25 14:45:23.988,37298.0
2021-06-25 14:45:23.993,36520.0
2021-06-25 14:45:23.998,36392.0
2021-06-25 14:45:24.003,37704.0
2021-06-25 14:45:24.008,38412.0
2021-06-25 14:45:24.013,37140.0
2021-06-25 14:45:24.018,37428.0
2021-06-25 14:45:24.023,36402.0
2021-06-25 14:45:24.028,36882.0
2021-06-25 14:45:24.033,37616.0
2021-06-25 14:45:24.038,37388.0
2021-06-25 14:45:24.043,36390.0
2021-06-25 14:45:24.049,32598.0
2021-06-25 14:45:24.053,32204.0
2021-06-25 14:45:24.058,31524.0
2021-06-25 14:45:24.063,35678.0
2021-06-25 14:45:24.068,33266.0
2021-06-25 14:45:24.073,31232.0
2021-06-25 14:45:24.078,31546.0
2021-06-25 14:45:24.083,32110.0
2021-06-25 14:45:24.088,30232.0
2021-06-25 14:45:24.093,30714.0
2021-06-25 14:45:24.098,30846.0
2021-06-25 14:45:24.103,32630.0
2021-06-25 14:45:24.108,30862.0
2021-06-25 14:45:24.113,39116.0
2021-06-25 14:45:24.118,37832.0
2021-06-25 14:45:24.123,36934.0
2021-06-25 14:45:24.128,35040.0
2021-06-25 14:45:24.133,37064.0
2021-06-25 14:45:24.138,37926.0
2021-06-25 14:45:24.143,38890.0
2021-06-25 14:45:24.148,37690.0
2021-06-25 14:45:24.153,37566.0
2021-06-25 14:45:24.158,39044.0
2021-06-25 14:45:24.163,39084.0
2021-06-25 14:45:24.168,37714.0
2021-06-25 14:45:24.173,38540.0
2021-06-25 14:45:24.178,36858.0
2021-06-25 14:45:24.183,36376.0
2021-06-25 14:45:24.188,36960.0
2021-06-25 14:45:24.193,32248.0
2021-06-25 14:45:24.198,32720.0
2021-06-25 14:45:24.203,32562.0
2021-06-25 14:45:24.208,33470.0
2021-06-25 14:45:24.213,31444.0
2021-06-25 14:45:24.218,32566.0
2021-06-25 14:45:24.223,32912.0
2021-06-25 14:45:24.228,33774.0
2021-06-25 14:45:24.233,32644.0
2021-06-25 14:45:24.238,30180.0
2021-06-25 14:45:24.243,32460.0
2021-06-25 14:45:24.248,30288.0
2021-06-25 14:45:24.253,37054.0
2021-06-25 14:45:24.258,35986.0
2021-06-25 14:45:24.263,37936.0
2021-06-25 14:45:24.268,36750.0
2021-06-25 14:45:24.273,38536.0
2021-06-25 14:45:24.278,35348.0
2021-06-25 14:45:24.283,38640.0
2021-06-25 14:45:24.288,37798.0
2021-06-25 14:45:24.293,36654.0
2021-06-25 14:45:24.298,38424.0
2021-06-25 14:45:24.303,35430.0
2021-06-25 14:45:24.308,38468.0
2021-06-25 14:45:24.313,38386.0
2021-06-25 14:45:24.318,39024.0
2021-06-25 14:45:24.323,36298.0
2021-06-25 14:45:24.328,35468.0
2021-06-25 14:45:24.333,30288.0
2021-06-25 14:45:24.338,31274.0
2021-06-25 14:45:24.343,32250.0
2021-06-25 14:45:24.348,32854.0
2021-06-25 14:45:24.353,30104.0
2021-06-25 14:45:24.358,35000.0
2021-06-25 14:45:24.363,33002.0
2021-06-25 14:45:24.368,32350.0
2021-06-25 14:45:24.373,30724.0
2021-06-25 14:45:24.378,30386.0
2021-06-25 14:45:24.383,33148.0
2021-06-25 14:45:24.388,29848.0
2021-06-25 14:45:24.393,29912.0
2021-06-25 14:45:24.398,37792.0
2021-06-25 14:45:24.403,39378.0
2021-06-25 14:45:24.408,34678.0
2021-06-25 14:45:24.413,37136.0
2021-06-25 14:45:24.418,37264.0
2021-06-25 14:45:24.423,36832.0
2021-06-25 14:45:24.428,35154.0
2021-06-25 14:45:24.433,35486.0
2021-06-25 14:45:24.438,34308.0
2021-06-25 14:45:24.443,35862.0
2021-06-25 14:45:24.448,35380.0
2021-06-25 14:45:24.453,37688.0
2021-06-25 14:45:24.458,36262.0
2021-06-25 14:45:24.463,37376.0
2021-06-25 14:45:24.468,36046.0
2021-06-25 14:45:24.473,34678.0
2021-06-25 14:45:24.478,32232.0
2021-06-25 14:45:24.483,30334.0
2021-06-25 14:45:24.488,32182.0
2021-06-25 14:45:24.493,31878.0
2021-06-25 14:45:24.498,30406.0
2021-06-25 14:45:24.503,31642.0
2021-06-25 14:45:24.508,32238.0
2021-06-25 14:45:24.513,30890.0
2021-06-25 14:45:24.519,31814.0
2021-06-25 14:45:24.523,30346.0
2021-06-25 14:45:24.528,29832.0
2021-06-25 14:45:24.533,29458.0
2021-06-25 14:45:24.538,35178.0
2021-06-25 14:45:24.543,37244.0
2021-06-25 14:45:24.548,37832.0
2021-06-25 14:45:24.553,35494.0
2021-06-25 14:45:24.558,36792.0
2021-06-25 14:45:24.563,39428.0
2021-06-25 14:45:24.568,37524.0
2021-06-25 14:45:24.573,36956.0
2021-06-25 14:45:24.578,31118.0
2021-06-25 14:45:24.583,36688.0
2021-06-25 14:45:24.588,38038.0
2021-06-25 14:45:24.593,36790.0
2021-06-25 14:45:24.598,37018.0
2021-06-25 14:45:24.604,36986.0
2021-06-25 14:45:24.608,37052.0
2021-06-25 14:45:24.613,32670.0
2021-06-25 14:45:24.618,31484.0
2021-06-25 14:45:24.623,31474.0
2021-06-25 14:45:24.628,30266.0
2021-06-25 14:45:24.633,29020.0
2021-06-25 14:45:24.638,30618.0
2021-06-25 14:45:24.643,31330.0
2021-06-25 14:45:24.648,31746.0
2021-06-25 14:45:24.653,31490.0
2021-06-25 14:45:24.658,32018.0
2021-06-25 14:45:24.663,31834.0
2021-06-25 14:45:24.668,32438.0
2021-06-25 14:45:24.673,35158.0
2021-06-25 14:45:24.678,36720.0
2021-06-25 14:45:24.683,35128.0
2021-06-25 14:45:24.689,35760.0
2021-06-25 14:45:24.693,35702.0
2021-06-25 14:45:24.698,36586.0
2021-06-25 14:45:24.703,35314.0
2021-06-25 14:45:24.708,36138.0
2021-06-25 14:45:24.713,38346.0
2021-06-25 14:45:24.718,37078.0
2021-06-25 14:45:24.723,36864.0
2021-06-25 14:45:24.728,37668.0
2021-06-25 14:45:24.733,35062.0
2021-06-25 14:45:24.738,37218.0
2021-06-25 14:45:24.743,38136.0
2021-06-25 14:45:24.748,37406.0
2021-06-25 14:45:24.753,39286.0
2021-06-25 14:45:24.758,32418.0
2021-06-25 14:45:24.763,33266.0
2021-06-25 14:45:24.768,32860.0
2021-06-25 14:45:24.773,31262.0
2021-06-25 14:45:24.778,29948.0
2021-06-25 14:45:24.783,35698.0
2021-06-25 14:45:24.788,31308.0
2021-06-25 14:45:24.793,31090.0
2021-06-25 14:45:24.798,31146.0
2021-06-25 14:45:24.803,29892.0
2021-06-25 14:45:24.808,31602.0
2021-06-25 14:45:24.813,31694.0
2021-06-25 14:45:24.818,30446.0
2021-06-25 14:45:24.823,37094.0
2021-06-25 14:45:24.828,32038.0
2021-06-25 14:45:24.833,35118.0
2021-06-25 14:45:24.838,37720.0
2021-06-25 14:45:24.843,36832.0
2021-06-25 14:45:24.848,38588.0
2021-06-25 14:45:24.853,37680.0
2021-06-25 14:45:24.858,37526.0
2021-06-25 14:45:24.863,38884.0
2021-06-25 14:45:24.868,36366.0
2021-06-25 14:45:24.873,38674.0
2021-06-25 14:45:24.878,37006.0
2021-06-25 14:45:24.883,35862.0
2021-06-25 14:45:24.888,37824.0
2021-06-25 14:45:24.893,37028.0
2021-06-25 14:45:24.898,36068.0
2021-06-25 14:45:24.903,31454.0
2021-06-25 14:45:24.908,32058.0
2021-06-25 14:45:24.913,32942.0
2021-06-25 14:45:24.918,30806.0
2021-06-25 14:45:24.923,32576.0
2021-06-25 14:45:24.928,30878.0
2021-06-25 14:45:24.933,31540.0
2021-06-25 14:45:24.938,29600.0
2021-06-25 14:45:24.943,32012.0
2021-06-25 14:45:24.948,31484.0
2021-06-25 14:45:24.953,30652.0
2021-06-25 14:45:24.958,32024.0
2021-06-25 14:45:24.963,38526.0
2021-06-25 14:45:24.968,36772.0
2021-06-25 14:45:24.973,39398.0
2021-06-25 14:45:24.978,32260.0
2021-06-25 14:45:24.983,35184.0
2021-06-25 14:45:24.988,37880.0
2021-06-25 14:45:24.993,37624.0
2021-06-25 14:45:24.998,35876.0
2021-06-25 14:45:25.003,38234.0
2021-06-25 14:45:25.008,37696.0
2021-06-25 14:45:25.013,37680.0
2021-06-25 14:45:25.018,36278.0
2021-06-25 14:45:25.023,37470.0
2021-06-25 14:45:25.028,32630.0
2021-06-25 14:45:25.033,35222.0
2021-06-25 14:45:25.038,35232.0
2021-06-25 14:45:25.043,31280.0
2021-06-25 14:45:25.048,29374.0
2021-06-25 14:45:25.053,32440.0
2021-06-25 14:45:25.058,33814.0
2021-06-25 14:45:25.071,32930.0
2021-06-25 14:45:25.073,30052.0
2021-06-25 14:45:25.075,31546.0
2021-06-25 14:45:25.078,31078.0
2021-06-25 14:45:25.083,32386.0
2021-06-25 14:45:25.088,30356.0
2021-06-25 14:45:25.093,31002.0
2021-06-25 14:45:25.098,31208.0
2021-06-25 14:45:25.103,30118.0
2021-06-25 14:45:25.108,36852.0
2021-06-25 14:45:25.113,39096.0
2021-06-25 14:45:25.118,38808.0
2021-06-25 14:45:25.123,37782.0
2021-06-25 14:45:25.128,38962.0
2021-06-25 14:45:25.133,38294.0
2021-06-25 14:45:25.138,36718.0
2021-06-25 14:45:25.143,38366.0
2021-06-25 14:45:25.148,36366.0
2021-06-25 14:45:25.153,36632.0
2021-06-25 14:45:25.159,37182.0
2021-06-25 14:45:25.163,37146.0
2021-06-25 14:45:25.168,37334.0
2021-06-25 14:45:25.173,37842.0
2021-06-25 14:45:25.178,38022.0
2021-06-25 14:45:25.183,32132.0
2021-06-25 14:45:25.188,31642.0
2021-06-25 14:45:25.193,32794.0
2021-06-25 14:45:25.198,32212.0
2021-06-25 14:45:25.203,31622.0
2021-06-25 14:45:25.208,33256.0
2021-06-25 14:45:25.213,33106.0
2021-06-25 14:45:25.218,32358.0
2021-06-25 14:45:25.223,33228.0
2021-06-25 14:45:25.228,30246.0
2021-06-25 14:45:25.233,32196.0
2021-06-25 14:45:25.238,30196.0
2021-06-25 14:45:25.244,37222.0
2021-06-25 14:45:25.248,37458.0
2021-06-25 14:45:25.253,37084.0
2021-06-25 14:45:25.258,36754.0
2021-06-25 14:45:25.263,37904.0
2021-06-25 14:45:25.268,36530.0
2021-06-25 14:45:25.273,37888.0
2021-06-25 14:45:25.278,35884.0
2021-06-25 14:45:25.283,36632.0
2021-06-25 14:45:25.288,37854.0
2021-06-25 14:45:25.293,37602.0
2021-06-25 14:45:25.298,38500.0
2021-06-25 14:45:25.303,37634.0
2021-06-25 14:45:25.308,37120.0
2021-06-25 14:45:25.313,38510.0
2021-06-25 14:45:25.318,30320.0
2021-06-25 14:45:25.323,33142.0
2021-06-25 14:45:25.329,31498.0
2021-06-25 14:45:25.333,31100.0
2021-06-25 14:45:25.338,28866.0
2021-06-25 14:45:25.343,27700.0
2021-06-25 14:45:25.348,26834.0
2021-06-25 14:45:25.353,29292.0
2021-06-25 14:45:25.358,28190.0
2021-06-25 14:45:25.363,30678.0
2021-06-25 14:45:25.368,27564.0
2021-06-25 14:45:25.373,28256.0
2021-06-25 14:45:25.378,27722.0
2021-06-25 14:45:25.383,28984.0
2021-06-25 14:45:25.388,31746.0
2021-06-25 14:45:25.393,34516.0
2021-06-25 14:45:25.398,32644.0
2021-06-25 14:45:25.403,33066.0
2021-06-25 14:45:25.408,34236.0
2021-06-25 14:45:25.413,33870.0
2021-06-25 14:45:25.418,34948.0
2021-06-25 14:45:25.423,34718.0
2021-06-25 14:45:25.428,35032.0
2021-06-25 14:45:25.433,32454.0
2021-06-25 14:45:25.438,33168.0
2021-06-25 14:45:25.443,32366.0
2021-06-25 14:45:25.448,34394.0
2021-06-25 14:45:25.453,34778.0
2021-06-25 14:45:25.458,33620.0
2021-06-25 14:45:25.463,30338.0
2021-06-25 14:45:25.468,29518.0
2021-06-25 14:45:25.473,30252.0
2021-06-25 14:45:25.478,29400.0
2021-06-25 14:45:25.483,28416.0
2021-06-25 14:45:25.488,29312.0
2021-06-25 14:45:25.493,29600.0
2021-06-25 14:45:25.498,30048.0
2021-06-25 14:45:25.503,29882.0
2021-06-25 14:45:25.508,28492.0
2021-06-25 14:45:25.513,31016.0
2021-06-25 14:45:25.518,28826.0
2021-06-25 14:45:25.523,30318.0
2021-06-25 14:45:25.528,37786.0
2021-06-25 14:45:25.533,34578.0
2021-06-25 14:45:25.538,36210.0
2021-06-25 14:45:25.543,34328.0
2021-06-25 14:45:25.548,35292.0
2021-06-25 14:45:25.553,36618.0
2021-06-25 14:45:25.558,36744.0
2021-06-25 14:45:25.563,37104.0
2021-06-25 14:45:25.568,33584.0
2021-06-25 14:45:25.573,35838.0
2021-06-25 14:45:25.578,36072.0
2021-06-25 14:45:25.583,36020.0
2021-06-25 14:45:25.588,35220.0
2021-06-25 14:45:25.593,35232.0
2021-06-25 14:45:25.598,34650.0
2021-06-25 14:45:25.603,29974.0
2021-06-25 14:45:25.608,29604.0
2021-06-25 14:45:25.613,30582.0
2021-06-25 14:45:25.618,31226.0
2021-06-25 14:45:25.623,30780.0
2021-06-25 14:45:25.628,29920.0
2021-06-25 14:45:25.633,28558.0
2021-06-25 14:45:25.638,30458.0
2021-06-25 14:45:25.643,27892.0
2021-06-25 14:45:25.648,30926.0
2021-06-25 14:45:25.653,28492.0
2021-06-25 14:45:25.658,29586.0
2021-06-25 14:45:25.663,30720.0
2021-06-25 14:45:25.668,34856.0
2021-06-25 14:45:25.673,36484.0
2021-06-25 14:45:25.678,36592.0
2021-06-25 14:45:25.683,35416.0
2021-06-25 14:45:25.688,34826.0
2021-06-25 14:45:25.693,36826.0
2021-06-25 14:45:25.698,36422.0
2021-06-25 14:45:25.703,36662.0
2021-06-25 14:45:25.708,36166.0
2021-06-25 14:45:25.713,34738.0
2021-06-25 14:45:25.718,37736.0
2021-06-25 14:45:25.723,36662.0
2021-06-25 14:45:25.728,35246.0
2021-06-25 14:45:25.733,35540.0
2021-06-25 14:45:25.738,34116.0
2021-06-25 14:45:25.743,30592.0
2021-06-25 14:45:25.748,30642.0
2021-06-25 14:45:25.753,30138.0
2021-06-25 14:45:25.758,32562.0
2021-06-25 14:45:25.763,28538.0
2021-06-25 14:45:25.768,31924.0
2021-06-25 14:45:25.773,31068.0
2021-06-25 14:45:25.778,27280.0
2021-06-25 14:45:25.783,27582.0
2021-06-25 14:45:25.788,28716.0
2021-06-25 14:45:25.793,27070.0
2021-06-25 14:45:25.799,27456.0
2021-06-25 14:45:25.803,29308.0
2021-06-25 14:45:25.808,34476.0
2021-06-25 14:45:25.813,35148.0
2021-06-25 14:45:25.818,37340.0
2021-06-25 14:45:25.823,35410.0
2021-06-25 14:45:25.828,33500.0
2021-06-25 14:45:25.833,30514.0
2021-06-25 14:45:25.838,33218.0
2021-06-25 14:45:25.843,33800.0
2021-06-25 14:45:25.848,33772.0
2021-06-25 14:45:25.853,33716.0
2021-06-25 14:45:25.858,35590.0
2021-06-25 14:45:25.863,34564.0
2021-06-25 14:45:25.868,35688.0
2021-06-25 14:45:25.873,34204.0
2021-06-25 14:45:25.878,33830.0
2021-06-25 14:45:25.884,29816.0
2021-06-25 14:45:25.888,28944.0
2021-06-25 14:45:25.893,30324.0
2021-06-25 14:45:25.898,29078.0
2021-06-25 14:45:25.903,28912.0
2021-06-25 14:45:25.908,31976.0
2021-06-25 14:45:25.913,33064.0
2021-06-25 14:45:25.918,30982.0
2021-06-25 14:45:25.923,28116.0
2021-06-25 14:45:25.928,30082.0
2021-06-25 14:45:25.933,29138.0
2021-06-25 14:45:25.938,28952.0
2021-06-25 14:45:25.943,27840.0
2021-06-25 14:45:25.948,33516.0
2021-06-25 14:45:25.953,33900.0
2021-06-25 14:45:25.958,35276.0
2021-06-25 14:45:25.963,35606.0
2021-06-25 14:45:25.969,37120.0
2021-06-25 14:45:25.973,36858.0
2021-06-25 14:45:25.978,38640.0
2021-06-25 14:45:25.983,34316.0
2021-06-25 14:45:25.988,31894.0
2021-06-25 14:45:25.993,36298.0
2021-06-25 14:45:25.998,34768.0
2021-06-25 14:45:26.003,36288.0
2021-06-25 14:45:26.008,36072.0
2021-06-25 14:45:26.013,36160.0
2021-06-25 14:45:26.018,36610.0
2021-06-25 14:45:26.023,35868.0
2021-06-25 14:45:26.028,30618.0
2021-06-25 14:45:26.033,27942.0
2021-06-25 14:45:26.038,30698.0
2021-06-25 14:45:26.043,28892.0
2021-06-25 14:45:26.048,28362.0
2021-06-25 14:45:26.053,32300.0
2021-06-25 14:45:26.058,28136.0
2021-06-25 14:45:26.063,30128.0
2021-06-25 14:45:26.068,29894.0
2021-06-25 14:45:26.073,30066.0
2021-06-25 14:45:26.078,29686.0
2021-06-25 14:45:26.083,29596.0
2021-06-25 14:45:26.088,31634.0
2021-06-25 14:45:26.093,35164.0
2021-06-25 14:45:26.098,34240.0
2021-06-25 14:45:26.103,33718.0
2021-06-25 14:45:26.108,35350.0
2021-06-25 14:45:26.113,33116.0
2021-06-25 14:45:26.118,34606.0
2021-06-25 14:45:26.123,34270.0
2021-06-25 14:45:26.128,35734.0
2021-06-25 14:45:26.133,35576.0
2021-06-25 14:45:26.138,34060.0
2021-06-25 14:45:26.143,34296.0
2021-06-25 14:45:26.148,35088.0
2021-06-25 14:45:26.153,34594.0
2021-06-25 14:45:26.158,35914.0
2021-06-25 14:45:26.163,35642.0
2021-06-25 14:45:26.168,28280.0
2021-06-25 14:45:26.173,29502.0
2021-06-25 14:45:26.178,32028.0
2021-06-25 14:45:26.183,28882.0
2021-06-25 14:45:26.188,27450.0
2021-06-25 14:45:26.193,33998.0
2021-06-25 14:45:26.198,28348.0
2021-06-25 14:45:26.203,28708.0
2021-06-25 14:45:26.208,27640.0
2021-06-25 14:45:26.213,29006.0
2021-06-25 14:45:26.218,27342.0
2021-06-25 14:45:26.223,30252.0
2021-06-25 14:45:26.228,36726.0
2021-06-25 14:45:26.233,35210.0
2021-06-25 14:45:26.238,34162.0
2021-06-25 14:45:26.243,32694.0
2021-06-25 14:45:26.248,33292.0
2021-06-25 14:45:26.253,33470.0
2021-06-25 14:45:26.258,33702.0
2021-06-25 14:45:26.263,35672.0
2021-06-25 14:45:26.268,35262.0
2021-06-25 14:45:26.273,34670.0
2021-06-25 14:45:26.278,35334.0
2021-06-25 14:45:26.283,35076.0
2021-06-25 14:45:26.288,33906.0
2021-06-25 14:45:26.293,34600.0
2021-06-25 14:45:26.298,35062.0
2021-06-25 14:45:26.303,34518.0
2021-06-25 14:45:26.308,29112.0
2021-06-25 14:45:26.313,29024.0
2021-06-25 14:45:26.318,27060.0
2021-06-25 14:45:26.323,28798.0
2021-06-25 14:45:26.328,27990.0
2021-06-25 14:45:26.333,27430.0
2021-06-25 14:45:26.338,28826.0
2021-06-25 14:45:26.343,28850.0
2021-06-25 14:45:26.348,28834.0
2021-06-25 14:45:26.353,26664.0
2021-06-25 14:45:26.358,28764.0
2021-06-25 14:45:26.363,28400.0
2021-06-25 14:45:26.368,29314.0
2021-06-25 14:45:26.373,36000.0
2021-06-25 14:45:26.378,35518.0
2021-06-25 14:45:26.383,34598.0
2021-06-25 14:45:26.388,34030.0
2021-06-25 14:45:26.393,35604.0
2021-06-25 14:45:26.398,34978.0
2021-06-25 14:45:26.403,35776.0
2021-06-25 14:45:26.408,33276.0
2021-06-25 14:45:26.413,33610.0
2021-06-25 14:45:26.418,33800.0
2021-06-25 14:45:26.423,33260.0
2021-06-25 14:45:26.428,34738.0
2021-06-25 14:45:26.433,34272.0
2021-06-25 14:45:26.439,31798.0
2021-06-25 14:45:26.443,34062.0
2021-06-25 14:45:26.448,34378.0
2021-06-25 14:45:26.453,29466.0
2021-06-25 14:45:26.458,28896.0
2021-06-25 14:45:26.463,29230.0
2021-06-25 14:45:26.468,30354.0
2021-06-25 14:45:26.473,29114.0
2021-06-25 14:45:26.478,28502.0
2021-06-25 14:45:26.483,29124.0
2021-06-25 14:45:26.488,28476.0
2021-06-25 14:45:26.493,27828.0
2021-06-25 14:45:26.498,29150.0
2021-06-25 14:45:26.503,29564.0
2021-06-25 14:45:26.508,27784.0
2021-06-25 14:45:26.513,32926.0
2021-06-25 14:45:26.518,35384.0
2021-06-25 14:45:26.524,36582.0
2021-06-25 14:45:26.528,35102.0
2021-06-25 14:45:26.533,32978.0
2021-06-25 14:45:26.538,34486.0
2021-06-25 14:45:26.543,36498.0
2021-06-25 14:45:26.548,34968.0
2021-06-25 14:45:26.553,35096.0
2021-06-25 14:45:26.558,36222.0
2021-06-25 14:45:26.563,37490.0
2021-06-25 14:45:26.568,35950.0
2021-06-25 14:45:26.573,34820.0
2021-06-25 14:45:26.578,37120.0
2021-06-25 14:45:26.583,35226.0
2021-06-25 14:45:26.588,35138.0
2021-06-25 14:45:26.593,28882.0
2021-06-25 14:45:26.598,29200.0
2021-06-25 14:45:26.603,31272.0
2021-06-25 14:45:26.609,29724.0
2021-06-25 14:45:26.613,30782.0
2021-06-25 14:45:26.618,34240.0
2021-06-25 14:45:26.623,29396.0
2021-06-25 14:45:26.628,32712.0
2021-06-25 14:45:26.633,30118.0
2021-06-25 14:45:26.638,28758.0
2021-06-25 14:45:26.643,28914.0
2021-06-25 14:45:26.648,28872.0
2021-06-25 14:45:26.653,34118.0
2021-06-25 14:45:26.658,33818.0
2021-06-25 14:45:26.663,36452.0
2021-06-25 14:45:26.668,35996.0
2021-06-25 14:45:26.673,35466.0
2021-06-25 14:45:26.678,36000.0
2021-06-25 14:45:26.683,32640.0
2021-06-25 14:45:26.688,35200.0
2021-06-25 14:45:26.693,36376.0
2021-06-25 14:45:26.698,35694.0
2021-06-25 14:45:26.703,36248.0
2021-06-25 14:45:26.708,37458.0
2021-06-25 14:45:26.713,36642.0
2021-06-25 14:45:26.718,37442.0
2021-06-25 14:45:26.723,38386.0
2021-06-25 14:45:26.728,29764.0
2021-06-25 14:45:26.733,30360.0
2021-06-25 14:45:26.738,29580.0
2021-06-25 14:45:26.743,32114.0
2021-06-25 14:45:26.748,30576.0
2021-06-25 14:45:26.753,31136.0
2021-06-25 14:45:26.758,30736.0
2021-06-25 14:45:26.763,31930.0
2021-06-25 14:45:26.768,30274.0
2021-06-25 14:45:26.773,31894.0
2021-06-25 14:45:26.778,30002.0
2021-06-25 14:45:26.783,29642.0
2021-06-25 14:45:26.788,31442.0
2021-06-25 14:45:26.793,34716.0
2021-06-25 14:45:26.798,35938.0
2021-06-25 14:45:26.803,34492.0
2021-06-25 14:45:26.808,36104.0
2021-06-25 14:45:26.813,36282.0
2021-06-25 14:45:26.818,34452.0
2021-06-25 14:45:26.823,37940.0
2021-06-25 14:45:26.828,37064.0
2021-06-25 14:45:26.833,33460.0
2021-06-25 14:45:26.838,28770.0
2021-06-25 14:45:26.843,34590.0
2021-06-25 14:45:26.848,35030.0
2021-06-25 14:45:26.853,35948.0
2021-06-25 14:45:26.858,35780.0
2021-06-25 14:45:26.863,37028.0
2021-06-25 14:45:26.868,36898.0
2021-06-25 14:45:26.873,31272.0
2021-06-25 14:45:26.878,31924.0
2021-06-25 14:45:26.883,29694.0
2021-06-25 14:45:26.888,29856.0
2021-06-25 14:45:26.893,30196.0
2021-06-25 14:45:26.898,31108.0
2021-06-25 14:45:26.903,30966.0
2021-06-25 14:45:26.908,29422.0
2021-06-25 14:45:26.913,32664.0
2021-06-25 14:45:26.918,29604.0
2021-06-25 14:45:26.923,32776.0
2021-06-25 14:45:26.928,31648.0
2021-06-25 14:45:26.933,33264.0
2021-06-25 14:45:26.938,31192.0
2021-06-25 14:45:26.943,36200.0
2021-06-25 14:45:26.948,36134.0
2021-06-25 14:45:26.953,36736.0
2021-06-25 14:45:26.958,36474.0
2021-06-25 14:45:26.963,37398.0
2021-06-25 14:45:26.968,38582.0
2021-06-25 14:45:26.973,37534.0
2021-06-25 14:45:26.978,38992.0
2021-06-25 14:45:26.983,35140.0
2021-06-25 14:45:26.988,32260.0
2021-06-25 14:45:26.993,34512.0
2021-06-25 14:45:26.998,37878.0
2021-06-25 14:45:27.003,37660.0
2021-06-25 14:45:27.008,36766.0
2021-06-25 14:45:27.013,37304.0
2021-06-25 14:45:27.018,30760.0
2021-06-25 14:45:27.023,32890.0
2021-06-25 14:45:27.028,30728.0
2021-06-25 14:45:27.033,34672.0
2021-06-25 14:45:27.038,35040.0
2021-06-25 14:45:27.043,31490.0
2021-06-25 14:45:27.048,29616.0
2021-06-25 14:45:27.053,31570.0
2021-06-25 14:45:27.058,30940.0
2021-06-25 14:45:27.063,30504.0
2021-06-25 14:45:27.068,31356.0
2021-06-25 14:45:27.073,32894.0
2021-06-25 14:45:27.079,34272.0
2021-06-25 14:45:27.083,38510.0
2021-06-25 14:45:27.088,37402.0
2021-06-25 14:45:27.093,35042.0
2021-06-25 14:45:27.098,36782.0
2021-06-25 14:45:27.103,37556.0
2021-06-25 14:45:27.108,35258.0
2021-06-25 14:45:27.113,35714.0
2021-06-25 14:45:27.118,35712.0
2021-06-25 14:45:27.123,36146.0
2021-06-25 14:45:27.128,37926.0
2021-06-25 14:45:27.133,38608.0
2021-06-25 14:45:27.138,37556.0
2021-06-25 14:45:27.143,34544.0
2021-06-25 14:45:27.148,37340.0
2021-06-25 14:45:27.153,29178.0
2021-06-25 14:45:27.158,30052.0
2021-06-25 14:45:27.164,30356.0
2021-06-25 14:45:27.168,32922.0
2021-06-25 14:45:27.173,30770.0
2021-06-25 14:45:27.178,32224.0
2021-06-25 14:45:27.183,32640.0
2021-06-25 14:45:27.188,29364.0
2021-06-25 14:45:27.193,30066.0
2021-06-25 14:45:27.198,31008.0
2021-06-25 14:45:27.203,30652.0
2021-06-25 14:45:27.208,32766.0
2021-06-25 14:45:27.213,30524.0
2021-06-25 14:45:27.218,36972.0
2021-06-25 14:45:27.223,37510.0
2021-06-25 14:45:27.228,35304.0
2021-06-25 14:45:27.233,37064.0
2021-06-25 14:45:27.238,34850.0
2021-06-25 14:45:27.243,33938.0
2021-06-25 14:45:27.249,36418.0
2021-06-25 14:45:27.253,35626.0
2021-06-25 14:45:27.258,36192.0
2021-06-25 14:45:27.263,36672.0
2021-06-25 14:45:27.268,36898.0
2021-06-25 14:45:27.273,37572.0
2021-06-25 14:45:27.278,37694.0
2021-06-25 14:45:27.283,38900.0
2021-06-25 14:45:27.288,35950.0
2021-06-25 14:45:27.293,30524.0
2021-06-25 14:45:27.298,29920.0
2021-06-25 14:45:27.303,29970.0
2021-06-25 14:45:27.308,32352.0
2021-06-25 14:45:27.313,29856.0
2021-06-25 14:45:27.318,34806.0
2021-06-25 14:45:27.323,30610.0
2021-06-25 14:45:27.328,31606.0
2021-06-25 14:45:27.333,32920.0
2021-06-25 14:45:27.338,32034.0
2021-06-25 14:45:27.343,31344.0
2021-06-25 14:45:27.348,28584.0
2021-06-25 14:45:27.353,36982.0
2021-06-25 14:45:27.358,37294.0
2021-06-25 14:45:27.363,36170.0
2021-06-25 14:45:27.368,38100.0
2021-06-25 14:45:27.373,37622.0
2021-06-25 14:45:27.378,36400.0
2021-06-25 14:45:27.383,36962.0
2021-06-25 14:45:27.388,35776.0
2021-06-25 14:45:27.393,34246.0
2021-06-25 14:45:27.398,37124.0
2021-06-25 14:45:27.403,38122.0
2021-06-25 14:45:27.408,37042.0
2021-06-25 14:45:27.413,35338.0
2021-06-25 14:45:27.418,37586.0
2021-06-25 14:45:27.423,36790.0
2021-06-25 14:45:27.428,35252.0
2021-06-25 14:45:27.433,32412.0
2021-06-25 14:45:27.438,32460.0
2021-06-25 14:45:27.443,32874.0
2021-06-25 14:45:27.448,28488.0
2021-06-25 14:45:27.453,32848.0
2021-06-25 14:45:27.458,31304.0
2021-06-25 14:45:27.463,28512.0
2021-06-25 14:45:27.468,31090.0
2021-06-25 14:45:27.481,31444.0
2021-06-25 14:45:27.482,30350.0
2021-06-25 14:45:27.484,32932.0
2021-06-25 14:45:27.488,31072.0
2021-06-25 14:45:27.493,37510.0
2021-06-25 14:45:27.498,35478.0
2021-06-25 14:45:27.503,35722.0
2021-06-25 14:45:27.508,35200.0
2021-06-25 14:45:27.513,36754.0
2021-06-25 14:45:27.518,35230.0
2021-06-25 14:45:27.523,36628.0
2021-06-25 14:45:27.528,36094.0
2021-06-25 14:45:27.533,35802.0
2021-06-25 14:45:27.538,36026.0
2021-06-25 14:45:27.543,35108.0
2021-06-25 14:45:27.548,35190.0
2021-06-25 14:45:27.553,35590.0
2021-06-25 14:45:27.558,35324.0
2021-06-25 14:45:27.563,36186.0
2021-06-25 14:45:27.568,30920.0
2021-06-25 14:45:27.573,30520.0
2021-06-25 14:45:27.578,29722.0
2021-06-25 14:45:27.583,28970.0
2021-06-25 14:45:27.588,29888.0
2021-06-25 14:45:27.593,34508.0
2021-06-25 14:45:27.598,31668.0
2021-06-25 14:45:27.603,28642.0
2021-06-25 14:45:27.608,28164.0
2021-06-25 14:45:27.613,29960.0
2021-06-25 14:45:27.618,31556.0
2021-06-25 14:45:27.623,30756.0
2021-06-25 14:45:27.628,31000.0
2021-06-25 14:45:27.633,35194.0
2021-06-25 14:45:27.638,32824.0
2021-06-25 14:45:27.643,35800.0
2021-06-25 14:45:27.648,32890.0
2021-06-25 14:45:27.653,34552.0
2021-06-25 14:45:27.658,36282.0
2021-06-25 14:45:27.663,35174.0
2021-06-25 14:45:27.668,36832.0
2021-06-25 14:45:27.673,36030.0
2021-06-25 14:45:27.678,38280.0
2021-06-25 14:45:27.683,35092.0
2021-06-25 14:45:27.688,34860.0
2021-06-25 14:45:27.693,34010.0
2021-06-25 14:45:27.698,34404.0
2021-06-25 14:45:27.703,37022.0
2021-06-25 14:45:27.708,36382.0
2021-06-25 14:45:27.713,30038.0
2021-06-25 14:45:27.719,30304.0
2021-06-25 14:45:27.723,31316.0
2021-06-25 14:45:27.728,31198.0
2021-06-25 14:45:27.733,30242.0
2021-06-25 14:45:27.738,32772.0
2021-06-25 14:45:27.743,30284.0
2021-06-25 14:45:27.748,30766.0
2021-06-25 14:45:27.753,30616.0
2021-06-25 14:45:27.758,29842.0
2021-06-25 14:45:27.763,30272.0
2021-06-25 14:45:27.768,28584.0
2021-06-25 14:45:27.773,31412.0
2021-06-25 14:45:27.778,36808.0
2021-06-25 14:45:27.783,36996.0
2021-06-25 14:45:27.788,36036.0
2021-06-25 14:45:27.793,35124.0
2021-06-25 14:45:27.798,34354.0
2021-06-25 14:45:27.804,36654.0
2021-06-25 14:45:27.808,33974.0
2021-06-25 14:45:27.813,36030.0
2021-06-25 14:45:27.818,35092.0
2021-06-25 14:45:27.823,34996.0
2021-06-25 14:45:27.828,36402.0
2021-06-25 14:45:27.833,36478.0
2021-06-25 14:45:27.838,34770.0
2021-06-25 14:45:27.843,34630.0
2021-06-25 14:45:27.848,32820.0
2021-06-25 14:45:27.853,36626.0
2021-06-25 14:45:27.858,30488.0
2021-06-25 14:45:27.863,30084.0
2021-06-25 14:45:27.868,31212.0
2021-06-25 14:45:27.873,28734.0
2021-06-25 14:45:27.878,30750.0
2021-06-25 14:45:27.883,30554.0
2021-06-25 14:45:27.889,30268.0
2021-06-25 14:45:27.893,28870.0
2021-06-25 14:45:27.898,30704.0
2021-06-25 14:45:27.903,30376.0
2021-06-25 14:45:27.908,28326.0
2021-06-25 14:45:27.913,29920.0
2021-06-25 14:45:27.918,35866.0
2021-06-25 14:45:27.923,37124.0
2021-06-25 14:45:27.928,38368.0
2021-06-25 14:45:27.933,34800.0
2021-06-25 14:45:27.938,35384.0
2021-06-25 14:45:27.943,30940.0
2021-06-25 14:45:27.948,33628.0
2021-06-25 14:45:27.953,35194.0
2021-06-25 14:45:27.958,35412.0
2021-06-25 14:45:27.963,34332.0
2021-06-25 14:45:27.968,34334.0
2021-06-25 14:45:27.973,35242.0
2021-06-25 14:45:27.978,37428.0
2021-06-25 14:45:27.983,34420.0
2021-06-25 14:45:27.988,35884.0
2021-06-25 14:45:27.993,28898.0
2021-06-25 14:45:27.998,28888.0
2021-06-25 14:45:28.003,29642.0
2021-06-25 14:45:28.008,29266.0
2021-06-25 14:45:28.013,27762.0
2021-06-25 14:45:28.018,32140.0
2021-06-25 14:45:28.023,28144.0
2021-06-25 14:45:28.028,31144.0
2021-06-25 14:45:28.033,31234.0
2021-06-25 14:45:28.038,29348.0
2021-06-25 14:45:28.043,30310.0
2021-06-25 14:45:28.048,29422.0
2021-06-25 14:45:28.053,34252.0
2021-06-25 14:45:28.058,34508.0
2021-06-25 14:45:28.063,34240.0
2021-06-25 14:45:28.068,34778.0
2021-06-25 14:45:28.073,35088.0
2021-06-25 14:45:28.078,37716.0
2021-06-25 14:45:28.083,35930.0
2021-06-25 14:45:28.088,35504.0
2021-06-25 14:45:28.093,34172.0
2021-06-25 14:45:28.098,32794.0
2021-06-25 14:45:28.103,34886.0
2021-06-25 14:45:28.108,34686.0
2021-06-25 14:45:28.113,36330.0
2021-06-25 14:45:28.118,36580.0
2021-06-25 14:45:28.123,36962.0
2021-06-25 14:45:28.128,35076.0
2021-06-25 14:45:28.133,33814.0
2021-06-25 14:45:28.138,36274.0
2021-06-25 14:45:28.143,30196.0
2021-06-25 14:45:28.148,29420.0
2021-06-25 14:45:28.153,29780.0
2021-06-25 14:45:28.158,32438.0
2021-06-25 14:45:28.163,29882.0
2021-06-25 14:45:28.168,30216.0
2021-06-25 14:45:28.173,33440.0
2021-06-25 14:45:28.178,30828.0
2021-06-25 14:45:28.183,29914.0
2021-06-25 14:45:28.188,29118.0
2021-06-25 14:45:28.193,30006.0
2021-06-25 14:45:28.198,31268.0
2021-06-25 14:45:28.203,28548.0
2021-06-25 14:45:28.208,33754.0
2021-06-25 14:45:28.213,35990.0
2021-06-25 14:45:28.218,34816.0
2021-06-25 14:45:28.223,35324.0
2021-06-25 14:45:28.228,36596.0
2021-06-25 14:45:28.233,35682.0
2021-06-25 14:45:28.238,36572.0
2021-06-25 14:45:28.243,36160.0
2021-06-25 14:45:28.248,33048.0
2021-06-25 14:45:28.253,35358.0
2021-06-25 14:45:28.258,35610.0
2021-06-25 14:45:28.263,33870.0
2021-06-25 14:45:28.268,34906.0
2021-06-25 14:45:28.273,36222.0
2021-06-25 14:45:28.278,35980.0
2021-06-25 14:45:28.283,36410.0
2021-06-25 14:45:28.288,29958.0
2021-06-25 14:45:28.293,28316.0
2021-06-25 14:45:28.298,32382.0
2021-06-25 14:45:28.303,29102.0
2021-06-25 14:45:28.308,32470.0
2021-06-25 14:45:28.313,29440.0
2021-06-25 14:45:28.318,29564.0
2021-06-25 14:45:28.323,27942.0
2021-06-25 14:45:28.328,29820.0
2021-06-25 14:45:28.333,27664.0
2021-06-25 14:45:28.338,31228.0
2021-06-25 14:45:28.343,34538.0
2021-06-25 14:45:28.348,33650.0
2021-06-25 14:45:28.353,34558.0
2021-06-25 14:45:28.359,35730.0
2021-06-25 14:45:28.363,35724.0
2021-06-25 14:45:28.368,34662.0
2021-06-25 14:45:28.373,35440.0
2021-06-25 14:45:28.378,36016.0
2021-06-25 14:45:28.383,34938.0
2021-06-25 14:45:28.388,37136.0
2021-06-25 14:45:28.393,34462.0
2021-06-25 14:45:28.398,33362.0
2021-06-25 14:45:28.403,32104.0
2021-06-25 14:45:28.408,36038.0
2021-06-25 14:45:28.413,36020.0
2021-06-25 14:45:28.418,35404.0
2021-06-25 14:45:28.423,30048.0
2021-06-25 14:45:28.428,28492.0
2021-06-25 14:45:28.433,30642.0
2021-06-25 14:45:28.438,29124.0
2021-06-25 14:45:28.444,30770.0
2021-06-25 14:45:28.448,30210.0
2021-06-25 14:45:28.453,29486.0
2021-06-25 14:45:28.458,29446.0
2021-06-25 14:45:28.463,28348.0
2021-06-25 14:45:28.468,28836.0
2021-06-25 14:45:28.473,29944.0
2021-06-25 14:45:28.478,28218.0
2021-06-25 14:45:28.483,34708.0
2021-06-25 14:45:28.488,35478.0
2021-06-25 14:45:28.493,35168.0
2021-06-25 14:45:28.498,35308.0
2021-06-25 14:45:28.503,34414.0
2021-06-25 14:45:28.508,33918.0
2021-06-25 14:45:28.513,34942.0
2021-06-25 14:45:28.518,35104.0
2021-06-25 14:45:28.523,35154.0
2021-06-25 14:45:28.529,35584.0
2021-06-25 14:45:28.533,34768.0
2021-06-25 14:45:28.538,35370.0
2021-06-25 14:45:28.543,34906.0
2021-06-25 14:45:28.548,35966.0
2021-06-25 14:45:28.553,35118.0
2021-06-25 14:45:28.558,31330.0
2021-06-25 14:45:28.563,30138.0
2021-06-25 14:45:28.568,29170.0
2021-06-25 14:45:28.573,30350.0
2021-06-25 14:45:28.578,27502.0
2021-06-25 14:45:28.583,31746.0
2021-06-25 14:45:28.588,29508.0
2021-06-25 14:45:28.593,32218.0
2021-06-25 14:45:28.598,27768.0
2021-06-25 14:45:28.603,29658.0
2021-06-25 14:45:28.608,27482.0
2021-06-25 14:45:28.613,27696.0
2021-06-25 14:45:28.618,35876.0
2021-06-25 14:45:28.623,36292.0
2021-06-25 14:45:28.628,36338.0
2021-06-25 14:45:28.633,33798.0
2021-06-25 14:45:28.638,35836.0
2021-06-25 14:45:28.643,34338.0
2021-06-25 14:45:28.648,30180.0
2021-06-25 14:45:28.653,33040.0
2021-06-25 14:45:28.658,33892.0
2021-06-25 14:45:28.663,34534.0
2021-06-25 14:45:28.668,32844.0
2021-06-25 14:45:28.673,35714.0
2021-06-25 14:45:28.678,35272.0
2021-06-25 14:45:28.683,33650.0
2021-06-25 14:45:28.688,30980.0
2021-06-25 14:45:28.693,28850.0
2021-06-25 14:45:28.698,27634.0
2021-06-25 14:45:28.703,30910.0
2021-06-25 14:45:28.708,28816.0
2021-06-25 14:45:28.713,31248.0
2021-06-25 14:45:28.718,29344.0
2021-06-25 14:45:28.723,27572.0
2021-06-25 14:45:28.728,31782.0
2021-06-25 14:45:28.733,29440.0
2021-06-25 14:45:28.738,29512.0
2021-06-25 14:45:28.743,33526.0
2021-06-25 14:45:28.748,33110.0
2021-06-25 14:45:28.753,35882.0
2021-06-25 14:45:28.758,35016.0
2021-06-25 14:45:28.763,34518.0
2021-06-25 14:45:28.768,33584.0
2021-06-25 14:45:28.773,36354.0
2021-06-25 14:45:28.778,36750.0
2021-06-25 14:45:28.783,33542.0
2021-06-25 14:45:28.788,37022.0
2021-06-25 14:45:28.793,35174.0
2021-06-25 14:45:28.798,33800.0
2021-06-25 14:45:28.803,33210.0
2021-06-25 14:45:28.808,35912.0
2021-06-25 14:45:28.813,36664.0
2021-06-25 14:45:28.818,29538.0
2021-06-25 14:45:28.823,30930.0
2021-06-25 14:45:28.828,30950.0
2021-06-25 14:45:28.833,29266.0
2021-06-25 14:45:28.838,33562.0
2021-06-25 14:45:28.843,31054.0
2021-06-25 14:45:28.848,31632.0
2021-06-25 14:45:28.853,28764.0
2021-06-25 14:45:28.858,27158.0
2021-06-25 14:45:28.863,27320.0
2021-06-25 14:45:28.868,28850.0
2021-06-25 14:45:28.873,33764.0
2021-06-25 14:45:28.878,35648.0
2021-06-25 14:45:28.883,35396.0
2021-06-25 14:45:28.888,31996.0
2021-06-25 14:45:28.893,32140.0
2021-06-25 14:45:28.898,34488.0
2021-06-25 14:45:28.903,34378.0
2021-06-25 14:45:28.908,33034.0
2021-06-25 14:45:28.913,35534.0
2021-06-25 14:45:28.918,35420.0
2021-06-25 14:45:28.923,34348.0
2021-06-25 14:45:28.928,34630.0
2021-06-25 14:45:28.933,29138.0
2021-06-25 14:45:28.938,29626.0
2021-06-25 14:45:28.943,30504.0
2021-06-25 14:45:28.948,27454.0
2021-06-25 14:45:28.953,28872.0
2021-06-25 14:45:28.958,34102.0
2021-06-25 14:45:28.963,28024.0
2021-06-25 14:45:28.968,28322.0
2021-06-25 14:45:28.973,29122.0
2021-06-25 14:45:28.978,29554.0
2021-06-25 14:45:28.983,30036.0
2021-06-25 14:45:28.988,35250.0
2021-06-25 14:45:28.993,34446.0
2021-06-25 14:45:28.999,32510.0
2021-06-25 14:45:29.003,31942.0
2021-06-25 14:45:29.008,32756.0
2021-06-25 14:45:29.013,33978.0
2021-06-25 14:45:29.018,34162.0
2021-06-25 14:45:29.023,35846.0
2021-06-25 14:45:29.028,35160.0
2021-06-25 14:45:29.033,35446.0
2021-06-25 14:45:29.038,34724.0
2021-06-25 14:45:29.043,36646.0
2021-06-25 14:45:29.048,31052.0
2021-06-25 14:45:29.053,30736.0
2021-06-25 14:45:29.058,28426.0
2021-06-25 14:45:29.063,28488.0
2021-06-25 14:45:29.068,28434.0
2021-06-25 14:45:29.073,26602.0
2021-06-25 14:45:29.078,30446.0
2021-06-25 14:45:29.084,28272.0
2021-06-25 14:45:29.088,27310.0
2021-06-25 14:45:29.093,29866.0
2021-06-25 14:45:29.098,28096.0
2021-06-25 14:45:29.103,27630.0
2021-06-25 14:45:29.108,33306.0
2021-06-25 14:45:29.113,34560.0
2021-06-25 14:45:29.118,33280.0
2021-06-25 14:45:29.123,36078.0
2021-06-25 14:45:29.128,35426.0
2021-06-25 14:45:29.133,34322.0
2021-06-25 14:45:29.138,33798.0
2021-06-25 14:45:29.143,35390.0
2021-06-25 14:45:29.148,35086.0
2021-06-25 14:45:29.153,30032.0
2021-06-25 14:45:29.158,28764.0
2021-06-25 14:45:29.163,28842.0
2021-06-25 14:45:29.169,30226.0
2021-06-25 14:45:29.173,27332.0
2021-06-25 14:45:29.178,33358.0
2021-06-25 14:45:29.183,29132.0
2021-06-25 14:45:29.188,28070.0
2021-06-25 14:45:29.193,30796.0
2021-06-25 14:45:29.198,27208.0
2021-06-25 14:45:29.203,30764.0
2021-06-25 14:45:29.208,30150.0
2021-06-25 14:45:29.213,32710.0
2021-06-25 14:45:29.218,33958.0
2021-06-25 14:45:29.223,33486.0
2021-06-25 14:45:29.228,33116.0
2021-06-25 14:45:29.233,36138.0
2021-06-25 14:45:29.238,34430.0
2021-06-25 14:45:29.243,36500.0
2021-06-25 14:45:29.248,33880.0
2021-06-25 14:45:29.253,32424.0
2021-06-25 14:45:29.258,32742.0
2021-06-25 14:45:29.263,27932.0
2021-06-25 14:45:29.268,27328.0
2021-06-25 14:45:29.273,28430.0
2021-06-25 14:45:29.278,29334.0
2021-06-25 14:45:29.283,34506.0
2021-06-25 14:45:29.288,30058.0
2021-06-25 14:45:29.293,30180.0
2021-06-25 14:45:29.298,28806.0
2021-06-25 14:45:29.303,30114.0
2021-06-25 14:45:29.308,28924.0
2021-06-25 14:45:29.313,35204.0
2021-06-25 14:45:29.318,34908.0
2021-06-25 14:45:29.323,34164.0
2021-06-25 14:45:29.328,34116.0
2021-06-25 14:45:29.333,33918.0
2021-06-25 14:45:29.338,33952.0
2021-06-25 14:45:29.343,35118.0
2021-06-25 14:45:29.348,33466.0
2021-06-25 14:45:29.353,32684.0
2021-06-25 14:45:29.358,32022.0
2021-06-25 14:45:29.363,29096.0
2021-06-25 14:45:29.368,28912.0
2021-06-25 14:45:29.373,31196.0
2021-06-25 14:45:29.378,26926.0
2021-06-25 14:45:29.383,29278.0
2021-06-25 14:45:29.388,28144.0
2021-06-25 14:45:29.393,30252.0
2021-06-25 14:45:29.398,28558.0
2021-06-25 14:45:29.403,29672.0
2021-06-25 14:45:29.408,29550.0
2021-06-25 14:45:29.413,33880.0
2021-06-25 14:45:29.418,35170.0
2021-06-25 14:45:29.423,35102.0
2021-06-25 14:45:29.428,35118.0
2021-06-25 14:45:29.433,33890.0
2021-06-25 14:45:29.438,33174.0
2021-06-25 14:45:29.443,36416.0
2021-06-25 14:45:29.448,33116.0
2021-06-25 14:45:29.453,35884.0
2021-06-25 14:45:29.458,30380.0
2021-06-25 14:45:29.463,27090.0
2021-06-25 14:45:29.468,27886.0
2021-06-25 14:45:29.473,30156.0
2021-06-25 14:45:29.478,26660.0
2021-06-25 14:45:29.483,31752.0
2021-06-25 14:45:29.488,28414.0
2021-06-25 14:45:29.493,28018.0
2021-06-25 14:45:29.498,28912.0
2021-06-25 14:45:29.503,29790.0
2021-06-25 14:45:29.508,28760.0
2021-06-25 14:45:29.513,34636.0
2021-06-25 14:45:29.518,34394.0
2021-06-25 14:45:29.523,35102.0
2021-06-25 14:45:29.528,34712.0
2021-06-25 14:45:29.533,34026.0
2021-06-25 14:45:29.538,33738.0
2021-06-25 14:45:29.543,36654.0
2021-06-25 14:45:29.548,33418.0
2021-06-25 14:45:29.553,33702.0
2021-06-25 14:45:29.558,33798.0
2021-06-25 14:45:29.563,27310.0
2021-06-25 14:45:29.568,28262.0
2021-06-25 14:45:29.573,29052.0
2021-06-25 14:45:29.578,29200.0
2021-06-25 14:45:29.583,32552.0
2021-06-25 14:45:29.588,27408.0
2021-06-25 14:45:29.593,29848.0
2021-06-25 14:45:29.598,28990.0
2021-06-25 14:45:29.603,29728.0
2021-06-25 14:45:29.608,29206.0
2021-06-25 14:45:29.613,35318.0
2021-06-25 14:45:29.618,34716.0
2021-06-25 14:45:29.623,35656.0
2021-06-25 14:45:29.628,35714.0
2021-06-25 14:45:29.633,33968.0
2021-06-25 14:45:29.639,33348.0
2021-06-25 14:45:29.643,34318.0
2021-06-25 14:45:29.648,33572.0
2021-06-25 14:45:29.653,29214.0
2021-06-25 14:45:29.658,30822.0
2021-06-25 14:45:29.663,28518.0
2021-06-25 14:45:29.668,27820.0
2021-06-25 14:45:29.673,29086.0
2021-06-25 14:45:29.678,29426.0
2021-06-25 14:45:29.683,33798.0
2021-06-25 14:45:29.688,29404.0
2021-06-25 14:45:29.693,29226.0
2021-06-25 14:45:29.698,29006.0
2021-06-25 14:45:29.703,27346.0
2021-06-25 14:45:29.708,26742.0
2021-06-25 14:45:29.713,35184.0
2021-06-25 14:45:29.718,34842.0
2021-06-25 14:45:29.724,33158.0
2021-06-25 14:45:29.728,34732.0
2021-06-25 14:45:29.733,36222.0
2021-06-25 14:45:29.738,33574.0
2021-06-25 14:45:29.743,33220.0
2021-06-25 14:45:29.748,33398.0
2021-06-25 14:45:29.753,33624.0
2021-06-25 14:45:29.758,26740.0
2021-06-25 14:45:29.763,29082.0
2021-06-25 14:45:29.768,29334.0
2021-06-25 14:45:29.773,30210.0
2021-06-25 14:45:29.778,28906.0
2021-06-25 14:45:29.783,33634.0
2021-06-25 14:45:29.788,28338.0
2021-06-25 14:45:29.793,29610.0
2021-06-25 14:45:29.798,29488.0
2021-06-25 14:45:29.803,29476.0
2021-06-25 14:45:29.809,26530.0
2021-06-25 14:45:29.813,35016.0
2021-06-25 14:45:29.818,35348.0
2021-06-25 14:45:29.823,34826.0
2021-06-25 14:45:29.828,34302.0
2021-06-25 14:45:29.833,35246.0
2021-06-25 14:45:29.838,34044.0
2021-06-25 14:45:29.843,34112.0
2021-06-25 14:45:29.848,31182.0
2021-06-25 14:45:29.853,28634.0
2021-06-25 14:45:29.858,28876.0
2021-06-25 14:45:29.863,27410.0
2021-06-25 14:45:29.868,30370.0
2021-06-25 14:45:29.873,28836.0
2021-06-25 14:45:29.878,30412.0
2021-06-25 14:45:29.891,27512.0
2021-06-25 14:45:29.892,29446.0
2021-06-25 14:45:29.895,28528.0
2021-06-25 14:45:29.898,29842.0
2021-06-25 14:45:29.903,27158.0
2021-06-25 14:45:29.908,32874.0
2021-06-25 14:45:29.913,33502.0
2021-06-25 14:45:29.918,33338.0
2021-06-25 14:45:29.923,35148.0
2021-06-25 14:45:29.928,34054.0
2021-06-25 14:45:29.933,33456.0
2021-06-25 14:45:29.938,36082.0
2021-06-25 14:45:29.943,35530.0
2021-06-25 14:45:29.948,32048.0
2021-06-25 14:45:29.953,30868.0
2021-06-25 14:45:29.958,26840.0
2021-06-25 14:45:29.963,26084.0
2021-06-25 14:45:29.968,28282.0
2021-06-25 14:45:29.973,30112.0
2021-06-25 14:45:29.978,29076.0
2021-06-25 14:45:29.983,29000.0
2021-06-25 14:45:29.988,32630.0
2021-06-25 14:45:29.993,28518.0
2021-06-25 14:45:29.998,29892.0
2021-06-25 14:45:30.003,27266.0
2021-06-25 14:45:30.008,29088.0
2021-06-25 14:45:30.013,27224.0
2021-06-25 14:45:30.018,35522.0
2021-06-25 14:45:30.023,35158.0
2021-06-25 14:45:30.028,33666.0
2021-06-25 14:45:30.033,34826.0
2021-06-25 14:45:30.038,35328.0
2021-06-25 14:45:30.043,34378.0
2021-06-25 14:45:30.048,32618.0
2021-06-25 14:45:30.053,29450.0
2021-06-25 14:45:30.058,30248.0
2021-06-25 14:45:30.063,28672.0
2021-06-25 14:45:30.068,28436.0
2021-06-25 14:45:30.073,28434.0
2021-06-25 14:45:30.078,29750.0
2021-06-25 14:45:30.083,29226.0
2021-06-25 14:45:30.088,29856.0
2021-06-25 14:45:30.093,27372.0
2021-06-25 14:45:30.098,28670.0
2021-06-25 14:45:30.103,27300.0
2021-06-25 14:45:30.108,28918.0
2021-06-25 14:45:30.113,29528.0
2021-06-25 14:45:30.118,33902.0
2021-06-25 14:45:30.123,34172.0
2021-06-25 14:45:30.128,32640.0
2021-06-25 14:45:30.133,33030.0
2021-06-25 14:45:30.138,34136.0
2021-06-25 14:45:30.143,34344.0
2021-06-25 14:45:30.148,32720.0
2021-06-25 14:45:30.153,34262.0
2021-06-25 14:45:30.158,33438.0
2021-06-25 14:45:30.163,33710.0
2021-06-25 14:45:30.168,35430.0
2021-06-25 14:45:30.173,29006.0
2021-06-25 14:45:30.178,28008.0
2021-06-25 14:45:30.183,29750.0
2021-06-25 14:45:30.188,28224.0
2021-06-25 14:45:30.193,26968.0
2021-06-25 14:45:30.198,31914.0
2021-06-25 14:45:30.203,28046.0
2021-06-25 14:45:30.208,28434.0
2021-06-25 14:45:30.213,29452.0
2021-06-25 14:45:30.218,26874.0
2021-06-25 14:45:30.223,29544.0
2021-06-25 14:45:30.228,34224.0
2021-06-25 14:45:30.233,35626.0
2021-06-25 14:45:30.238,34398.0
2021-06-25 14:45:30.243,35128.0
2021-06-25 14:45:30.248,34696.0
2021-06-25 14:45:30.253,33772.0
2021-06-25 14:45:30.258,31268.0
2021-06-25 14:45:30.263,34040.0
2021-06-25 14:45:30.268,34486.0
2021-06-25 14:45:30.273,34466.0
2021-06-25 14:45:30.279,28954.0
2021-06-25 14:45:30.283,27614.0
2021-06-25 14:45:30.288,28640.0
2021-06-25 14:45:30.293,31772.0
2021-06-25 14:45:30.298,28200.0
2021-06-25 14:45:30.303,28014.0
2021-06-25 14:45:30.308,30654.0
2021-06-25 14:45:30.313,28604.0
2021-06-25 14:45:30.318,30492.0
2021-06-25 14:45:30.323,29272.0
2021-06-25 14:45:30.328,28806.0
2021-06-25 14:45:30.333,29702.0
2021-06-25 14:45:30.338,29760.0
2021-06-25 14:45:30.343,34712.0
2021-06-25 14:45:30.348,33482.0
2021-06-25 14:45:30.353,33840.0
2021-06-25 14:45:30.358,32468.0
2021-06-25 14:45:30.364,33496.0
2021-06-25 14:45:30.368,32398.0
2021-06-25 14:45:30.373,35230.0
2021-06-25 14:45:30.378,32418.0
2021-06-25 14:45:30.383,35296.0
2021-06-25 14:45:30.388,34850.0
2021-06-25 14:45:30.393,27764.0
2021-06-25 14:45:30.398,29648.0
2021-06-25 14:45:30.403,30062.0
2021-06-25 14:45:30.408,29250.0
2021-06-25 14:45:30.413,31006.0
2021-06-25 14:45:30.418,32572.0
2021-06-25 14:45:30.423,27598.0
2021-06-25 14:45:30.428,29200.0
2021-06-25 14:45:30.433,27446.0
2021-06-25 14:45:30.438,30386.0
2021-06-25 14:45:30.443,29368.0
2021-06-25 14:45:30.449,33824.0
2021-06-25 14:45:30.453,34190.0
2021-06-25 14:45:30.458,31562.0
2021-06-25 14:45:30.463,33004.0
2021-06-25 14:45:30.468,32290.0
2021-06-25 14:45:30.473,35040.0
2021-06-25 14:45:30.478,32270.0
2021-06-25 14:45:30.483,32100.0
2021-06-25 14:45:30.488,32894.0
2021-06-25 14:45:30.493,35344.0
2021-06-25 14:45:30.498,34594.0
2021-06-25 14:45:30.503,29370.0
2021-06-25 14:45:30.508,28682.0
2021-06-25 14:45:30.513,28562.0
2021-06-25 14:45:30.518,28978.0
2021-06-25 14:45:30.523,28060.0
2021-06-25 14:45:30.528,28952.0
2021-06-25 14:45:30.533,31500.0
2021-06-25 14:45:30.538,30118.0
2021-06-25 14:45:30.543,30042.0
2021-06-25 14:45:30.548,32782.0
2021-06-25 14:45:30.553,31644.0
2021-06-25 14:45:30.558,30308.0
2021-06-25 14:45:30.563,30102.0
2021-06-25 14:45:30.568,29924.0
2021-06-25 14:45:30.573,29704.0
2021-06-25 14:45:30.578,29610.0
2021-06-25 14:45:30.583,35298.0
2021-06-25 14:45:30.588,35494.0
2021-06-25 14:45:30.593,31428.0
2021-06-25 14:45:30.598,32018.0
2021-06-25 14:45:30.603,34154.0
2021-06-25 14:45:30.608,34280.0
2021-06-25 14:45:30.613,31520.0
2021-06-25 14:45:30.618,34018.0
2021-06-25 14:45:30.623,32182.0
2021-06-25 14:45:30.628,35708.0
2021-06-25 14:45:30.633,30410.0
2021-06-25 14:45:30.638,29204.0
2021-06-25 14:45:30.643,27316.0
2021-06-25 14:45:30.648,30370.0
2021-06-25 14:45:30.653,28306.0
2021-06-25 14:45:30.658,27922.0
2021-06-25 14:45:30.663,30986.0
2021-06-25 14:45:30.668,29170.0
2021-06-25 14:45:30.673,31978.0
2021-06-25 14:45:30.678,31362.0
2021-06-25 14:45:30.683,29902.0
2021-06-25 14:45:30.688,27902.0
2021-06-25 14:45:30.693,31598.0
2021-06-25 14:45:30.698,29872.0
2021-06-25 14:45:30.703,30836.0
2021-06-25 14:45:30.708,28024.0
2021-06-25 14:45:30.713,29404.0
2021-06-25 14:45:30.718,26822.0
2021-06-25 14:45:30.723,35046.0
2021-06-25 14:45:30.728,35214.0
2021-06-25 14:45:30.733,33936.0
2021-06-25 14:45:30.738,35476.0
2021-06-25 14:45:30.743,33398.0
2021-06-25 14:45:30.748,35684.0
2021-06-25 14:45:30.753,32024.0
2021-06-25 14:45:30.758,32784.0
2021-06-25 14:45:30.763,33352.0
2021-06-25 14:45:30.768,33636.0
2021-06-25 14:45:30.773,27014.0
2021-06-25 14:45:30.778,28852.0
2021-06-25 14:45:30.783,30920.0
2021-06-25 14:45:30.788,29370.0
2021-06-25 14:45:30.793,27680.0
2021-06-25 14:45:30.798,32424.0
2021-06-25 14:45:30.803,27362.0
2021-06-25 14:45:30.808,27732.0
2021-06-25 14:45:30.813,28914.0
2021-06-25 14:45:30.818,27492.0
2021-06-25 14:45:30.823,28912.0
2021-06-25 14:45:30.828,35790.0
2021-06-25 14:45:30.833,36056.0
2021-06-25 14:45:30.838,35040.0
2021-06-25 14:45:30.843,32120.0
2021-06-25 14:45:30.848,33496.0
2021-06-25 14:45:30.853,33938.0
2021-06-25 14:45:30.858,35072.0
2021-06-25 14:45:30.863,34112.0
2021-06-25 14:45:30.868,33866.0
2021-06-25 14:45:30.873,33702.0
2021-06-25 14:45:30.878,30638.0
2021-06-25 14:45:30.883,30002.0
2021-06-25 14:45:30.888,31254.0
2021-06-25 14:45:30.893,29682.0
2021-06-25 14:45:30.898,26880.0
2021-06-25 14:45:30.903,26382.0
2021-06-25 14:45:30.908,27110.0
2021-06-25 14:45:30.913,29380.0
2021-06-25 14:45:30.919,29282.0
2021-06-25 14:45:30.923,28564.0
2021-06-25 14:45:30.928,26250.0
2021-06-25 14:45:30.933,27464.0
2021-06-25 14:45:30.938,25324.0
2021-06-25 14:45:30.943,29980.0
2021-06-25 14:45:30.948,27520.0
2021-06-25 14:45:30.953,27392.0
2021-06-25 14:45:30.958,26858.0
2021-06-25 14:45:30.963,29940.0
2021-06-25 14:45:30.968,31740.0
2021-06-25 14:45:30.973,32740.0
2021-06-25 14:45:30.978,28646.0
2021-06-25 14:45:30.983,32622.0
2021-06-25 14:45:30.988,31530.0
2021-06-25 14:45:30.993,31890.0
2021-06-25 14:45:30.998,29832.0
2021-06-25 14:45:31.004,29514.0
2021-06-25 14:45:31.008,29446.0
2021-06-25 14:45:31.013,31252.0
2021-06-25 14:45:31.018,29000.0
2021-06-25 14:45:31.023,31510.0
2021-06-25 14:45:31.028,32120.0
2021-06-25 14:45:31.033,31616.0
2021-06-25 14:45:31.038,31012.0
2021-06-25 14:45:31.043,29842.0
2021-06-25 14:45:31.048,30222.0
2021-06-25 14:45:31.053,32008.0
2021-06-25 14:45:31.058,30226.0
2021-06-25 14:45:31.063,30292.0
2021-06-25 14:45:31.068,29482.0
2021-06-25 14:45:31.073,30672.0
2021-06-25 14:45:31.078,28728.0
2021-06-25 14:45:31.083,32352.0
2021-06-25 14:45:31.089,32366.0
2021-06-25 14:45:31.093,33328.0
2021-06-25 14:45:31.098,33116.0
2021-06-25 14:45:31.103,33270.0
2021-06-25 14:45:31.108,31536.0
2021-06-25 14:45:31.113,31936.0
2021-06-25 14:45:31.118,31776.0
2021-06-25 14:45:31.123,32664.0
2021-06-25 14:45:31.128,32772.0
2021-06-25 14:45:31.133,32542.0
2021-06-25 14:45:31.138,33002.0
2021-06-25 14:45:31.143,34466.0
2021-06-25 14:45:31.148,32450.0
2021-06-25 14:45:31.153,32240.0
2021-06-25 14:45:31.158,31452.0
2021-06-25 14:45:31.163,31468.0
2021-06-25 14:45:31.168,30956.0
2021-06-25 14:45:31.173,31844.0
2021-06-25 14:45:31.178,32972.0
2021-06-25 14:45:31.183,32110.0
2021-06-25 14:45:31.188,30964.0
2021-06-25 14:45:31.193,32696.0
2021-06-25 14:45:31.198,31002.0
2021-06-25 14:45:31.203,31658.0
2021-06-25 14:45:31.208,28318.0
2021-06-25 14:45:31.213,30330.0
2021-06-25 14:45:31.218,30936.0
2021-06-25 14:45:31.223,28538.0
2021-06-25 14:45:31.228,28548.0
2021-06-25 14:45:31.233,29934.0
2021-06-25 14:45:31.238,31668.0
2021-06-25 14:45:31.243,31904.0
2021-06-25 14:45:31.248,30782.0
2021-06-25 14:45:31.253,29692.0
2021-06-25 14:45:31.258,28210.0
2021-06-25 14:45:31.263,28716.0
2021-06-25 14:45:31.268,29898.0
2021-06-25 14:45:31.273,30084.0
2021-06-25 14:45:31.278,29616.0
2021-06-25 14:45:31.283,30540.0
2021-06-25 14:45:31.288,29714.0
2021-06-25 14:45:31.293,30972.0
2021-06-25 14:45:31.298,29954.0
2021-06-25 14:45:31.303,29422.0
2021-06-25 14:45:31.308,26540.0
2021-06-25 14:45:31.313,27896.0
2021-06-25 14:45:31.318,26316.0
2021-06-25 14:45:31.323,26378.0
2021-06-25 14:45:31.328,27358.0
2021-06-25 14:45:31.333,25690.0
2021-06-25 14:45:31.338,29132.0
2021-06-25 14:45:31.343,27864.0
2021-06-25 14:45:31.348,25950.0
2021-06-25 14:45:31.353,30478.0
2021-06-25 14:45:31.358,28298.0
2021-06-25 14:45:31.363,28502.0
2021-06-25 14:45:31.368,26552.0
2021-06-25 14:45:31.373,27692.0
2021-06-25 14:45:31.378,26100.0
2021-06-25 14:45:31.383,27628.0
2021-06-25 14:45:31.388,26500.0
2021-06-25 14:45:31.393,27850.0
2021-06-25 14:45:31.398,26178.0
2021-06-25 14:45:31.403,27736.0
2021-06-25 14:45:31.408,25354.0
2021-06-25 14:45:31.413,27608.0
2021-06-25 14:45:31.418,28426.0
2021-06-25 14:45:31.423,26514.0
2021-06-25 14:45:31.428,25300.0
2021-06-25 14:45:31.433,26526.0
2021-06-25 14:45:31.438,25118.0
2021-06-25 14:45:31.443,26140.0
2021-06-25 14:45:31.448,26716.0
2021-06-25 14:45:31.453,25798.0
2021-06-25 14:45:31.458,26120.0
2021-06-25 14:45:31.463,26454.0
2021-06-25 14:45:31.468,25300.0
2021-06-25 14:45:31.473,25996.0
2021-06-25 14:45:31.478,24032.0
2021-06-25 14:45:31.483,25354.0
2021-06-25 14:45:31.488,24736.0
2021-06-25 14:45:31.493,26350.0
2021-06-25 14:45:31.498,25222.0
2021-06-25 14:45:31.503,25816.0
2021-06-25 14:45:31.508,25462.0
2021-06-25 14:45:31.513,25904.0
2021-06-25 14:45:31.518,25822.0
2021-06-25 14:45:31.523,25278.0
2021-06-25 14:45:31.528,26196.0
2021-06-25 14:45:31.533,24944.0
2021-06-25 14:45:31.538,25544.0
2021-06-25 14:45:31.543,26558.0
2021-06-25 14:45:31.548,25032.0
2021-06-25 14:45:31.553,26562.0
2021-06-25 14:45:31.559,27228.0
2021-06-25 14:45:31.563,27090.0
2021-06-25 14:45:31.568,26304.0
2021-06-25 14:45:31.573,26366.0
2021-06-25 14:45:31.578,26444.0
2021-06-25 14:45:31.583,25448.0
2021-06-25 14:45:31.588,26844.0
2021-06-25 14:45:31.593,25816.0
2021-06-25 14:45:31.598,27358.0
2021-06-25 14:45:31.603,28480.0
2021-06-25 14:45:31.608,25900.0
2021-06-25 14:45:31.613,26582.0
2021-06-25 14:45:31.618,25524.0
2021-06-25 14:45:31.623,27402.0
2021-06-25 14:45:31.628,25694.0
2021-06-25 14:45:31.633,26772.0
2021-06-25 14:45:31.638,24966.0
2021-06-25 14:45:31.644,24890.0
2021-06-25 14:45:31.648,25480.0
2021-06-25 14:45:31.653,26664.0
2021-06-25 14:45:31.658,26608.0
2021-06-25 14:45:31.663,25662.0
2021-06-25 14:45:31.668,24472.0
2021-06-25 14:45:31.673,24642.0
2021-06-25 14:45:31.678,26198.0
2021-06-25 14:45:31.683,25930.0
2021-06-25 14:45:31.688,25544.0
2021-06-25 14:45:31.693,25100.0
2021-06-25 14:45:31.698,25166.0
2021-06-25 14:45:31.703,26568.0
2021-06-25 14:45:31.708,26110.0
2021-06-25 14:45:31.713,25930.0
2021-06-25 14:45:31.718,24390.0
2021-06-25 14:45:31.723,24446.0
2021-06-25 14:45:31.729,24928.0
2021-06-25 14:45:31.733,24472.0
2021-06-25 14:45:31.738,24882.0
2021-06-25 14:45:31.743,26674.0
2021-06-25 14:45:31.748,25052.0
2021-06-25 14:45:31.753,26438.0
2021-06-25 14:45:31.758,26088.0
2021-06-25 14:45:31.763,24622.0
2021-06-25 14:45:31.768,26392.0
2021-06-25 14:45:31.773,26670.0
2021-06-25 14:45:31.778,24466.0
2021-06-25 14:45:31.783,26388.0
2021-06-25 14:45:31.788,25934.0
2021-06-25 14:45:31.793,25320.0
2021-06-25 14:45:31.798,27028.0
2021-06-25 14:45:31.803,25832.0
2021-06-25 14:45:31.808,26776.0
2021-06-25 14:45:31.813,27096.0
2021-06-25 14:45:31.818,26668.0
2021-06-25 14:45:31.823,26926.0
2021-06-25 14:45:31.828,25242.0
2021-06-25 14:45:31.833,26254.0
2021-06-25 14:45:31.838,25704.0
2021-06-25 14:45:31.843,25284.0
2021-06-25 14:45:31.848,28338.0
2021-06-25 14:45:31.853,27156.0
2021-06-25 14:45:31.858,28034.0
2021-06-25 14:45:31.863,24596.0
2021-06-25 14:45:31.868,25150.0
2021-06-25 14:45:31.873,24888.0
2021-06-25 14:45:31.878,25154.0
2021-06-25 14:45:31.883,26536.0
2021-06-25 14:45:31.888,24350.0
2021-06-25 14:45:31.893,25156.0
2021-06-25 14:45:31.898,25598.0
2021-06-25 14:45:31.903,25796.0
2021-06-25 14:45:31.908,26566.0
2021-06-25 14:45:31.913,24760.0
2021-06-25 14:45:31.918,26034.0
2021-06-25 14:45:31.923,25598.0
2021-06-25 14:45:31.928,24658.0
2021-06-25 14:45:31.933,24612.0
2021-06-25 14:45:31.938,26028.0
2021-06-25 14:45:31.943,26130.0
2021-06-25 14:45:31.948,29160.0
2021-06-25 14:45:31.953,25606.0
2021-06-25 14:45:31.958,25710.0
2021-06-25 14:45:31.963,24924.0
2021-06-25 14:45:31.968,24180.0
2021-06-25 14:45:31.973,24176.0
2021-06-25 14:45:31.978,26088.0
2021-06-25 14:45:31.983,25952.0
2021-06-25 14:45:31.988,26052.0
2021-06-25 14:45:31.993,25002.0
2021-06-25 14:45:31.998,26224.0
2021-06-25 14:45:32.003,24744.0
2021-06-25 14:45:32.008,26602.0
2021-06-25 14:45:32.013,27276.0
2021-06-25 14:45:32.018,25816.0
2021-06-25 14:45:32.023,26182.0
2021-06-25 14:45:32.028,25798.0
2021-06-25 14:45:32.033,25986.0
2021-06-25 14:45:32.038,26592.0
2021-06-25 14:45:32.043,25334.0
2021-06-25 14:45:32.048,26126.0
2021-06-25 14:45:32.053,26152.0
2021-06-25 14:45:32.058,27434.0
2021-06-25 14:45:32.063,27844.0
2021-06-25 14:45:32.068,26798.0
2021-06-25 14:45:32.073,27968.0
2021-06-25 14:45:32.078,26726.0
2021-06-25 14:45:32.083,26576.0
2021-06-25 14:45:32.088,29312.0
2021-06-25 14:45:32.093,27844.0
2021-06-25 14:45:32.098,28630.0
2021-06-25 14:45:32.103,27090.0
2021-06-25 14:45:32.108,27198.0
2021-06-25 14:45:32.113,26510.0
2021-06-25 14:45:32.118,26440.0
2021-06-25 14:45:32.123,26952.0
2021-06-25 14:45:32.128,27762.0
2021-06-25 14:45:32.133,27932.0
2021-06-25 14:45:32.138,29144.0
2021-06-25 14:45:32.143,28798.0
2021-06-25 14:45:32.148,28498.0
2021-06-25 14:45:32.153,26902.0
2021-06-25 14:45:32.158,27908.0
2021-06-25 14:45:32.163,27710.0
2021-06-25 14:45:32.168,28578.0
2021-06-25 14:45:32.173,28502.0
2021-06-25 14:45:32.178,27464.0
2021-06-25 14:45:32.183,26418.0
2021-06-25 14:45:32.188,26614.0
2021-06-25 14:45:32.193,25950.0
2021-06-25 14:45:32.199,25816.0
2021-06-25 14:45:32.203,26320.0
2021-06-25 14:45:32.208,26444.0
2021-06-25 14:45:32.213,25536.0
2021-06-25 14:45:32.218,25818.0
2021-06-25 14:45:32.223,25982.0
2021-06-25 14:45:32.228,24698.0
2021-06-25 14:45:32.233,24402.0
2021-06-25 14:45:32.238,26182.0
2021-06-25 14:45:32.243,25926.0
2021-06-25 14:45:32.248,25510.0
2021-06-25 14:45:32.253,30248.0
2021-06-25 14:45:32.258,28846.0
2021-06-25 14:45:32.263,26720.0
2021-06-25 14:45:32.268,24682.0
2021-06-25 14:45:32.273,26644.0
2021-06-25 14:45:32.278,25284.0
2021-06-25 14:45:32.284,24040.0
2021-06-25 14:45:32.288,24790.0
2021-06-25 14:45:32.301,26848.0
2021-06-25 14:45:32.302,25402.0
2021-06-25 14:45:32.304,24730.0
2021-06-25 14:45:32.308,27696.0
2021-06-25 14:45:32.313,25634.0
2021-06-25 14:45:32.318,25130.0
2021-06-25 14:45:32.323,24026.0
2021-06-25 14:45:32.328,24596.0
2021-06-25 14:45:32.333,25426.0
2021-06-25 14:45:32.338,24940.0
2021-06-25 14:45:32.343,25526.0
2021-06-25 14:45:32.348,27512.0
2021-06-25 14:45:32.353,24900.0
2021-06-25 14:45:32.358,26480.0
2021-06-25 14:45:32.363,26322.0
2021-06-25 14:45:32.369,24010.0
2021-06-25 14:45:32.373,24488.0
2021-06-25 14:45:32.378,24164.0
2021-06-25 14:45:32.383,26562.0
2021-06-25 14:45:32.388,24688.0
2021-06-25 14:45:32.393,25380.0
2021-06-25 14:45:32.398,27636.0
2021-06-25 14:45:32.403,25008.0
2021-06-25 14:45:32.408,26850.0
2021-06-25 14:45:32.413,25786.0
2021-06-25 14:45:32.418,26696.0
2021-06-25 14:45:32.423,24852.0
2021-06-25 14:45:32.428,26516.0
2021-06-25 14:45:32.433,24664.0
2021-06-25 14:45:32.438,25462.0
2021-06-25 14:45:32.443,24818.0
2021-06-25 14:45:32.448,25690.0
2021-06-25 14:45:32.453,26178.0
2021-06-25 14:45:32.458,26562.0
2021-06-25 14:45:32.463,25766.0
2021-06-25 14:45:32.468,24652.0
2021-06-25 14:45:32.473,24914.0
2021-06-25 14:45:32.478,26142.0
2021-06-25 14:45:32.483,24186.0
2021-06-25 14:45:32.488,25136.0
2021-06-25 14:45:32.493,25704.0
2021-06-25 14:45:32.498,26448.0
2021-06-25 14:45:32.503,26422.0
2021-06-25 14:45:32.508,25536.0
2021-06-25 14:45:32.513,24954.0
2021-06-25 14:45:32.518,24954.0
2021-06-25 14:45:32.523,26110.0
2021-06-25 14:45:32.528,24184.0
2021-06-25 14:45:32.533,25320.0
2021-06-25 14:45:32.538,24530.0
2021-06-25 14:45:32.543,24872.0
2021-06-25 14:45:32.548,27864.0
2021-06-25 14:45:32.553,24816.0
2021-06-25 14:45:32.558,26372.0
2021-06-25 14:45:32.563,26002.0
2021-06-25 14:45:32.568,24996.0
2021-06-25 14:45:32.573,26332.0
2021-06-25 14:45:32.578,24226.0
2021-06-25 14:45:32.583,25704.0
2021-06-25 14:45:32.588,25582.0
2021-06-25 14:45:32.593,24750.0
2021-06-25 14:45:32.598,26940.0
2021-06-25 14:45:32.603,25658.0
2021-06-25 14:45:32.608,26690.0
2021-06-25 14:45:32.613,26152.0
2021-06-25 14:45:32.618,25124.0
2021-06-25 14:45:32.623,24822.0
2021-06-25 14:45:32.628,24612.0
2021-06-25 14:45:32.633,25054.0
2021-06-25 14:45:32.638,26392.0
2021-06-25 14:45:32.643,25308.0
2021-06-25 14:45:32.648,25468.0
2021-06-25 14:45:32.653,24534.0
2021-06-25 14:45:32.658,26598.0
2021-06-25 14:45:32.663,26146.0
2021-06-25 14:45:32.668,25336.0
2021-06-25 14:45:32.673,26248.0
2021-06-25 14:45:32.678,24530.0
2021-06-25 14:45:32.683,26828.0
2021-06-25 14:45:32.688,27754.0
2021-06-25 14:45:32.693,26304.0
2021-06-25 14:45:32.698,26858.0
2021-06-25 14:45:32.703,28328.0
2021-06-25 14:45:32.708,29810.0
2021-06-25 14:45:32.713,29278.0
2021-06-25 14:45:32.718,27758.0
2021-06-25 14:45:32.723,28214.0
2021-06-25 14:45:32.728,27266.0
2021-06-25 14:45:32.733,26052.0
2021-06-25 14:45:32.738,28352.0
2021-06-25 14:45:32.743,27742.0
2021-06-25 14:45:32.748,26704.0
2021-06-25 14:45:32.753,26520.0
2021-06-25 14:45:32.758,26648.0
2021-06-25 14:45:32.763,30698.0
2021-06-25 14:45:32.768,27926.0
2021-06-25 14:45:32.773,27946.0
2021-06-25 14:45:32.778,26994.0
2021-06-25 14:45:32.783,27918.0
2021-06-25 14:45:32.788,26946.0
2021-06-25 14:45:32.793,27634.0
2021-06-25 14:45:32.798,27532.0
2021-06-25 14:45:32.803,28626.0
2021-06-25 14:45:32.808,28712.0
2021-06-25 14:45:32.813,27276.0
2021-06-25 14:45:32.818,28388.0
2021-06-25 14:45:32.823,26670.0
2021-06-25 14:45:32.828,29032.0
2021-06-25 14:45:32.833,26566.0
2021-06-25 14:45:32.839,28948.0
2021-06-25 14:45:32.843,28272.0
2021-06-25 14:45:32.848,28732.0
2021-06-25 14:45:32.853,26694.0
2021-06-25 14:45:32.858,28574.0
2021-06-25 14:45:32.863,28994.0
2021-06-25 14:45:32.868,27358.0
2021-06-25 14:45:32.873,27402.0
2021-06-25 14:45:32.878,26912.0
2021-06-25 14:45:32.883,26670.0
2021-06-25 14:45:32.888,26558.0
2021-06-25 14:45:32.893,29730.0
2021-06-25 14:45:32.898,28634.0
2021-06-25 14:45:32.903,30114.0
2021-06-25 14:45:32.908,30356.0
2021-06-25 14:45:32.913,28292.0
2021-06-25 14:45:32.918,24452.0
2021-06-25 14:45:32.924,26726.0
2021-06-25 14:45:32.928,26088.0
2021-06-25 14:45:32.933,24580.0
2021-06-25 14:45:32.938,24780.0
2021-06-25 14:45:32.943,26064.0
2021-06-25 14:45:32.948,25924.0
2021-06-25 14:45:32.953,25232.0
2021-06-25 14:45:32.958,26438.0
2021-06-25 14:45:32.963,26106.0
2021-06-25 14:45:32.968,26658.0
2021-06-25 14:45:32.973,24010.0
2021-06-25 14:45:32.978,24448.0
2021-06-25 14:45:32.983,26264.0
2021-06-25 14:45:32.988,25550.0
2021-06-25 14:45:32.993,25736.0
2021-06-25 14:45:32.998,25100.0
2021-06-25 14:45:33.003,27362.0
2021-06-25 14:45:33.009,27238.0
2021-06-25 14:45:33.013,26080.0
2021-06-25 14:45:33.018,25514.0
2021-06-25 14:45:33.023,24274.0
2021-06-25 14:45:33.028,25356.0
2021-06-25 14:45:33.033,26156.0
2021-06-25 14:45:33.038,25546.0
2021-06-25 14:45:33.043,25852.0
2021-06-25 14:45:33.048,25470.0
2021-06-25 14:45:33.053,25498.0
2021-06-25 14:45:33.058,26866.0
2021-06-25 14:45:33.063,28686.0
2021-06-25 14:45:33.068,27054.0
2021-06-25 14:45:33.073,25926.0
2021-06-25 14:45:33.078,25596.0
2021-06-25 14:45:33.083,26504.0
2021-06-25 14:45:33.088,28440.0
2021-06-25 14:45:33.093,27126.0
2021-06-25 14:45:33.098,25268.0
2021-06-25 14:45:33.103,25750.0
2021-06-25 14:45:33.108,28634.0
2021-06-25 14:45:33.113,25972.0
2021-06-25 14:45:33.118,26044.0
2021-06-25 14:45:33.123,26268.0
2021-06-25 14:45:33.128,24736.0
2021-06-25 14:45:33.133,25280.0
2021-06-25 14:45:33.138,26084.0
2021-06-25 14:45:33.143,25252.0
2021-06-25 14:45:33.148,25094.0
2021-06-25 14:45:33.153,25462.0
2021-06-25 14:45:33.158,26392.0
2021-06-25 14:45:33.163,24766.0
2021-06-25 14:45:33.168,24428.0
2021-06-25 14:45:33.173,24964.0
2021-06-25 14:45:33.178,26696.0
2021-06-25 14:45:33.183,26480.0
2021-06-25 14:45:33.188,25854.0
2021-06-25 14:45:33.193,26696.0
2021-06-25 14:45:33.198,25724.0
2021-06-25 14:45:33.203,27454.0
2021-06-25 14:45:33.208,27486.0
2021-06-25 14:45:33.213,26632.0
2021-06-25 14:45:33.218,24740.0
2021-06-25 14:45:33.223,27130.0
2021-06-25 14:45:33.228,24910.0
2021-06-25 14:45:33.233,25664.0
2021-06-25 14:45:33.238,24406.0
2021-06-25 14:45:33.243,26474.0
2021-06-25 14:45:33.248,25088.0
2021-06-25 14:45:33.253,26668.0
2021-06-25 14:45:33.258,26290.0
2021-06-25 14:45:33.263,24508.0
2021-06-25 14:45:33.268,25124.0
2021-06-25 14:45:33.273,25806.0
2021-06-25 14:45:33.278,25114.0
2021-06-25 14:45:33.283,25084.0
2021-06-25 14:45:33.288,25786.0
2021-06-25 14:45:33.293,25432.0
2021-06-25 14:45:33.298,25788.0
2021-06-25 14:45:33.303,25012.0
2021-06-25 14:45:33.308,24278.0
2021-06-25 14:45:33.313,28452.0
2021-06-25 14:45:33.318,25930.0
2021-06-25 14:45:33.323,25570.0
2021-06-25 14:45:33.328,25000.0
2021-06-25 14:45:33.333,26602.0
2021-06-25 14:45:33.338,24458.0
2021-06-25 14:45:33.343,25172.0
2021-06-25 14:45:33.348,27132.0
2021-06-25 14:45:33.353,26602.0
2021-06-25 14:45:33.358,24494.0
2021-06-25 14:45:33.363,27470.0
2021-06-25 14:45:33.368,24478.0
2021-06-25 14:45:33.373,26568.0
2021-06-25 14:45:33.378,24914.0
2021-06-25 14:45:33.383,25664.0
2021-06-25 14:45:33.388,25264.0
2021-06-25 14:45:33.393,24592.0
2021-06-25 14:45:33.398,25742.0
2021-06-25 14:45:33.403,25972.0
2021-06-25 14:45:33.408,26270.0
2021-06-25 14:45:33.413,26120.0
2021-06-25 14:45:33.418,25824.0
2021-06-25 14:45:33.423,26978.0
2021-06-25 14:45:33.428,24472.0
2021-06-25 14:45:33.433,24970.0
2021-06-25 14:45:33.438,24760.0
2021-06-25 14:45:33.443,25868.0
2021-06-25 14:45:33.448,26828.0
2021-06-25 14:45:33.453,27502.0
2021-06-25 14:45:33.458,24524.0
2021-06-25 14:45:33.463,26704.0
2021-06-25 14:45:33.468,25340.0
2021-06-25 14:45:33.473,24664.0
2021-06-25 14:45:33.479,24068.0
2021-06-25 14:45:33.483,25960.0
2021-06-25 14:45:33.488,24890.0
2021-06-25 14:45:33.493,26166.0
2021-06-25 14:45:33.498,24770.0
2021-06-25 14:45:33.503,27424.0
2021-06-25 14:45:33.508,25036.0
2021-06-25 14:45:33.513,26322.0
2021-06-25 14:45:33.518,26182.0
2021-06-25 14:45:33.523,27338.0
2021-06-25 14:45:33.528,24190.0
2021-06-25 14:45:33.533,24194.0
2021-06-25 14:45:33.538,25254.0
2021-06-25 14:45:33.543,26132.0
2021-06-25 14:45:33.548,25326.0
2021-06-25 14:45:33.553,26284.0
2021-06-25 14:45:33.558,24448.0
2021-06-25 14:45:33.564,25966.0
2021-06-25 14:45:33.568,25734.0
2021-06-25 14:45:33.573,26296.0
2021-06-25 14:45:33.578,26022.0
2021-06-25 14:45:33.583,24468.0
2021-06-25 14:45:33.588,25176.0
2021-06-25 14:45:33.593,24734.0
2021-06-25 14:45:33.598,27064.0
2021-06-25 14:45:33.603,29112.0
2021-06-25 14:45:33.608,27066.0
2021-06-25 14:45:33.613,27482.0
2021-06-25 14:45:33.618,26614.0
2021-06-25 14:45:33.623,25762.0
2021-06-25 14:45:33.628,25888.0
2021-06-25 14:45:33.633,24504.0
2021-06-25 14:45:33.638,25288.0
2021-06-25 14:45:33.643,25796.0
2021-06-25 14:45:33.649,27958.0
2021-06-25 14:45:33.653,25550.0
2021-06-25 14:45:33.658,26160.0
2021-06-25 14:45:33.663,26864.0
2021-06-25 14:45:33.668,26242.0
2021-06-25 14:45:33.673,26432.0
2021-06-25 14:45:33.678,24230.0
2021-06-25 14:45:33.683,23852.0
2021-06-25 14:45:33.688,26278.0
2021-06-25 14:45:33.693,25700.0
2021-06-25 14:45:33.698,24910.0
2021-06-25 14:45:33.703,25120.0
2021-06-25 14:45:33.708,26628.0
2021-06-25 14:45:33.713,26332.0
2021-06-25 14:45:33.718,24636.0
2021-06-25 14:45:33.723,25048.0
2021-06-25 14:45:33.728,26222.0
2021-06-25 14:45:33.733,24130.0
2021-06-25 14:45:33.738,25442.0
2021-06-25 14:45:33.743,26012.0
2021-06-25 14:45:33.748,26116.0
2021-06-25 14:45:33.753,26874.0
2021-06-25 14:45:33.758,28610.0
2021-06-25 14:45:33.763,25470.0
2021-06-25 14:45:33.768,25596.0
2021-06-25 14:45:33.773,28082.0
2021-06-25 14:45:33.778,26196.0
2021-06-25 14:45:33.783,27374.0
2021-06-25 14:45:33.788,24176.0
2021-06-25 14:45:33.793,29390.0
